method,n_files,rmse_cm_mean,rmse_cm_std,mae_cm_mean,pearson_r_mean,r2_mean,amp_error_cm_mean,offset_error_cm_mean,lag_seconds_mean,improvement_vs_linear_pct
dl_residual,8,2.115805961924102,0.9202955985954231,1.7872124691571676,0.7498806850126051,0.3460918401881536,2.656432999414392,0.9282353433991919,0.018749713897705078,-5.256300891220666
linear_baseline,8,2.010146607860299,0.9028391330785316,1.6953456634658814,0.784080277600365,0.41537749857550077,2.7460476268315688,0.8029429837087796,0.016666412353515625,
raw_smart,8,3.2330765759682842,0.6987469928624545,2.8183955226057615,0.7840802777218026,-0.540149302247654,2.7648829859681427,2.5406197912976536,0.016666412353515625,
