{
  "selected_at": "2026-06-25T16:03:36",
  "selection_criterion": "composite_score (MAE + std + bias + slope + RMSE/RMS por janela)",
  "target_mode": "curve",
  "config_id": "stab_tcn_9d3ea2d0",
  "source": "stability",
  "model_type": "tcn",
  "window_seconds": 2.5,
  "stride_seconds": 0.25,
  "learning_rate": 0.001,
  "dropout": 0.1,
  "loss": "mse",
  "batch_size": 16,
  "weight_decay": 0.0001,
  "max_epochs": 300,
  "patience": 30,
  "min_delta": 0.0001,
  "best_epoch_by_fold": [
    18,
    25,
    42,
    8,
    30,
    1,
    36,
    21,
    5,
    3,
    5,
    12,
    23,
    23,
    9,
    1,
    11,
    31,
    33
  ],
  "best_epoch_mean": 17.736842105263158,
  "best_epoch_median": 18.0,
  "best_epoch_p75": 27,
  "final_epochs_p75": 27,
  "mae_mean_cm": 1.1428059912180757,
  "mae_std_cm": 0.18000572119624225,
  "rmse_mean_cm": 1.4571753326599777,
  "rmse_std_cm": 0.22248029100776048,
  "rms_mean_cm": 1.4571753326599777,
  "r2_mean": 0.7018243499583143,
  "bias_cm": -0.025324317116189352,
  "proportional_bias_slope": -0.18463600992146179,
  "composite_score": 1.3572935723669537,
  "seeds_used": [
    7,
    42,
    123,
    2026,
    3407,
    7,
    42,
    123,
    2026,
    3407,
    7,
    42,
    123,
    2026,
    3407,
    7,
    42,
    123,
    2026,
    3407,
    7,
    42,
    123,
    2026,
    3407
  ],
  "backend": "directml",
  "experiment": {
    "model_type": "tcn",
    "window_seconds": 2.5,
    "stride_seconds": 0.25,
    "window_samples": 150,
    "stride_samples": 15,
    "target_mode": "curve",
    "sampling_hz": 60.0
  },
  "training": {
    "loss": "mse",
    "learning_rate": 0.001,
    "weight_decay": 0.0001,
    "huber_delta": 1.0,
    "batch_size": 16,
    "max_epochs": 300,
    "patience": 30,
    "min_delta": 0.0001,
    "dropout": 0.1,
    "num_workers": 6,
    "pin_memory": false,
    "use_amp": false
  },
  "per_fold_best_epochs": [
    18,
    25,
    42,
    8,
    30,
    1,
    36,
    21,
    5,
    3,
    5,
    12,
    23,
    23,
    9,
    1,
    11,
    31,
    33
  ]
}