epoch,train_loss,val_loss,val_rmse_cm,epoch_time_s,elapsed_s,eta_s,lr
1,1.0382915139198303,1.0867574214935303,2.135994791984558,0.730444599990733,0.730444599990733,13.878447399823926,0.001
2,1.042395063808986,1.0867574214935303,2.135994791984558,0.3393898999784142,1.0698344999691471,9.628510499722324,0.001
3,1.0389491489955358,1.0867574214935303,2.135994791984558,0.3140123999910429,1.38384689996019,7.841799099774411,0.001
4,1.0400850858007158,1.0867574214935303,2.135994791984558,0.3160288999788463,1.6998757999390364,6.7995031997561455,0.001
5,1.0385016884122575,1.0867574214935303,2.135994791984558,0.31223869998939335,2.0121144999284297,6.036343499785289,0.001
6,1.0435258150100708,1.0867574214935303,2.135994791984558,0.3051574999699369,2.3172719998983666,5.4069679997628555,0.001
7,1.0405906864574976,1.0867574214935303,2.135994791984558,0.3129043000517413,2.630176299950108,4.8846131284787715,0.001
8,1.0351956657000951,1.0867574214935303,2.135994791984558,0.3074729999061674,2.9376492998562753,4.406473949784413,0.001
9,1.0412910410336085,1.0867574214935303,2.135994791984558,0.31885759998112917,3.2565068998374045,3.980175099801272,0.001
