{
  "fold_name": "loso_val_03",
  "val_subject_id": "03",
  "train_subject_ids": [
    "02",
    "08",
    "09",
    "12",
    "13",
    "14",
    "15",
    "16",
    "17",
    "18",
    "19",
    "20",
    "21",
    "22",
    "25",
    "27",
    "28",
    "29"
  ],
  "best_epoch": 8,
  "best_val_loss": 0.15275794360786676,
  "best_val_metrics": {
    "mae": 0.2933036185163742,
    "rmse": 0.37991043257248425,
    "rms": 0.37991043257248425,
    "r2": 0.8809580684832119,
    "bias": -0.04569403453215169,
    "mape_pct": 60.40094528177452,
    "n_samples": 18450
  },
  "n_epochs_ran": 38,
  "stop_reason": "early_stopping",
  "model_type": "tcn",
  "loss": "mse",
  "learning_rate": 0.001,
  "dropout": 0.1
}