{
  "fold_name": "loso_val_15",
  "val_subject_id": "15",
  "train_subject_ids": [
    "02",
    "03",
    "08",
    "09",
    "12",
    "13",
    "14",
    "16",
    "17",
    "18",
    "19",
    "20",
    "21",
    "22",
    "25",
    "27",
    "28",
    "29"
  ],
  "best_epoch": 18,
  "best_val_loss": 0.49260637164115906,
  "best_val_metrics": {
    "mae": 0.9124504647184766,
    "rmse": 1.225308140041911,
    "rms": 1.225308140041911,
    "r2": -0.08650214593526218,
    "bias": -0.7295384864101769,
    "mape_pct": 109.51351379600942,
    "n_samples": 3960
  },
  "n_epochs_ran": 48,
  "stop_reason": "early_stopping",
  "model_type": "tcn",
  "loss": "huber",
  "learning_rate": 0.001,
  "dropout": 0.1
}