{
  "fold_name": "loso_val_09",
  "val_subject_id": "09",
  "train_subject_ids": [
    "02",
    "03",
    "08",
    "12",
    "13",
    "14",
    "15",
    "16",
    "17",
    "18",
    "19",
    "20",
    "21",
    "22",
    "25",
    "27",
    "28",
    "29"
  ],
  "best_epoch": 1,
  "best_val_loss": 0.12178105115890503,
  "best_val_metrics": {
    "mae": 0.40160382960223867,
    "rmse": 0.48216825134810926,
    "rms": 0.48216825134810926,
    "r2": 0.661013261775266,
    "bias": 0.2877972137608985,
    "mape_pct": 179.0132852557121,
    "n_samples": 14160
  },
  "n_epochs_ran": 31,
  "stop_reason": "early_stopping",
  "model_type": "cnn1d",
  "loss": "huber",
  "learning_rate": 0.0005,
  "dropout": 0.2
}