{
  "fold_name": "loso_val_15",
  "val_subject_id": "15",
  "train_subject_ids": [
    "02",
    "03",
    "08",
    "09",
    "12",
    "13",
    "14",
    "16",
    "17",
    "18",
    "19",
    "20",
    "21",
    "22",
    "25",
    "27",
    "28",
    "29"
  ],
  "best_epoch": 16,
  "best_val_loss": 0.5026441812515259,
  "best_val_metrics": {
    "mae": 0.9413665925331339,
    "rmse": 1.224023709856237,
    "rms": 1.224023709856237,
    "r2": -0.06677272418147284,
    "bias": -0.73797938056864,
    "mape_pct": 107.11713724395318,
    "n_samples": 3960
  },
  "n_epochs_ran": 46,
  "stop_reason": "early_stopping",
  "model_type": "tcn",
  "loss": "huber",
  "learning_rate": 0.0005,
  "dropout": 0.2
}