{
  "fold_name": "loso_val_09",
  "val_subject_id": "09",
  "train_subject_ids": [
    "02",
    "03",
    "08",
    "12",
    "13",
    "14",
    "15",
    "16",
    "17",
    "18",
    "19",
    "20",
    "21",
    "22",
    "25",
    "27",
    "28",
    "29"
  ],
  "best_epoch": 1,
  "best_val_loss": 0.20323941111564636,
  "best_val_metrics": {
    "mae": 0.4574326644000724,
    "rmse": 0.5772445236963727,
    "rms": 0.5772445236963727,
    "r2": 0.4953638594973283,
    "bias": 0.011799740428493048,
    "mape_pct": 179.37679934278654,
    "n_samples": 1980
  },
  "n_epochs_ran": 31,
  "stop_reason": "early_stopping",
  "model_type": "cnn1d",
  "loss": "huber",
  "learning_rate": 0.0005,
  "dropout": 0.1
}