{
  "fold_name": "loso_val_12",
  "val_subject_id": "12",
  "train_subject_ids": [
    "02",
    "03",
    "08",
    "09",
    "13",
    "14",
    "15",
    "16",
    "17",
    "18",
    "19",
    "20",
    "21",
    "22",
    "25",
    "27",
    "28",
    "29"
  ],
  "best_epoch": 41,
  "best_val_loss": 0.05249902606010437,
  "best_val_metrics": {
    "mae": 0.25038476082354166,
    "rmse": 0.32066444311680914,
    "rms": 0.32066444311680914,
    "r2": 0.7653246824831932,
    "bias": -0.08204722398533575,
    "mape_pct": 234.0190086524518,
    "n_samples": 7320
  },
  "n_epochs_ran": 71,
  "stop_reason": "early_stopping",
  "model_type": "cnn1d",
  "loss": "huber",
  "learning_rate": 0.0005,
  "dropout": 0.2
}