{
  "fold_name": "loso_val_19",
  "val_subject_id": "19",
  "train_subject_ids": [
    "02",
    "03",
    "08",
    "09",
    "12",
    "13",
    "14",
    "15",
    "16",
    "17",
    "18",
    "20",
    "21",
    "22",
    "25",
    "27",
    "28",
    "29"
  ],
  "best_epoch": 25,
  "best_val_loss": 0.2139456383883953,
  "best_val_metrics": {
    "mae": 0.5117621420881657,
    "rmse": 0.6658420346671358,
    "rms": 0.6658420346671358,
    "r2": 0.5626341883028765,
    "bias": 0.07898389119797795,
    "mape_pct": 96.21397260551564,
    "n_samples": 18900
  },
  "n_epochs_ran": 55,
  "stop_reason": "early_stopping",
  "model_type": "tcn",
  "loss": "huber",
  "learning_rate": 0.001,
  "dropout": 0.1
}