{
  "fold_name": "loso_val_08",
  "val_subject_id": "08",
  "train_subject_ids": [
    "02",
    "03",
    "09",
    "12",
    "13",
    "14",
    "15",
    "16",
    "17",
    "18",
    "19",
    "20",
    "21",
    "22",
    "25",
    "27",
    "28",
    "29"
  ],
  "best_epoch": 28,
  "best_val_loss": 0.0813654474914074,
  "best_val_metrics": {
    "mae": 0.31007546133409186,
    "rmse": 0.4058630894750072,
    "rms": 0.4058630894750072,
    "r2": 0.8123466084458344,
    "bias": -0.12136699107445396,
    "mape_pct": 117.0041777640792,
    "n_samples": 10800
  },
  "n_epochs_ran": 58,
  "stop_reason": "early_stopping",
  "model_type": "cnn1d",
  "loss": "huber",
  "learning_rate": 0.0005,
  "dropout": 0.1
}