{
  "fold_name": "loso_val_15",
  "val_subject_id": "15",
  "train_subject_ids": [
    "02",
    "03",
    "08",
    "09",
    "12",
    "13",
    "14",
    "16",
    "17",
    "18",
    "19",
    "20",
    "21",
    "22",
    "25",
    "27",
    "28",
    "29"
  ],
  "best_epoch": 7,
  "best_val_loss": 0.5428379476070404,
  "best_val_metrics": {
    "mae": 0.8617968703722799,
    "rmse": 1.2080367227092896,
    "rms": 1.2080367227092896,
    "r2": 0.02160865681364088,
    "bias": -0.6462795539492658,
    "mape_pct": 108.70050611719306,
    "n_samples": 19050
  },
  "n_epochs_ran": 37,
  "stop_reason": "early_stopping",
  "model_type": "tcn",
  "loss": "huber",
  "learning_rate": 0.001,
  "dropout": 0.1
}