{
  "fold_name": "loso_val_16",
  "val_subject_id": "16",
  "train_subject_ids": [
    "02",
    "03",
    "08",
    "09",
    "12",
    "13",
    "14",
    "15",
    "17",
    "18",
    "19",
    "20",
    "21",
    "22",
    "25",
    "27",
    "28",
    "29"
  ],
  "best_epoch": 19,
  "best_val_loss": 0.07979330141097307,
  "best_val_metrics": {
    "mae": 0.25803166875288314,
    "rmse": 0.38361572477311684,
    "rms": 0.38361572477311684,
    "r2": 0.6814687159346409,
    "bias": 0.026190071234007364,
    "mape_pct": 97.61129933578168,
    "n_samples": 17850
  },
  "n_epochs_ran": 49,
  "stop_reason": "early_stopping",
  "model_type": "tcn",
  "loss": "huber",
  "learning_rate": 0.001,
  "dropout": 0.1
}