{
  "fold_name": "loso_val_03",
  "val_subject_id": "03",
  "train_subject_ids": [
    "02",
    "08",
    "09",
    "12",
    "13",
    "14",
    "15",
    "16",
    "17",
    "18",
    "19",
    "20",
    "21",
    "22",
    "25",
    "27",
    "28",
    "29"
  ],
  "best_epoch": 10,
  "best_val_loss": 0.07505573332309723,
  "best_val_metrics": {
    "mae": 0.30915043843924644,
    "rmse": 0.386890366204507,
    "rms": 0.386890366204507,
    "r2": 0.8828093968781486,
    "bias": -0.04479768898973513,
    "mape_pct": 73.17796829351077,
    "n_samples": 7200
  },
  "n_epochs_ran": 40,
  "stop_reason": "early_stopping",
  "model_type": "cnn1d",
  "loss": "huber",
  "learning_rate": 0.0005,
  "dropout": 0.2
}