{
  "fold_name": "loso_val_25",
  "val_subject_id": "25",
  "train_subject_ids": [
    "02",
    "03",
    "08",
    "09",
    "12",
    "13",
    "14",
    "15",
    "16",
    "17",
    "18",
    "19",
    "20",
    "21",
    "22",
    "27",
    "28",
    "29"
  ],
  "best_epoch": 15,
  "best_val_loss": 0.07884615287184715,
  "best_val_metrics": {
    "mae": 0.3929656457761537,
    "rmse": 0.46736394648278384,
    "rms": 0.46736394648278384,
    "r2": 0.5407061212822312,
    "bias": -0.056277333883300536,
    "mape_pct": 136.31184110133,
    "n_samples": 1980
  },
  "n_epochs_ran": 45,
  "stop_reason": "early_stopping",
  "model_type": "tcn",
  "loss": "huber",
  "learning_rate": 0.001,
  "dropout": 0.2
}