{
  "fold_name": "loso_val_22",
  "val_subject_id": "22",
  "train_subject_ids": [
    "02",
    "03",
    "08",
    "09",
    "12",
    "13",
    "14",
    "15",
    "16",
    "17",
    "18",
    "19",
    "20",
    "21",
    "25",
    "27",
    "28",
    "29"
  ],
  "best_epoch": 14,
  "best_val_loss": 0.039202237501740456,
  "best_val_metrics": {
    "mae": 0.2074984629316229,
    "rmse": 0.2724524759523623,
    "rms": 0.2724524759523623,
    "r2": 0.8565719481698402,
    "bias": -0.12686067431943437,
    "mape_pct": 666.8141430370982,
    "n_samples": 18450
  },
  "n_epochs_ran": 44,
  "stop_reason": "early_stopping",
  "model_type": "tcn",
  "loss": "huber",
  "learning_rate": 0.001,
  "dropout": 0.1
}