{
  "fold_name": "loso_val_02",
  "val_subject_id": "02",
  "train_subject_ids": [
    "03",
    "08",
    "09",
    "12",
    "13",
    "14",
    "15",
    "16",
    "17",
    "18",
    "19",
    "20",
    "21",
    "22",
    "25",
    "27",
    "28",
    "29"
  ],
  "best_epoch": 26,
  "best_val_loss": 0.09244628995656967,
  "best_val_metrics": {
    "mae": 0.34264976821392945,
    "rmse": 0.41475811446466104,
    "rms": 0.41475811446466104,
    "r2": 0.7088543428713369,
    "bias": 0.29675052796783347,
    "mape_pct": 199.86986658755842,
    "n_samples": 7680
  },
  "n_epochs_ran": 56,
  "stop_reason": "early_stopping",
  "model_type": "cnn1d",
  "loss": "huber",
  "learning_rate": 0.001,
  "dropout": 0.2
}