{
  "fold_name": "loso_val_17",
  "val_subject_id": "17",
  "train_subject_ids": [
    "02",
    "03",
    "08",
    "09",
    "12",
    "13",
    "14",
    "15",
    "16",
    "18",
    "19",
    "20",
    "21",
    "22",
    "25",
    "27",
    "28",
    "29"
  ],
  "best_epoch": 26,
  "best_val_loss": 0.0658853854984045,
  "best_val_metrics": {
    "mae": 0.2673172157003381,
    "rmse": 0.3542694646164809,
    "rms": 0.3542694646164809,
    "r2": 0.8127569741787508,
    "bias": -0.2052796637287752,
    "mape_pct": 81.91846821613578,
    "n_samples": 18150
  },
  "n_epochs_ran": 56,
  "stop_reason": "early_stopping",
  "model_type": "tcn",
  "loss": "huber",
  "learning_rate": 0.001,
  "dropout": 0.1
}