{
  "fold_name": "loso_val_12",
  "val_subject_id": "12",
  "train_subject_ids": [
    "02",
    "03",
    "08",
    "09",
    "13",
    "14",
    "15",
    "16",
    "17",
    "18",
    "19",
    "20",
    "21",
    "22",
    "25",
    "27",
    "28",
    "29"
  ],
  "best_epoch": 48,
  "best_val_loss": 0.07498357445001602,
  "best_val_metrics": {
    "mae": 0.29415365731140525,
    "rmse": 0.3802287074218126,
    "rms": 0.3802287074218126,
    "r2": 0.6666987671142813,
    "bias": -0.009915004649073743,
    "mape_pct": 264.0652999231229,
    "n_samples": 3720
  },
  "n_epochs_ran": 78,
  "stop_reason": "early_stopping",
  "model_type": "cnn1d",
  "loss": "huber",
  "learning_rate": 0.0005,
  "dropout": 0.1
}