{
  "fold_name": "loso_val_13",
  "val_subject_id": "13",
  "train_subject_ids": [
    "02",
    "03",
    "08",
    "09",
    "12",
    "14",
    "15",
    "16",
    "17",
    "18",
    "19",
    "20",
    "21",
    "22",
    "25",
    "27",
    "28",
    "29"
  ],
  "best_epoch": 9,
  "best_val_loss": 0.22988134622573853,
  "best_val_metrics": {
    "mae": 0.5477723096574362,
    "rmse": 0.684148155290438,
    "rms": 0.684148155290438,
    "r2": 0.6972549167758977,
    "bias": -0.3384023435471439,
    "mape_pct": 317.20549832543213,
    "n_samples": 3840
  },
  "n_epochs_ran": 39,
  "stop_reason": "early_stopping",
  "model_type": "tcn",
  "loss": "huber",
  "learning_rate": 0.0005,
  "dropout": 0.2
}