{
  "fold_name": "loso_val_27",
  "val_subject_id": "27",
  "train_subject_ids": [
    "02",
    "03",
    "08",
    "09",
    "12",
    "13",
    "14",
    "15",
    "16",
    "17",
    "18",
    "19",
    "20",
    "21",
    "22",
    "25",
    "28",
    "29"
  ],
  "best_epoch": 16,
  "best_val_loss": 0.11365632712841034,
  "best_val_metrics": {
    "mae": 0.3551628961915341,
    "rmse": 0.47090522637968424,
    "rms": 0.47090522637968424,
    "r2": 0.7592655607344097,
    "bias": -0.2198056229966804,
    "mape_pct": 219.433335947213,
    "n_samples": 18600
  },
  "n_epochs_ran": 46,
  "stop_reason": "early_stopping",
  "model_type": "tcn",
  "loss": "huber",
  "learning_rate": 0.001,
  "dropout": 0.1
}