{
  "fold_name": "loso_val_20",
  "val_subject_id": "20",
  "train_subject_ids": [
    "02",
    "03",
    "08",
    "09",
    "12",
    "13",
    "14",
    "15",
    "16",
    "17",
    "18",
    "19",
    "21",
    "22",
    "25",
    "27",
    "28",
    "29"
  ],
  "best_epoch": 15,
  "best_val_loss": 0.1111079752445221,
  "best_val_metrics": {
    "mae": 0.22374894967904477,
    "rmse": 0.3095052054002256,
    "rms": 0.3095052054002256,
    "r2": 0.8535027102198195,
    "bias": 0.025171646884797762,
    "mape_pct": 117.78733185335155,
    "n_samples": 18300
  },
  "n_epochs_ran": 45,
  "stop_reason": "early_stopping",
  "model_type": "tcn",
  "loss": "mse",
  "learning_rate": 0.001,
  "dropout": 0.1
}