{
  "fold_name": "loso_val_14",
  "val_subject_id": "14",
  "train_subject_ids": [
    "02",
    "03",
    "08",
    "09",
    "12",
    "13",
    "15",
    "16",
    "17",
    "18",
    "19",
    "20",
    "21",
    "22",
    "25",
    "27",
    "28",
    "29"
  ],
  "best_epoch": 36,
  "best_val_loss": 0.46989942259258694,
  "best_val_metrics": {
    "mae": 0.8654033025704244,
    "rmse": 0.947000279910011,
    "rms": 0.947000279910011,
    "r2": 0.20201718320598172,
    "bias": 0.8207348683183116,
    "mape_pct": 236.3696484271236,
    "n_samples": 20550
  },
  "n_epochs_ran": 66,
  "stop_reason": "early_stopping",
  "model_type": "tcn",
  "loss": "huber",
  "learning_rate": 0.001,
  "dropout": 0.1
}