{
  "fold_name": "loso_val_12",
  "val_subject_id": "12",
  "train_subject_ids": [
    "02",
    "03",
    "08",
    "09",
    "13",
    "14",
    "15",
    "16",
    "17",
    "18",
    "19",
    "20",
    "21",
    "22",
    "25",
    "27",
    "28",
    "29"
  ],
  "best_epoch": 33,
  "best_val_loss": 0.0719340592622757,
  "best_val_metrics": {
    "mae": 0.29358433279764423,
    "rmse": 0.3710663326415517,
    "rms": 0.3710663326415517,
    "r2": 0.6787550981085013,
    "bias": -0.06276905453280686,
    "mape_pct": 246.79175695445363,
    "n_samples": 3780
  },
  "n_epochs_ran": 63,
  "stop_reason": "early_stopping",
  "model_type": "cnn1d",
  "loss": "huber",
  "learning_rate": 0.001,
  "dropout": 0.2
}