{
  "fold_name": "loso_val_02",
  "val_subject_id": "02",
  "train_subject_ids": [
    "03",
    "08",
    "09",
    "12",
    "13",
    "14",
    "15",
    "16",
    "17",
    "18",
    "19",
    "20",
    "21",
    "22",
    "25",
    "27",
    "28",
    "29"
  ],
  "best_epoch": 11,
  "best_val_loss": 0.09303463250398636,
  "best_val_metrics": {
    "mae": 0.32075858994476225,
    "rmse": 0.4152777720412049,
    "rms": 0.4152777720412049,
    "r2": 0.7067660728507323,
    "bias": 0.1368082435076758,
    "mape_pct": 163.88749631721612,
    "n_samples": 3840
  },
  "n_epochs_ran": 41,
  "stop_reason": "early_stopping",
  "model_type": "tcn",
  "loss": "huber",
  "learning_rate": 0.001,
  "dropout": 0.1
}