{
  "fold_name": "loso_val_09",
  "val_subject_id": "09",
  "train_subject_ids": [
    "02",
    "03",
    "08",
    "12",
    "13",
    "14",
    "15",
    "16",
    "17",
    "18",
    "19",
    "20",
    "21",
    "22",
    "25",
    "27",
    "28",
    "29"
  ],
  "best_epoch": 12,
  "best_val_loss": 0.16308028995990753,
  "best_val_metrics": {
    "mae": 0.4931572621633071,
    "rmse": 0.5598217258512621,
    "rms": 0.5598217258512621,
    "r2": 0.5375313501331983,
    "bias": 0.4578509746922767,
    "mape_pct": 225.11133605551592,
    "n_samples": 3840
  },
  "n_epochs_ran": 42,
  "stop_reason": "early_stopping",
  "model_type": "tcn",
  "loss": "huber",
  "learning_rate": 0.001,
  "dropout": 0.2
}