{
  "fold_name": "loso_val_22",
  "val_subject_id": "22",
  "train_subject_ids": [
    "02",
    "03",
    "08",
    "09",
    "12",
    "13",
    "14",
    "15",
    "16",
    "17",
    "18",
    "19",
    "20",
    "21",
    "25",
    "27",
    "28",
    "29"
  ],
  "best_epoch": 22,
  "best_val_loss": 0.04500783421099186,
  "best_val_metrics": {
    "mae": 0.2359613165866527,
    "rmse": 0.2924977397447989,
    "rms": 0.2924977397447989,
    "r2": 0.834902120627227,
    "bias": -0.16441144160563292,
    "mape_pct": 681.967957023861,
    "n_samples": 18450
  },
  "n_epochs_ran": 52,
  "stop_reason": "early_stopping",
  "model_type": "tcn",
  "loss": "huber",
  "learning_rate": 0.001,
  "dropout": 0.1
}