{
  "fold_name": "loso_val_17",
  "val_subject_id": "17",
  "train_subject_ids": [
    "02",
    "03",
    "08",
    "09",
    "12",
    "13",
    "14",
    "15",
    "16",
    "18",
    "19",
    "20",
    "21",
    "22",
    "25",
    "27",
    "28",
    "29"
  ],
  "best_epoch": 16,
  "best_val_loss": 0.12738726288080215,
  "best_val_metrics": {
    "mae": 0.25441049513395186,
    "rmse": 0.3368878475172366,
    "rms": 0.3368878475172366,
    "r2": 0.8323980695177675,
    "bias": -0.14704988496674073,
    "mape_pct": 88.63190268227643,
    "n_samples": 18150
  },
  "n_epochs_ran": 46,
  "stop_reason": "early_stopping",
  "model_type": "tcn",
  "loss": "mse",
  "learning_rate": 0.001,
  "dropout": 0.1
}