{
  "fold_name": "loso_val_03",
  "val_subject_id": "03",
  "train_subject_ids": [
    "02",
    "08",
    "09",
    "12",
    "13",
    "14",
    "15",
    "16",
    "17",
    "18",
    "19",
    "20",
    "21",
    "22",
    "25",
    "27",
    "28",
    "29"
  ],
  "best_epoch": 20,
  "best_val_loss": 0.06790167838335037,
  "best_val_metrics": {
    "mae": 0.28149791618989184,
    "rmse": 0.3630448346084568,
    "rms": 0.3630448346084568,
    "r2": 0.892378178290776,
    "bias": 0.024609177037897705,
    "mape_pct": 67.10338403370669,
    "n_samples": 3840
  },
  "n_epochs_ran": 50,
  "stop_reason": "early_stopping",
  "model_type": "cnn1d",
  "loss": "huber",
  "learning_rate": 0.001,
  "dropout": 0.2
}