{
  "fold_name": "loso_val_22",
  "val_subject_id": "22",
  "train_subject_ids": [
    "02",
    "03",
    "08",
    "09",
    "12",
    "13",
    "14",
    "15",
    "16",
    "17",
    "18",
    "19",
    "20",
    "21",
    "25",
    "27",
    "28",
    "29"
  ],
  "best_epoch": 8,
  "best_val_loss": 0.08032522443681955,
  "best_val_metrics": {
    "mae": 0.21151822557486483,
    "rmse": 0.27481174307415784,
    "rms": 0.27481174307415784,
    "r2": 0.8532838984280448,
    "bias": -0.11327213708675157,
    "mape_pct": 633.9901214881124,
    "n_samples": 18450
  },
  "n_epochs_ran": 38,
  "stop_reason": "early_stopping",
  "model_type": "tcn",
  "loss": "mse",
  "learning_rate": 0.001,
  "dropout": 0.1
}