{
  "fold_name": "loso_val_27",
  "val_subject_id": "27",
  "train_subject_ids": [
    "02",
    "03",
    "08",
    "09",
    "12",
    "13",
    "14",
    "15",
    "16",
    "17",
    "18",
    "19",
    "20",
    "21",
    "22",
    "25",
    "28",
    "29"
  ],
  "best_epoch": 30,
  "best_val_loss": 0.22267647087574005,
  "best_val_metrics": {
    "mae": 0.3461649765463087,
    "rmse": 0.45582666079698536,
    "rms": 0.45582666079698536,
    "r2": 0.7717202867324434,
    "bias": -0.2556283503604373,
    "mape_pct": 227.58980118357468,
    "n_samples": 18600
  },
  "n_epochs_ran": 60,
  "stop_reason": "early_stopping",
  "model_type": "tcn",
  "loss": "mse",
  "learning_rate": 0.001,
  "dropout": 0.1
}