{
  "fold_name": "loso_val_03",
  "val_subject_id": "03",
  "train_subject_ids": [
    "02",
    "08",
    "09",
    "12",
    "13",
    "14",
    "15",
    "16",
    "17",
    "18",
    "19",
    "20",
    "21",
    "22",
    "25",
    "27",
    "28",
    "29"
  ],
  "best_epoch": 25,
  "best_val_loss": 0.07130726892501116,
  "best_val_metrics": {
    "mae": 0.28540980618540446,
    "rmse": 0.37183704842822746,
    "rms": 0.37183704842822746,
    "r2": 0.8851253567044648,
    "bias": -0.06553087160170462,
    "mape_pct": 59.37660984049384,
    "n_samples": 18450
  },
  "n_epochs_ran": 55,
  "stop_reason": "early_stopping",
  "model_type": "tcn",
  "loss": "huber",
  "learning_rate": 0.001,
  "dropout": 0.1
}