{
  "fold_name": "loso_val_09",
  "val_subject_id": "09",
  "train_subject_ids": [
    "02",
    "03",
    "08",
    "12",
    "13",
    "14",
    "15",
    "16",
    "17",
    "18",
    "19",
    "20",
    "21",
    "22",
    "25",
    "27",
    "28",
    "29"
  ],
  "best_epoch": 3,
  "best_val_loss": 0.17336824163794518,
  "best_val_metrics": {
    "mae": 0.5048223088262854,
    "rmse": 0.5793267006934774,
    "rms": 0.5793267006934774,
    "r2": 0.5152049506115416,
    "bias": 0.4567287820124454,
    "mape_pct": 222.85248707617305,
    "n_samples": 18450
  },
  "n_epochs_ran": 33,
  "stop_reason": "early_stopping",
  "model_type": "tcn",
  "loss": "huber",
  "learning_rate": 0.001,
  "dropout": 0.1
}