{
  "fold_name": "loso_val_12",
  "val_subject_id": "12",
  "train_subject_ids": [
    "02",
    "03",
    "08",
    "09",
    "13",
    "14",
    "15",
    "16",
    "17",
    "18",
    "19",
    "20",
    "21",
    "22",
    "25",
    "27",
    "28",
    "29"
  ],
  "best_epoch": 5,
  "best_val_loss": 0.1459023505449295,
  "best_val_metrics": {
    "mae": 0.42695532503917805,
    "rmse": 0.5464760040529765,
    "rms": 0.5464760040529765,
    "r2": 0.33557742157182147,
    "bias": -0.09581218256443175,
    "mape_pct": 543.6215244494842,
    "n_samples": 5400
  },
  "n_epochs_ran": 35,
  "stop_reason": "early_stopping",
  "model_type": "tcn",
  "loss": "huber",
  "learning_rate": 0.001,
  "dropout": 0.1
}