{
  "fold_name": "loso_val_14",
  "val_subject_id": "14",
  "train_subject_ids": [
    "02",
    "03",
    "08",
    "09",
    "12",
    "13",
    "15",
    "16",
    "17",
    "18",
    "19",
    "20",
    "21",
    "22",
    "25",
    "27",
    "28",
    "29"
  ],
  "best_epoch": 10,
  "best_val_loss": 0.8027376234531403,
  "best_val_metrics": {
    "mae": 1.1695792152787767,
    "rmse": 1.283463759505384,
    "rms": 1.283463759505384,
    "r2": -0.40513270203946083,
    "bias": 1.1416164049349027,
    "mape_pct": 317.53856251366153,
    "n_samples": 8400
  },
  "n_epochs_ran": 40,
  "stop_reason": "early_stopping",
  "model_type": "cnn1d",
  "loss": "huber",
  "learning_rate": 0.001,
  "dropout": 0.2
}