{
  "fold_name": "loso_val_14",
  "val_subject_id": "14",
  "train_subject_ids": [
    "02",
    "03",
    "08",
    "09",
    "12",
    "13",
    "15",
    "16",
    "17",
    "18",
    "19",
    "20",
    "21",
    "22",
    "25",
    "27",
    "28",
    "29"
  ],
  "best_epoch": 39,
  "best_val_loss": 0.8888740241527557,
  "best_val_metrics": {
    "mae": 1.193127904076364,
    "rmse": 1.3188897503317956,
    "rms": 1.3188897503317956,
    "r2": -0.5392039244639861,
    "bias": 1.1576556334836319,
    "mape_pct": 297.02410598544196,
    "n_samples": 2160
  },
  "n_epochs_ran": 69,
  "stop_reason": "early_stopping",
  "model_type": "cnn1d",
  "loss": "huber",
  "learning_rate": 0.0005,
  "dropout": 0.1
}