{
  "fold_name": "loso_val_29",
  "val_subject_id": "29",
  "train_subject_ids": [
    "02",
    "03",
    "08",
    "09",
    "12",
    "13",
    "14",
    "15",
    "16",
    "17",
    "18",
    "19",
    "20",
    "21",
    "22",
    "25",
    "27",
    "28"
  ],
  "best_epoch": 13,
  "best_val_loss": 0.0486194621771574,
  "best_val_metrics": {
    "mae": 0.22392845823157276,
    "rmse": 0.30233121473643093,
    "rms": 0.30233121473643093,
    "r2": 0.8687602034604959,
    "bias": 0.05095450753975591,
    "mape_pct": 90.99000571213305,
    "n_samples": 18900
  },
  "n_epochs_ran": 43,
  "stop_reason": "early_stopping",
  "model_type": "tcn",
  "loss": "huber",
  "learning_rate": 0.001,
  "dropout": 0.1
}