{
  "fold_name": "loso_val_03",
  "val_subject_id": "03",
  "train_subject_ids": [
    "02",
    "08",
    "09",
    "12",
    "13",
    "14",
    "15",
    "16",
    "17",
    "18",
    "19",
    "20",
    "21",
    "22",
    "25",
    "27",
    "28",
    "29"
  ],
  "best_epoch": 40,
  "best_val_loss": 0.05221100151538849,
  "best_val_metrics": {
    "mae": 0.24400809663560402,
    "rmse": 0.3194219747938102,
    "rms": 0.3194219747938102,
    "r2": 0.9175084796093825,
    "bias": -0.1197629247982087,
    "mape_pct": 54.03906240243281,
    "n_samples": 7560
  },
  "n_epochs_ran": 70,
  "stop_reason": "early_stopping",
  "model_type": "cnn1d",
  "loss": "huber",
  "learning_rate": 0.0005,
  "dropout": 0.1
}