{
  "fold_name": "loso_val_09",
  "val_subject_id": "09",
  "train_subject_ids": [
    "02",
    "03",
    "08",
    "12",
    "13",
    "14",
    "15",
    "16",
    "17",
    "18",
    "19",
    "20",
    "21",
    "22",
    "25",
    "27",
    "28",
    "29"
  ],
  "best_epoch": 2,
  "best_val_loss": 0.24122136334578195,
  "best_val_metrics": {
    "mae": 0.548263524328239,
    "rmse": 0.6575582956684807,
    "rms": 0.6575582956684807,
    "r2": 0.3490406291654373,
    "bias": 0.4382685806330604,
    "mape_pct": 249.14619605012493,
    "n_samples": 3900
  },
  "n_epochs_ran": 32,
  "stop_reason": "early_stopping",
  "model_type": "cnn1d",
  "loss": "huber",
  "learning_rate": 0.0005,
  "dropout": 0.1
}