{
  "fold_name": "loso_val_19",
  "val_subject_id": "19",
  "train_subject_ids": [
    "02",
    "03",
    "08",
    "09",
    "12",
    "13",
    "14",
    "15",
    "16",
    "17",
    "18",
    "20",
    "21",
    "22",
    "25",
    "27",
    "28",
    "29"
  ],
  "best_epoch": 12,
  "best_val_loss": 0.44542790576815605,
  "best_val_metrics": {
    "mae": 0.5002121906517142,
    "rmse": 0.6462636268366836,
    "rms": 0.6462636268366836,
    "r2": 0.5820834264732335,
    "bias": 0.07245517658380171,
    "mape_pct": 89.43720876336833,
    "n_samples": 18900
  },
  "n_epochs_ran": 42,
  "stop_reason": "early_stopping",
  "model_type": "tcn",
  "loss": "mse",
  "learning_rate": 0.001,
  "dropout": 0.1
}