{
  "fold_name": "loso_val_29",
  "val_subject_id": "29",
  "train_subject_ids": [
    "02",
    "03",
    "08",
    "09",
    "12",
    "13",
    "14",
    "15",
    "16",
    "17",
    "18",
    "19",
    "20",
    "21",
    "22",
    "25",
    "27",
    "28"
  ],
  "best_epoch": 40,
  "best_val_loss": 0.03474652348086238,
  "best_val_metrics": {
    "mae": 0.18210087458558738,
    "rmse": 0.2564692729787907,
    "rms": 0.2564692729787907,
    "r2": 0.9065679920242423,
    "bias": 0.0576606325803093,
    "mape_pct": 70.17637114311354,
    "n_samples": 18900
  },
  "n_epochs_ran": 70,
  "stop_reason": "early_stopping",
  "model_type": "tcn",
  "loss": "huber",
  "learning_rate": 0.001,
  "dropout": 0.1
}