{
  "fold_name": "loso_val_20",
  "val_subject_id": "20",
  "train_subject_ids": [
    "02",
    "03",
    "08",
    "09",
    "12",
    "13",
    "14",
    "15",
    "16",
    "17",
    "18",
    "19",
    "21",
    "22",
    "25",
    "27",
    "28",
    "29"
  ],
  "best_epoch": 39,
  "best_val_loss": 0.04844566062092781,
  "best_val_metrics": {
    "mae": 0.21332594290416665,
    "rmse": 0.2961977746032589,
    "rms": 0.2961977746032589,
    "r2": 0.8686917908957061,
    "bias": -0.0057546490017557515,
    "mape_pct": 164.88902285926767,
    "n_samples": 5400
  },
  "n_epochs_ran": 69,
  "stop_reason": "early_stopping",
  "model_type": "tcn",
  "loss": "huber",
  "learning_rate": 0.001,
  "dropout": 0.2
}