{
  "fold_name": "loso_val_12",
  "val_subject_id": "12",
  "train_subject_ids": [
    "02",
    "03",
    "08",
    "09",
    "13",
    "14",
    "15",
    "16",
    "17",
    "18",
    "19",
    "20",
    "21",
    "22",
    "25",
    "27",
    "28",
    "29"
  ],
  "best_epoch": 88,
  "best_val_loss": 0.05943870730698109,
  "best_val_metrics": {
    "mae": 0.26710138310493126,
    "rmse": 0.3387215262347005,
    "rms": 0.3387215262347005,
    "r2": 0.7398089168278352,
    "bias": -0.014889887553858925,
    "mape_pct": 259.0774905025313,
    "n_samples": 13680
  },
  "n_epochs_ran": 118,
  "stop_reason": "early_stopping",
  "model_type": "cnn1d",
  "loss": "huber",
  "learning_rate": 0.0005,
  "dropout": 0.1
}