{
  "fold_name": "loso_val_09",
  "val_subject_id": "09",
  "train_subject_ids": [
    "02",
    "03",
    "08",
    "12",
    "13",
    "14",
    "15",
    "16",
    "17",
    "18",
    "19",
    "20",
    "21",
    "22",
    "25",
    "27",
    "28",
    "29"
  ],
  "best_epoch": 1,
  "best_val_loss": 0.126907330006361,
  "best_val_metrics": {
    "mae": 0.4071368796297254,
    "rmse": 0.4963560469857364,
    "rms": 0.4963560469857364,
    "r2": 0.6389467717080315,
    "bias": 0.156919640872662,
    "mape_pct": 169.9303451120313,
    "n_samples": 7560
  },
  "n_epochs_ran": 31,
  "stop_reason": "early_stopping",
  "model_type": "cnn1d",
  "loss": "huber",
  "learning_rate": 0.0005,
  "dropout": 0.2
}