{
  "fold_name": "loso_val_25",
  "val_subject_id": "25",
  "train_subject_ids": [
    "02",
    "03",
    "08",
    "09",
    "12",
    "13",
    "14",
    "15",
    "16",
    "17",
    "18",
    "19",
    "20",
    "21",
    "22",
    "27",
    "28",
    "29"
  ],
  "best_epoch": 1,
  "best_val_loss": 0.09650168381631374,
  "best_val_metrics": {
    "mae": 0.3651472404504567,
    "rmse": 0.4352935459417804,
    "rms": 0.4352935459417804,
    "r2": 0.6296567859449206,
    "bias": -0.09710106807070473,
    "mape_pct": 126.60738721186785,
    "n_samples": 18750
  },
  "n_epochs_ran": 31,
  "stop_reason": "early_stopping",
  "model_type": "tcn",
  "loss": "huber",
  "learning_rate": 0.001,
  "dropout": 0.1
}