{
  "fold_name": "loso_val_14",
  "val_subject_id": "14",
  "train_subject_ids": [
    "02",
    "03",
    "08",
    "09",
    "12",
    "13",
    "15",
    "16",
    "17",
    "18",
    "19",
    "20",
    "21",
    "22",
    "25",
    "27",
    "28",
    "29"
  ],
  "best_epoch": 18,
  "best_val_loss": 0.4594083547592163,
  "best_val_metrics": {
    "mae": 0.823910667976804,
    "rmse": 0.923606649606641,
    "rms": 0.923606649606641,
    "r2": 0.24546125976151356,
    "bias": 0.763871318989098,
    "mape_pct": 219.1242630086946,
    "n_samples": 20550
  },
  "n_epochs_ran": 48,
  "stop_reason": "early_stopping",
  "model_type": "tcn",
  "loss": "huber",
  "learning_rate": 0.001,
  "dropout": 0.1
}