{
  "fold_name": "loso_val_29",
  "val_subject_id": "29",
  "train_subject_ids": [
    "02",
    "03",
    "08",
    "09",
    "12",
    "13",
    "14",
    "15",
    "16",
    "17",
    "18",
    "19",
    "20",
    "21",
    "22",
    "25",
    "27",
    "28"
  ],
  "best_epoch": 45,
  "best_val_loss": 0.04482182487845421,
  "best_val_metrics": {
    "mae": 0.21581601601915593,
    "rmse": 0.2914122871061795,
    "rms": 0.2914122871061795,
    "r2": 0.8785642911670626,
    "bias": 0.0865346344467628,
    "mape_pct": 99.36046654177379,
    "n_samples": 5580
  },
  "n_epochs_ran": 75,
  "stop_reason": "early_stopping",
  "model_type": "tcn",
  "loss": "huber",
  "learning_rate": 0.001,
  "dropout": 0.2
}