{
  "fold_name": "loso_val_03",
  "val_subject_id": "03",
  "train_subject_ids": [
    "02",
    "08",
    "09",
    "12",
    "13",
    "14",
    "15",
    "16",
    "17",
    "18",
    "19",
    "20",
    "21",
    "22",
    "25",
    "27",
    "28",
    "29"
  ],
  "best_epoch": 14,
  "best_val_loss": 0.1588606145232916,
  "best_val_metrics": {
    "mae": 0.28123379727318215,
    "rmse": 0.3749985606214695,
    "rms": 0.3749985606214695,
    "r2": 0.8808025370533361,
    "bias": -0.12466788190265557,
    "mape_pct": 53.0651398102274,
    "n_samples": 18450
  },
  "n_epochs_ran": 44,
  "stop_reason": "early_stopping",
  "model_type": "tcn",
  "loss": "mse",
  "learning_rate": 0.001,
  "dropout": 0.1
}