{
  "fold_name": "loso_val_03",
  "val_subject_id": "03",
  "train_subject_ids": [
    "02",
    "08",
    "09",
    "12",
    "13",
    "14",
    "15",
    "16",
    "17",
    "18",
    "19",
    "20",
    "21",
    "22",
    "25",
    "27",
    "28",
    "29"
  ],
  "best_epoch": 7,
  "best_val_loss": 0.08242473471909761,
  "best_val_metrics": {
    "mae": 0.30321170366505484,
    "rmse": 0.3911273007432105,
    "rms": 0.3911273007432105,
    "r2": 0.8716341630877686,
    "bias": -0.09576349071731796,
    "mape_pct": 76.49122071920283,
    "n_samples": 18450
  },
  "n_epochs_ran": 37,
  "stop_reason": "early_stopping",
  "model_type": "tcn",
  "loss": "huber",
  "learning_rate": 0.001,
  "dropout": 0.1
}