{
  "fold_name": "loso_val_12",
  "val_subject_id": "12",
  "train_subject_ids": [
    "02",
    "03",
    "08",
    "09",
    "13",
    "14",
    "15",
    "16",
    "17",
    "18",
    "19",
    "20",
    "21",
    "22",
    "25",
    "27",
    "28",
    "29"
  ],
  "best_epoch": 51,
  "best_val_loss": 0.11564045213162899,
  "best_val_metrics": {
    "mae": 0.3700300890634664,
    "rmse": 0.4785140377372534,
    "rms": 0.4785140377372534,
    "r2": 0.4850579542810822,
    "bias": -0.001374782741402871,
    "mape_pct": 407.54588423592503,
    "n_samples": 18000
  },
  "n_epochs_ran": 81,
  "stop_reason": "early_stopping",
  "model_type": "tcn",
  "loss": "huber",
  "learning_rate": 0.001,
  "dropout": 0.1
}