{
  "fold_name": "loso_val_13",
  "val_subject_id": "13",
  "train_subject_ids": [
    "02",
    "03",
    "08",
    "09",
    "12",
    "14",
    "15",
    "16",
    "17",
    "18",
    "19",
    "20",
    "21",
    "22",
    "25",
    "27",
    "28",
    "29"
  ],
  "best_epoch": 3,
  "best_val_loss": 0.21481925249099731,
  "best_val_metrics": {
    "mae": 0.529150487198123,
    "rmse": 0.6696138525755784,
    "rms": 0.6696138525755784,
    "r2": 0.7211564981177329,
    "bias": -0.19447628262756964,
    "mape_pct": 402.5645752374031,
    "n_samples": 5580
  },
  "n_epochs_ran": 33,
  "stop_reason": "early_stopping",
  "model_type": "tcn",
  "loss": "huber",
  "learning_rate": 0.001,
  "dropout": 0.2
}