{
  "fold_name": "loso_val_21",
  "val_subject_id": "21",
  "train_subject_ids": [
    "02",
    "03",
    "08",
    "09",
    "12",
    "13",
    "14",
    "15",
    "16",
    "17",
    "18",
    "19",
    "20",
    "22",
    "25",
    "27",
    "28",
    "29"
  ],
  "best_epoch": 30,
  "best_val_loss": 0.22202027589082718,
  "best_val_metrics": {
    "mae": 0.35696520482013455,
    "rmse": 0.451035608336636,
    "rms": 0.451035608336636,
    "r2": 0.7167027390194056,
    "bias": -0.2581909890211893,
    "mape_pct": 242.100763185117,
    "n_samples": 18600
  },
  "n_epochs_ran": 60,
  "stop_reason": "early_stopping",
  "model_type": "tcn",
  "loss": "mse",
  "learning_rate": 0.001,
  "dropout": 0.1
}