{
  "fold_name": "loso_val_15",
  "val_subject_id": "15",
  "train_subject_ids": [
    "02",
    "03",
    "08",
    "09",
    "12",
    "13",
    "14",
    "16",
    "17",
    "18",
    "19",
    "20",
    "21",
    "22",
    "25",
    "27",
    "28",
    "29"
  ],
  "best_epoch": 37,
  "best_val_loss": 0.6077538132667542,
  "best_val_metrics": {
    "mae": 0.9242170355418542,
    "rmse": 1.3251568372812716,
    "rms": 1.3251568372812716,
    "r2": -0.13608339530959723,
    "bias": -0.7559399070248927,
    "mape_pct": 112.37881819720276,
    "n_samples": 5760
  },
  "n_epochs_ran": 67,
  "stop_reason": "early_stopping",
  "model_type": "tcn",
  "loss": "huber",
  "learning_rate": 0.0005,
  "dropout": 0.2
}