{
  "fold_name": "loso_val_14",
  "val_subject_id": "14",
  "train_subject_ids": [
    "02",
    "03",
    "08",
    "09",
    "12",
    "13",
    "15",
    "16",
    "17",
    "18",
    "19",
    "20",
    "21",
    "22",
    "25",
    "27",
    "28",
    "29"
  ],
  "best_epoch": 3,
  "best_val_loss": 0.5849011540412903,
  "best_val_metrics": {
    "mae": 0.9935272537379519,
    "rmse": 1.1134836675714366,
    "rms": 1.1134836675714366,
    "r2": -0.061733902456625245,
    "bias": 0.9612589158690047,
    "mape_pct": 230.61978089100145,
    "n_samples": 20550
  },
  "n_epochs_ran": 33,
  "stop_reason": "early_stopping",
  "model_type": "tcn",
  "loss": "huber",
  "learning_rate": 0.001,
  "dropout": 0.1
}