{
  "fold_name": "loso_val_13",
  "val_subject_id": "13",
  "train_subject_ids": [
    "02",
    "03",
    "08",
    "09",
    "12",
    "14",
    "15",
    "16",
    "17",
    "18",
    "19",
    "20",
    "21",
    "22",
    "25",
    "27",
    "28",
    "29"
  ],
  "best_epoch": 1,
  "best_val_loss": 0.542461171746254,
  "best_val_metrics": {
    "mae": 0.58551791857028,
    "rmse": 0.7202784524960293,
    "rms": 0.7202784524960293,
    "r2": 0.6689088362622708,
    "bias": -0.4060040910288026,
    "mape_pct": 397.2061454318508,
    "n_samples": 18600
  },
  "n_epochs_ran": 31,
  "stop_reason": "early_stopping",
  "model_type": "tcn",
  "loss": "mse",
  "learning_rate": 0.001,
  "dropout": 0.1
}