{
  "fold_name": "loso_val_16",
  "val_subject_id": "16",
  "train_subject_ids": [
    "02",
    "03",
    "08",
    "09",
    "12",
    "13",
    "14",
    "15",
    "17",
    "18",
    "19",
    "20",
    "21",
    "22",
    "25",
    "27",
    "28",
    "29"
  ],
  "best_epoch": 20,
  "best_val_loss": 0.16698455810546875,
  "best_val_metrics": {
    "mae": 0.2675768012559584,
    "rmse": 0.39021883388858525,
    "rms": 0.39021883388858525,
    "r2": 0.6675654874470534,
    "bias": 0.021596545822180138,
    "mape_pct": 103.65969417686915,
    "n_samples": 17850
  },
  "n_epochs_ran": 50,
  "stop_reason": "early_stopping",
  "model_type": "tcn",
  "loss": "mse",
  "learning_rate": 0.001,
  "dropout": 0.1
}