{
  "fold_name": "loso_val_18",
  "val_subject_id": "18",
  "train_subject_ids": [
    "02",
    "03",
    "08",
    "09",
    "12",
    "13",
    "14",
    "15",
    "16",
    "17",
    "19",
    "20",
    "21",
    "22",
    "25",
    "27",
    "28",
    "29"
  ],
  "best_epoch": 4,
  "best_val_loss": 0.12500628735870123,
  "best_val_metrics": {
    "mae": 0.3990067754955782,
    "rmse": 0.4934562429722598,
    "rms": 0.4934562429722598,
    "r2": 0.5510407007809139,
    "bias": 0.3626095717675604,
    "mape_pct": 236.54216339022986,
    "n_samples": 18150
  },
  "n_epochs_ran": 34,
  "stop_reason": "early_stopping",
  "model_type": "tcn",
  "loss": "huber",
  "learning_rate": 0.001,
  "dropout": 0.1
}