{
  "fold_name": "loso_val_22",
  "val_subject_id": "22",
  "train_subject_ids": [
    "02",
    "03",
    "08",
    "09",
    "12",
    "13",
    "14",
    "15",
    "16",
    "17",
    "18",
    "19",
    "20",
    "21",
    "25",
    "27",
    "28",
    "29"
  ],
  "best_epoch": 18,
  "best_val_loss": 0.08494341000914574,
  "best_val_metrics": {
    "mae": 0.21946517569968635,
    "rmse": 0.28314983097346447,
    "rms": 0.28314983097346447,
    "r2": 0.8460157768003573,
    "bias": -0.1093885877567981,
    "mape_pct": 534.9148569505528,
    "n_samples": 18450
  },
  "n_epochs_ran": 48,
  "stop_reason": "early_stopping",
  "model_type": "tcn",
  "loss": "mse",
  "learning_rate": 0.001,
  "dropout": 0.1
}