{
  "fold_name": "loso_val_28",
  "val_subject_id": "28",
  "train_subject_ids": [
    "02",
    "03",
    "08",
    "09",
    "12",
    "13",
    "14",
    "15",
    "16",
    "17",
    "18",
    "19",
    "20",
    "21",
    "22",
    "25",
    "27",
    "29"
  ],
  "best_epoch": 17,
  "best_val_loss": 0.11238901689648628,
  "best_val_metrics": {
    "mae": 0.2428264671067461,
    "rmse": 0.3160872326432223,
    "rms": 0.3160872326432223,
    "r2": 0.8803140619802113,
    "bias": 0.018574314532582147,
    "mape_pct": 92.55883104540892,
    "n_samples": 18150
  },
  "n_epochs_ran": 47,
  "stop_reason": "early_stopping",
  "model_type": "tcn",
  "loss": "mse",
  "learning_rate": 0.001,
  "dropout": 0.1
}