{
  "fold_name": "loso_val_02",
  "val_subject_id": "02",
  "train_subject_ids": [
    "03",
    "08",
    "09",
    "12",
    "13",
    "14",
    "15",
    "16",
    "17",
    "18",
    "19",
    "20",
    "21",
    "22",
    "25",
    "27",
    "28",
    "29"
  ],
  "best_epoch": 2,
  "best_val_loss": 0.13213685154914856,
  "best_val_metrics": {
    "mae": 0.4287884896027451,
    "rmse": 0.5095147070318232,
    "rms": 0.5095147070318232,
    "r2": 0.6016159415704697,
    "bias": 0.3619551738976867,
    "mape_pct": 184.10526560601278,
    "n_samples": 5580
  },
  "n_epochs_ran": 32,
  "stop_reason": "early_stopping",
  "model_type": "cnn1d",
  "loss": "huber",
  "learning_rate": 0.0005,
  "dropout": 0.2
}