{
  "fold_name": "loso_val_14",
  "val_subject_id": "14",
  "train_subject_ids": [
    "02",
    "03",
    "08",
    "09",
    "12",
    "13",
    "15",
    "16",
    "17",
    "18",
    "19",
    "20",
    "21",
    "22",
    "25",
    "27",
    "28",
    "29"
  ],
  "best_epoch": 30,
  "best_val_loss": 0.6275474528471628,
  "best_val_metrics": {
    "mae": 0.9584300403962248,
    "rmse": 1.0745518665860725,
    "rms": 1.0745518665860725,
    "r2": 0.03126287851338794,
    "bias": 0.9160935020723352,
    "mape_pct": 235.38290152496643,
    "n_samples": 15840
  },
  "n_epochs_ran": 60,
  "stop_reason": "early_stopping",
  "model_type": "tcn",
  "loss": "huber",
  "learning_rate": 0.001,
  "dropout": 0.1
}