{
  "fold_name": "loso_val_27",
  "val_subject_id": "27",
  "train_subject_ids": [
    "02",
    "03",
    "08",
    "09",
    "12",
    "13",
    "14",
    "15",
    "16",
    "17",
    "18",
    "19",
    "20",
    "21",
    "22",
    "25",
    "28",
    "29"
  ],
  "best_epoch": 16,
  "best_val_loss": 0.2696387581527233,
  "best_val_metrics": {
    "mae": 0.36920418113938547,
    "rmse": 0.5008833010085352,
    "rms": 0.5008833010085352,
    "r2": 0.7270946173232651,
    "bias": -0.17408601879380375,
    "mape_pct": 212.86546343090706,
    "n_samples": 18600
  },
  "n_epochs_ran": 46,
  "stop_reason": "early_stopping",
  "model_type": "tcn",
  "loss": "mse",
  "learning_rate": 0.001,
  "dropout": 0.1
}