{
  "fold_name": "loso_val_16",
  "val_subject_id": "16",
  "train_subject_ids": [
    "02",
    "03",
    "08",
    "09",
    "12",
    "13",
    "14",
    "15",
    "17",
    "18",
    "19",
    "20",
    "21",
    "22",
    "25",
    "27",
    "28",
    "29"
  ],
  "best_epoch": 2,
  "best_val_loss": 0.08180247992277145,
  "best_val_metrics": {
    "mae": 0.3177288720177482,
    "rmse": 0.3890629782291897,
    "rms": 0.3890629782291897,
    "r2": 0.6736036041233858,
    "bias": 0.07035537289272421,
    "mape_pct": 76.448379513389,
    "n_samples": 1920
  },
  "n_epochs_ran": 32,
  "stop_reason": "early_stopping",
  "model_type": "tcn",
  "loss": "huber",
  "learning_rate": 0.001,
  "dropout": 0.1
}