{
  "fold_name": "loso_val_25",
  "val_subject_id": "25",
  "train_subject_ids": [
    "02",
    "03",
    "08",
    "09",
    "12",
    "13",
    "14",
    "15",
    "16",
    "17",
    "18",
    "19",
    "20",
    "21",
    "22",
    "27",
    "28",
    "29"
  ],
  "best_epoch": 3,
  "best_val_loss": 0.2574745938181877,
  "best_val_metrics": {
    "mae": 0.40751151312070594,
    "rmse": 0.5012226221893872,
    "rms": 0.5012226221893872,
    "r2": 0.506555026536053,
    "bias": -0.16271471294480067,
    "mape_pct": 125.79368355772122,
    "n_samples": 18750
  },
  "n_epochs_ran": 33,
  "stop_reason": "early_stopping",
  "model_type": "tcn",
  "loss": "mse",
  "learning_rate": 0.001,
  "dropout": 0.1
}