{
  "fold_name": "loso_val_16",
  "val_subject_id": "16",
  "train_subject_ids": [
    "02",
    "03",
    "08",
    "09",
    "12",
    "13",
    "14",
    "15",
    "17",
    "18",
    "19",
    "20",
    "21",
    "22",
    "25",
    "27",
    "28",
    "29"
  ],
  "best_epoch": 21,
  "best_val_loss": 0.0894536068663001,
  "best_val_metrics": {
    "mae": 0.27818240457556165,
    "rmse": 0.4072215804470066,
    "rms": 0.4072215804470066,
    "r2": 0.6397617797053511,
    "bias": 0.13923374594887067,
    "mape_pct": 109.16551690882046,
    "n_samples": 17850
  },
  "n_epochs_ran": 51,
  "stop_reason": "early_stopping",
  "model_type": "tcn",
  "loss": "huber",
  "learning_rate": 0.001,
  "dropout": 0.1
}