{
  "fold_name": "loso_val_08",
  "val_subject_id": "08",
  "train_subject_ids": [
    "02",
    "03",
    "09",
    "12",
    "13",
    "14",
    "15",
    "16",
    "17",
    "18",
    "19",
    "20",
    "21",
    "22",
    "25",
    "27",
    "28",
    "29"
  ],
  "best_epoch": 56,
  "best_val_loss": 0.0687636286020279,
  "best_val_metrics": {
    "mae": 0.2937659842317664,
    "rmse": 0.36100834337371446,
    "rms": 0.36100834337371446,
    "r2": 0.8482311767586805,
    "bias": -0.18078217225559856,
    "mape_pct": 127.72265154190596,
    "n_samples": 7440
  },
  "n_epochs_ran": 86,
  "stop_reason": "early_stopping",
  "model_type": "tcn",
  "loss": "huber",
  "learning_rate": 0.001,
  "dropout": 0.1
}