{
  "fold_name": "loso_val_08",
  "val_subject_id": "08",
  "train_subject_ids": [
    "02",
    "03",
    "09",
    "12",
    "13",
    "14",
    "15",
    "16",
    "17",
    "18",
    "19",
    "20",
    "21",
    "22",
    "25",
    "27",
    "28",
    "29"
  ],
  "best_epoch": 79,
  "best_val_loss": 0.11923656612634659,
  "best_val_metrics": {
    "mae": 0.38559158660646065,
    "rmse": 0.47772035039098687,
    "rms": 0.47772035039098687,
    "r2": 0.7327491977031011,
    "bias": -0.2566713421692839,
    "mape_pct": 126.8120879755043,
    "n_samples": 3840
  },
  "n_epochs_ran": 109,
  "stop_reason": "early_stopping",
  "model_type": "cnn1d",
  "loss": "huber",
  "learning_rate": 0.0005,
  "dropout": 0.2
}