{
  "fold_name": "loso_val_18",
  "val_subject_id": "18",
  "train_subject_ids": [
    "02",
    "03",
    "08",
    "09",
    "12",
    "13",
    "14",
    "15",
    "16",
    "17",
    "19",
    "20",
    "21",
    "22",
    "25",
    "27",
    "28",
    "29"
  ],
  "best_epoch": 9,
  "best_val_loss": 0.15679209679365158,
  "best_val_metrics": {
    "mae": 0.4368296586423336,
    "rmse": 0.540179459499619,
    "rms": 0.540179459499619,
    "r2": 0.4317175017748638,
    "bias": 0.36190658843770507,
    "mape_pct": 263.14426252586065,
    "n_samples": 3840
  },
  "n_epochs_ran": 39,
  "stop_reason": "early_stopping",
  "model_type": "tcn",
  "loss": "huber",
  "learning_rate": 0.0005,
  "dropout": 0.1
}