{
  "fold_name": "loso_val_15",
  "val_subject_id": "15",
  "train_subject_ids": [
    "02",
    "03",
    "08",
    "09",
    "12",
    "13",
    "14",
    "16",
    "17",
    "18",
    "19",
    "20",
    "21",
    "22",
    "25",
    "27",
    "28",
    "29"
  ],
  "best_epoch": 25,
  "best_val_loss": 1.6739770770072937,
  "best_val_metrics": {
    "mae": 0.9265355845610184,
    "rmse": 1.2633314140908016,
    "rms": 1.2633314140908016,
    "r2": -0.06350027798004176,
    "bias": -0.6351861448500922,
    "mape_pct": 120.84390027223868,
    "n_samples": 19050
  },
  "n_epochs_ran": 55,
  "stop_reason": "early_stopping",
  "model_type": "tcn",
  "loss": "mse",
  "learning_rate": 0.001,
  "dropout": 0.1
}