{
  "fold_name": "loso_val_19",
  "val_subject_id": "19",
  "train_subject_ids": [
    "02",
    "03",
    "08",
    "09",
    "12",
    "13",
    "14",
    "15",
    "16",
    "17",
    "18",
    "20",
    "21",
    "22",
    "25",
    "27",
    "28",
    "29"
  ],
  "best_epoch": 90,
  "best_val_loss": 0.19545615216096243,
  "best_val_metrics": {
    "mae": 0.48909701105898645,
    "rmse": 0.5857178708276862,
    "rms": 0.5857178708276862,
    "r2": 0.6514507255581093,
    "bias": 0.04502187494642449,
    "mape_pct": 81.71263244137718,
    "n_samples": 3960
  },
  "n_epochs_ran": 120,
  "stop_reason": "early_stopping",
  "model_type": "cnn1d",
  "loss": "huber",
  "learning_rate": 0.001,
  "dropout": 0.1
}