{
  "fold_name": "loso_val_08",
  "val_subject_id": "08",
  "train_subject_ids": [
    "02",
    "03",
    "09",
    "12",
    "13",
    "14",
    "15",
    "16",
    "17",
    "18",
    "19",
    "20",
    "21",
    "22",
    "25",
    "27",
    "28",
    "29"
  ],
  "best_epoch": 30,
  "best_val_loss": 0.10997675079852343,
  "best_val_metrics": {
    "mae": 0.25463248249435844,
    "rmse": 0.3271481573288749,
    "rms": 0.3271481573288749,
    "r2": 0.8781728459929601,
    "bias": -0.07237398694287318,
    "mape_pct": 108.8753923074646,
    "n_samples": 18150
  },
  "n_epochs_ran": 60,
  "stop_reason": "early_stopping",
  "model_type": "tcn",
  "loss": "mse",
  "learning_rate": 0.001,
  "dropout": 0.1
}