{
  "fold_name": "loso_val_08",
  "val_subject_id": "08",
  "train_subject_ids": [
    "02",
    "03",
    "09",
    "12",
    "13",
    "14",
    "15",
    "16",
    "17",
    "18",
    "19",
    "20",
    "21",
    "22",
    "25",
    "27",
    "28",
    "29"
  ],
  "best_epoch": 41,
  "best_val_loss": 0.11470841709524393,
  "best_val_metrics": {
    "mae": 0.257234247522403,
    "rmse": 0.33222982607821827,
    "rms": 0.33222982607821827,
    "r2": 0.8729662309248034,
    "bias": -0.08937015382383152,
    "mape_pct": 103.5001752487639,
    "n_samples": 18150
  },
  "n_epochs_ran": 71,
  "stop_reason": "early_stopping",
  "model_type": "tcn",
  "loss": "mse",
  "learning_rate": 0.001,
  "dropout": 0.1
}