{
  "fold_name": "loso_val_02",
  "val_subject_id": "02",
  "train_subject_ids": [
    "03",
    "08",
    "09",
    "12",
    "13",
    "14",
    "15",
    "16",
    "17",
    "18",
    "19",
    "20",
    "21",
    "22",
    "25",
    "27",
    "28",
    "29"
  ],
  "best_epoch": 43,
  "best_val_loss": 0.08356106653809547,
  "best_val_metrics": {
    "mae": 0.3297294255953754,
    "rmse": 0.4031824789530324,
    "rms": 0.4031824789530324,
    "r2": 0.7432243864715469,
    "bias": 0.2452060518367034,
    "mape_pct": 134.20296196602345,
    "n_samples": 7680
  },
  "n_epochs_ran": 73,
  "stop_reason": "early_stopping",
  "model_type": "tcn",
  "loss": "huber",
  "learning_rate": 0.001,
  "dropout": 0.2
}