{
  "fold_name": "loso_val_08",
  "val_subject_id": "08",
  "train_subject_ids": [
    "02",
    "03",
    "09",
    "12",
    "13",
    "14",
    "15",
    "16",
    "17",
    "18",
    "19",
    "20",
    "21",
    "22",
    "25",
    "27",
    "28",
    "29"
  ],
  "best_epoch": 14,
  "best_val_loss": 0.09222392737865448,
  "best_val_metrics": {
    "mae": 0.34556259937208383,
    "rmse": 0.43014652570724565,
    "rms": 0.43014652570724565,
    "r2": 0.794182335444616,
    "bias": -0.21007737733668583,
    "mape_pct": 114.64953191254648,
    "n_samples": 6960
  },
  "n_epochs_ran": 44,
  "stop_reason": "early_stopping",
  "model_type": "cnn1d",
  "loss": "huber",
  "learning_rate": 0.0005,
  "dropout": 0.2
}