{
  "fold_name": "loso_val_02",
  "val_subject_id": "02",
  "train_subject_ids": [
    "03",
    "08",
    "09",
    "12",
    "13",
    "14",
    "15",
    "16",
    "17",
    "18",
    "19",
    "20",
    "21",
    "22",
    "25",
    "27",
    "28",
    "29"
  ],
  "best_epoch": 85,
  "best_val_loss": 0.08042380586266518,
  "best_val_metrics": {
    "mae": 0.3378538427598989,
    "rmse": 0.4281412442983689,
    "rms": 0.4281412442983689,
    "r2": 0.6717490509296746,
    "bias": 0.250486264496629,
    "mape_pct": 136.17988994478088,
    "n_samples": 1980
  },
  "n_epochs_ran": 115,
  "stop_reason": "early_stopping",
  "model_type": "tcn",
  "loss": "huber",
  "learning_rate": 0.0005,
  "dropout": 0.2
}