{
  "fold_name": "loso_val_08",
  "val_subject_id": "08",
  "train_subject_ids": [
    "02",
    "03",
    "09",
    "12",
    "13",
    "14",
    "15",
    "16",
    "17",
    "18",
    "19",
    "20",
    "21",
    "22",
    "25",
    "27",
    "28",
    "29"
  ],
  "best_epoch": 20,
  "best_val_loss": 0.07256630808115005,
  "best_val_metrics": {
    "mae": 0.2899129973494079,
    "rmse": 0.3740729308990537,
    "rms": 0.3740729308990537,
    "r2": 0.8415802225709951,
    "bias": -0.11346258863147038,
    "mape_pct": 115.41504346846581,
    "n_samples": 1920
  },
  "n_epochs_ran": 50,
  "stop_reason": "early_stopping",
  "model_type": "tcn",
  "loss": "huber",
  "learning_rate": 0.0005,
  "dropout": 0.2
}