{
  "fold_name": "loso_val_29",
  "val_subject_id": "29",
  "train_subject_ids": [
    "02",
    "03",
    "08",
    "09",
    "12",
    "13",
    "14",
    "15",
    "16",
    "17",
    "18",
    "19",
    "20",
    "21",
    "22",
    "25",
    "27",
    "28"
  ],
  "best_epoch": 64,
  "best_val_loss": 0.07975156232714653,
  "best_val_metrics": {
    "mae": 0.19893367895894684,
    "rmse": 0.27339056517384724,
    "rms": 0.27339056517384724,
    "r2": 0.8936530081154896,
    "bias": 0.024072416709063366,
    "mape_pct": 75.66134405332336,
    "n_samples": 18900
  },
  "n_epochs_ran": 94,
  "stop_reason": "early_stopping",
  "model_type": "tcn",
  "loss": "mse",
  "learning_rate": 0.001,
  "dropout": 0.1
}