{
  "fold_name": "loso_val_14",
  "val_subject_id": "14",
  "train_subject_ids": [
    "02",
    "03",
    "08",
    "09",
    "12",
    "13",
    "15",
    "16",
    "17",
    "18",
    "19",
    "20",
    "21",
    "22",
    "25",
    "27",
    "28",
    "29"
  ],
  "best_epoch": 15,
  "best_val_loss": 0.7854531009991964,
  "best_val_metrics": {
    "mae": 1.1285336634753211,
    "rmse": 1.2637463780465348,
    "rms": 1.2637463780465348,
    "r2": -0.42991407646292834,
    "bias": 1.0748628386647194,
    "mape_pct": 268.6278272607225,
    "n_samples": 4320
  },
  "n_epochs_ran": 45,
  "stop_reason": "early_stopping",
  "model_type": "cnn1d",
  "loss": "huber",
  "learning_rate": 0.0005,
  "dropout": 0.1
}