{
  "fold_name": "loso_val_12",
  "val_subject_id": "12",
  "train_subject_ids": [
    "02",
    "03",
    "08",
    "09",
    "13",
    "14",
    "15",
    "16",
    "17",
    "18",
    "19",
    "20",
    "21",
    "22",
    "25",
    "27",
    "28",
    "29"
  ],
  "best_epoch": 9,
  "best_val_loss": 0.38413966447114944,
  "best_val_metrics": {
    "mae": 0.4998998806359887,
    "rmse": 0.617505458032441,
    "rms": 0.617505458032441,
    "r2": 0.14982640174577888,
    "bias": -0.1684904842777404,
    "mape_pct": 776.9260456219012,
    "n_samples": 18000
  },
  "n_epochs_ran": 39,
  "stop_reason": "early_stopping",
  "model_type": "tcn",
  "loss": "mse",
  "learning_rate": 0.001,
  "dropout": 0.1
}