{
  "fold_name": "loso_val_18",
  "val_subject_id": "18",
  "train_subject_ids": [
    "02",
    "03",
    "08",
    "09",
    "12",
    "13",
    "14",
    "15",
    "16",
    "17",
    "19",
    "20",
    "21",
    "22",
    "25",
    "27",
    "28",
    "29"
  ],
  "best_epoch": 2,
  "best_val_loss": 0.17958301305770874,
  "best_val_metrics": {
    "mae": 0.5127819306137098,
    "rmse": 0.5909321870623292,
    "rms": 0.5909321870623292,
    "r2": 0.35937408831211815,
    "bias": 0.2939637395070652,
    "mape_pct": 172.66663880601877,
    "n_samples": 1920
  },
  "n_epochs_ran": 32,
  "stop_reason": "early_stopping",
  "model_type": "tcn",
  "loss": "huber",
  "learning_rate": 0.001,
  "dropout": 0.2
}