{
  "fold_name": "loso_val_27",
  "val_subject_id": "27",
  "train_subject_ids": [
    "02",
    "03",
    "08",
    "09",
    "12",
    "13",
    "14",
    "15",
    "16",
    "17",
    "18",
    "19",
    "20",
    "21",
    "22",
    "25",
    "28",
    "29"
  ],
  "best_epoch": 32,
  "best_val_loss": 0.10869688913226128,
  "best_val_metrics": {
    "mae": 0.3423440482766119,
    "rmse": 0.45975712813032055,
    "rms": 0.45975712813032055,
    "r2": 0.764991992721815,
    "bias": -0.21388940669874404,
    "mape_pct": 191.6794925013793,
    "n_samples": 18600
  },
  "n_epochs_ran": 62,
  "stop_reason": "early_stopping",
  "model_type": "tcn",
  "loss": "huber",
  "learning_rate": 0.001,
  "dropout": 0.1
}