{
  "fold_name": "loso_val_12",
  "val_subject_id": "12",
  "train_subject_ids": [
    "02",
    "03",
    "08",
    "09",
    "13",
    "14",
    "15",
    "16",
    "17",
    "18",
    "19",
    "20",
    "21",
    "22",
    "25",
    "27",
    "28",
    "29"
  ],
  "best_epoch": 1,
  "best_val_loss": 0.1657288521528244,
  "best_val_metrics": {
    "mae": 0.4631089476065963,
    "rmse": 0.5719091307900473,
    "rms": 0.5719091307900473,
    "r2": 0.24915940122372526,
    "bias": 0.29456326096446656,
    "mape_pct": 369.18541813490754,
    "n_samples": 3720
  },
  "n_epochs_ran": 31,
  "stop_reason": "early_stopping",
  "model_type": "tcn",
  "loss": "huber",
  "learning_rate": 0.0005,
  "dropout": 0.2
}