{
  "fold_name": "loso_val_08",
  "val_subject_id": "08",
  "train_subject_ids": [
    "02",
    "03",
    "09",
    "12",
    "13",
    "14",
    "15",
    "16",
    "17",
    "18",
    "19",
    "20",
    "21",
    "22",
    "25",
    "27",
    "28",
    "29"
  ],
  "best_epoch": 32,
  "best_val_loss": 0.060630316846072674,
  "best_val_metrics": {
    "mae": 0.2746544829049448,
    "rmse": 0.3435246657914308,
    "rms": 0.3435246657914308,
    "r2": 0.8628747622415609,
    "bias": -0.14521342473068677,
    "mape_pct": 115.25137445076021,
    "n_samples": 18150
  },
  "n_epochs_ran": 62,
  "stop_reason": "early_stopping",
  "model_type": "tcn",
  "loss": "huber",
  "learning_rate": 0.001,
  "dropout": 0.1
}