{
  "fold_name": "loso_val_27",
  "val_subject_id": "27",
  "train_subject_ids": [
    "02",
    "03",
    "08",
    "09",
    "12",
    "13",
    "14",
    "15",
    "16",
    "17",
    "18",
    "19",
    "20",
    "21",
    "22",
    "25",
    "28",
    "29"
  ],
  "best_epoch": 5,
  "best_val_loss": 0.1281789466738701,
  "best_val_metrics": {
    "mae": 0.36818908188204463,
    "rmse": 0.49642974846551696,
    "rms": 0.49642974846551696,
    "r2": 0.7317164602932341,
    "bias": -0.17495060120336522,
    "mape_pct": 212.7238391350778,
    "n_samples": 18600
  },
  "n_epochs_ran": 35,
  "stop_reason": "early_stopping",
  "model_type": "tcn",
  "loss": "huber",
  "learning_rate": 0.001,
  "dropout": 0.1
}