{
  "fold_name": "loso_val_14",
  "val_subject_id": "14",
  "train_subject_ids": [
    "02",
    "03",
    "08",
    "09",
    "12",
    "13",
    "15",
    "16",
    "17",
    "18",
    "19",
    "20",
    "21",
    "22",
    "25",
    "27",
    "28",
    "29"
  ],
  "best_epoch": 39,
  "best_val_loss": 0.7101268470287323,
  "best_val_metrics": {
    "mae": 0.9855555297419397,
    "rmse": 1.0977249917331062,
    "rms": 1.0977249917331062,
    "r2": -0.015180036139478492,
    "bias": 0.950328580818593,
    "mape_pct": 267.44510079567306,
    "n_samples": 7920
  },
  "n_epochs_ran": 69,
  "stop_reason": "early_stopping",
  "model_type": "tcn",
  "loss": "huber",
  "learning_rate": 0.0005,
  "dropout": 0.2
}