{
  "fold_name": "loso_val_09",
  "val_subject_id": "09",
  "train_subject_ids": [
    "02",
    "03",
    "08",
    "12",
    "13",
    "14",
    "15",
    "16",
    "17",
    "18",
    "19",
    "20",
    "21",
    "22",
    "25",
    "27",
    "28",
    "29"
  ],
  "best_epoch": 1,
  "best_val_loss": 0.11872359365224838,
  "best_val_metrics": {
    "mae": 0.40846478965355676,
    "rmse": 0.49871952353216675,
    "rms": 0.49871952353216675,
    "r2": 0.6305907626065446,
    "bias": 0.08704531836903165,
    "mape_pct": 147.91737349273924,
    "n_samples": 1980
  },
  "n_epochs_ran": 31,
  "stop_reason": "early_stopping",
  "model_type": "cnn1d",
  "loss": "huber",
  "learning_rate": 0.0005,
  "dropout": 0.2
}