{
  "fold_name": "loso_val_03",
  "val_subject_id": "03",
  "train_subject_ids": [
    "02",
    "08",
    "09",
    "12",
    "13",
    "14",
    "15",
    "16",
    "17",
    "18",
    "19",
    "20",
    "21",
    "22",
    "25",
    "27",
    "28",
    "29"
  ],
  "best_epoch": 27,
  "best_val_loss": 0.0728579293936491,
  "best_val_metrics": {
    "mae": 0.28009445145253337,
    "rmse": 0.3703484456214678,
    "rms": 0.3703484456214678,
    "r2": 0.8841470369968434,
    "bias": -0.08848735518070304,
    "mape_pct": 52.95349590639075,
    "n_samples": 10980
  },
  "n_epochs_ran": 57,
  "stop_reason": "early_stopping",
  "model_type": "tcn",
  "loss": "huber",
  "learning_rate": 0.001,
  "dropout": 0.1
}