{
  "fold_name": "loso_val_08",
  "val_subject_id": "08",
  "train_subject_ids": [
    "02",
    "03",
    "09",
    "12",
    "13",
    "14",
    "15",
    "16",
    "17",
    "18",
    "19",
    "20",
    "21",
    "22",
    "25",
    "27",
    "28",
    "29"
  ],
  "best_epoch": 32,
  "best_val_loss": 0.14280115813016891,
  "best_val_metrics": {
    "mae": 0.29836308501463266,
    "rmse": 0.367992011881154,
    "rms": 0.367992011881154,
    "r2": 0.8431143130301295,
    "bias": -0.18904235380658105,
    "mape_pct": 117.29790061726749,
    "n_samples": 18150
  },
  "n_epochs_ran": 62,
  "stop_reason": "early_stopping",
  "model_type": "tcn",
  "loss": "mse",
  "learning_rate": 0.001,
  "dropout": 0.1
}