{
  "fold_name": "loso_val_19",
  "val_subject_id": "19",
  "train_subject_ids": [
    "02",
    "03",
    "08",
    "09",
    "12",
    "13",
    "14",
    "15",
    "16",
    "17",
    "18",
    "20",
    "21",
    "22",
    "25",
    "27",
    "28",
    "29"
  ],
  "best_epoch": 65,
  "best_val_loss": 0.274686798453331,
  "best_val_metrics": {
    "mae": 0.6058030127000881,
    "rmse": 0.7576741953890335,
    "rms": 0.7576741953890335,
    "r2": 0.40046188995461574,
    "bias": -0.12036347571076035,
    "mape_pct": 95.86419718697069,
    "n_samples": 1980
  },
  "n_epochs_ran": 95,
  "stop_reason": "early_stopping",
  "model_type": "tcn",
  "loss": "huber",
  "learning_rate": 0.001,
  "dropout": 0.1
}