{
  "fold_name": "loso_val_14",
  "val_subject_id": "14",
  "train_subject_ids": [
    "02",
    "03",
    "08",
    "09",
    "12",
    "13",
    "15",
    "16",
    "17",
    "18",
    "19",
    "20",
    "21",
    "22",
    "25",
    "27",
    "28",
    "29"
  ],
  "best_epoch": 29,
  "best_val_loss": 0.7442609071731567,
  "best_val_metrics": {
    "mae": 1.0108778019033793,
    "rmse": 1.1327638316040045,
    "rms": 1.1327638316040045,
    "r2": -0.13135011025533228,
    "bias": 0.9717181838265554,
    "mape_pct": 248.01999942438937,
    "n_samples": 4200
  },
  "n_epochs_ran": 59,
  "stop_reason": "early_stopping",
  "model_type": "tcn",
  "loss": "huber",
  "learning_rate": 0.0005,
  "dropout": 0.2
}