{
  "fold_name": "loso_val_22",
  "val_subject_id": "22",
  "train_subject_ids": [
    "02",
    "03",
    "08",
    "09",
    "12",
    "13",
    "14",
    "15",
    "16",
    "17",
    "18",
    "19",
    "20",
    "21",
    "25",
    "27",
    "28",
    "29"
  ],
  "best_epoch": 6,
  "best_val_loss": 0.04118071775883436,
  "best_val_metrics": {
    "mae": 0.21207326938893262,
    "rmse": 0.27866897599581836,
    "rms": 0.27866897599581836,
    "r2": 0.8496600350175297,
    "bias": -0.11082185436454478,
    "mape_pct": 656.3440854388532,
    "n_samples": 18450
  },
  "n_epochs_ran": 36,
  "stop_reason": "early_stopping",
  "model_type": "tcn",
  "loss": "huber",
  "learning_rate": 0.001,
  "dropout": 0.1
}