{
  "fold_name": "loso_val_03",
  "val_subject_id": "03",
  "train_subject_ids": [
    "02",
    "08",
    "09",
    "12",
    "13",
    "14",
    "15",
    "16",
    "17",
    "18",
    "19",
    "20",
    "21",
    "22",
    "25",
    "27",
    "28",
    "29"
  ],
  "best_epoch": 7,
  "best_val_loss": 0.11395848542451859,
  "best_val_metrics": {
    "mae": 0.4122073700957852,
    "rmse": 0.514564678691886,
    "rms": 0.514564678691886,
    "r2": 0.7843818863889152,
    "bias": -0.08529602539204673,
    "mape_pct": 105.52912764835456,
    "n_samples": 1980
  },
  "n_epochs_ran": 37,
  "stop_reason": "early_stopping",
  "model_type": "cnn1d",
  "loss": "huber",
  "learning_rate": 0.001,
  "dropout": 0.2
}