{
  "fold_name": "loso_val_15",
  "val_subject_id": "15",
  "train_subject_ids": [
    "02",
    "03",
    "08",
    "09",
    "12",
    "13",
    "14",
    "16",
    "17",
    "18",
    "19",
    "20",
    "21",
    "22",
    "25",
    "27",
    "28",
    "29"
  ],
  "best_epoch": 31,
  "best_val_loss": 1.6769459247589111,
  "best_val_metrics": {
    "mae": 0.9128822312042059,
    "rmse": 1.2631103480807704,
    "rms": 1.2631103480807704,
    "r2": -0.06535484433829586,
    "bias": -0.7240268560405088,
    "mape_pct": 119.92960948133043,
    "n_samples": 19050
  },
  "n_epochs_ran": 61,
  "stop_reason": "early_stopping",
  "model_type": "tcn",
  "loss": "mse",
  "learning_rate": 0.001,
  "dropout": 0.1
}