{
  "fold_name": "loso_val_02",
  "val_subject_id": "02",
  "train_subject_ids": [
    "03",
    "08",
    "09",
    "12",
    "13",
    "14",
    "15",
    "16",
    "17",
    "18",
    "19",
    "20",
    "21",
    "22",
    "25",
    "27",
    "28",
    "29"
  ],
  "best_epoch": 18,
  "best_val_loss": 0.07142826076596975,
  "best_val_metrics": {
    "mae": 0.3077061236524343,
    "rmse": 0.371578024060645,
    "rms": 0.371578024060645,
    "r2": 0.7842150521972469,
    "bias": 0.25997184946465984,
    "mape_pct": 146.68570735756506,
    "n_samples": 18900
  },
  "n_epochs_ran": 48,
  "stop_reason": "early_stopping",
  "model_type": "tcn",
  "loss": "huber",
  "learning_rate": 0.001,
  "dropout": 0.1
}