{
  "fold_name": "loso_val_17",
  "val_subject_id": "17",
  "train_subject_ids": [
    "02",
    "03",
    "08",
    "09",
    "12",
    "13",
    "14",
    "15",
    "16",
    "18",
    "19",
    "20",
    "21",
    "22",
    "25",
    "27",
    "28",
    "29"
  ],
  "best_epoch": 31,
  "best_val_loss": 0.13087670505046844,
  "best_val_metrics": {
    "mae": 0.23591230330081817,
    "rmse": 0.331829837820052,
    "rms": 0.331829837820052,
    "r2": 0.8257520518088197,
    "bias": -0.12713222594150167,
    "mape_pct": 87.82274846492952,
    "n_samples": 18150
  },
  "n_epochs_ran": 61,
  "stop_reason": "early_stopping",
  "model_type": "tcn",
  "loss": "mse",
  "learning_rate": 0.001,
  "dropout": 0.1
}