{
  "fold_name": "loso_val_13",
  "val_subject_id": "13",
  "train_subject_ids": [
    "02",
    "03",
    "08",
    "09",
    "12",
    "14",
    "15",
    "16",
    "17",
    "18",
    "19",
    "20",
    "21",
    "22",
    "25",
    "27",
    "28",
    "29"
  ],
  "best_epoch": 30,
  "best_val_loss": 0.2267366126179695,
  "best_val_metrics": {
    "mae": 0.5259744505861729,
    "rmse": 0.6751189390645758,
    "rms": 0.6751189390645758,
    "r2": 0.7092695642281269,
    "bias": -0.44932654342153544,
    "mape_pct": 185.09259826059773,
    "n_samples": 10980
  },
  "n_epochs_ran": 60,
  "stop_reason": "early_stopping",
  "model_type": "cnn1d",
  "loss": "huber",
  "learning_rate": 0.0005,
  "dropout": 0.1
}