{
  "fold_name": "loso_val_20",
  "val_subject_id": "20",
  "train_subject_ids": [
    "02",
    "03",
    "08",
    "09",
    "12",
    "13",
    "14",
    "15",
    "16",
    "17",
    "18",
    "19",
    "21",
    "22",
    "25",
    "27",
    "28",
    "29"
  ],
  "best_epoch": 20,
  "best_val_loss": 0.12248216196894646,
  "best_val_metrics": {
    "mae": 0.24424820587654786,
    "rmse": 0.3262780129228519,
    "rms": 0.3262780129228519,
    "r2": 0.8409819570245383,
    "bias": -0.06142334012433001,
    "mape_pct": 97.14974699779481,
    "n_samples": 18300
  },
  "n_epochs_ran": 50,
  "stop_reason": "early_stopping",
  "model_type": "tcn",
  "loss": "mse",
  "learning_rate": 0.001,
  "dropout": 0.1
}