{
  "fold_name": "loso_val_19",
  "val_subject_id": "19",
  "train_subject_ids": [
    "02",
    "03",
    "08",
    "09",
    "12",
    "13",
    "14",
    "15",
    "16",
    "17",
    "18",
    "20",
    "21",
    "22",
    "25",
    "27",
    "28",
    "29"
  ],
  "best_epoch": 8,
  "best_val_loss": 0.21615991741418839,
  "best_val_metrics": {
    "mae": 0.5035093358614133,
    "rmse": 0.671624321468367,
    "rms": 0.671624321468367,
    "r2": 0.5524242689501462,
    "bias": -0.00783157413593794,
    "mape_pct": 97.3815099664654,
    "n_samples": 18900
  },
  "n_epochs_ran": 38,
  "stop_reason": "early_stopping",
  "model_type": "tcn",
  "loss": "huber",
  "learning_rate": 0.001,
  "dropout": 0.1
}