{
  "fold_name": "loso_val_08",
  "val_subject_id": "08",
  "train_subject_ids": [
    "02",
    "03",
    "09",
    "12",
    "13",
    "14",
    "15",
    "16",
    "17",
    "18",
    "19",
    "20",
    "21",
    "22",
    "25",
    "27",
    "28",
    "29"
  ],
  "best_epoch": 36,
  "best_val_loss": 0.09512797743082047,
  "best_val_metrics": {
    "mae": 0.33085288320750506,
    "rmse": 0.4263791691422853,
    "rms": 0.4263791691422853,
    "r2": 0.7902003051926034,
    "bias": -0.14533288668074723,
    "mape_pct": 110.56950450185812,
    "n_samples": 1920
  },
  "n_epochs_ran": 66,
  "stop_reason": "early_stopping",
  "model_type": "cnn1d",
  "loss": "huber",
  "learning_rate": 0.001,
  "dropout": 0.1
}