{
  "fold_name": "loso_val_27",
  "val_subject_id": "27",
  "train_subject_ids": [
    "02",
    "03",
    "08",
    "09",
    "12",
    "13",
    "14",
    "15",
    "16",
    "17",
    "18",
    "19",
    "20",
    "21",
    "22",
    "25",
    "28",
    "29"
  ],
  "best_epoch": 16,
  "best_val_loss": 0.23618953302502632,
  "best_val_metrics": {
    "mae": 0.35304075815156927,
    "rmse": 0.46976361300732117,
    "rms": 0.46976361300732117,
    "r2": 0.7627711448942374,
    "bias": -0.20046536183383087,
    "mape_pct": 217.57272786547395,
    "n_samples": 18600
  },
  "n_epochs_ran": 46,
  "stop_reason": "early_stopping",
  "model_type": "tcn",
  "loss": "mse",
  "learning_rate": 0.001,
  "dropout": 0.1
}