{
  "fold_name": "loso_val_15",
  "val_subject_id": "15",
  "train_subject_ids": [
    "02",
    "03",
    "08",
    "09",
    "12",
    "13",
    "14",
    "16",
    "17",
    "18",
    "19",
    "20",
    "21",
    "22",
    "25",
    "27",
    "28",
    "29"
  ],
  "best_epoch": 15,
  "best_val_loss": 0.5888858921825886,
  "best_val_metrics": {
    "mae": 0.9263287395984912,
    "rmse": 1.261957047561628,
    "rms": 1.261957047561628,
    "r2": -0.06328521787619912,
    "bias": -0.6593331804363121,
    "mape_pct": 116.76838252321792,
    "n_samples": 19050
  },
  "n_epochs_ran": 45,
  "stop_reason": "early_stopping",
  "model_type": "tcn",
  "loss": "huber",
  "learning_rate": 0.001,
  "dropout": 0.1
}