{
  "fold_name": "loso_val_03",
  "val_subject_id": "03",
  "train_subject_ids": [
    "02",
    "08",
    "09",
    "12",
    "13",
    "14",
    "15",
    "16",
    "17",
    "18",
    "19",
    "20",
    "21",
    "22",
    "25",
    "27",
    "28",
    "29"
  ],
  "best_epoch": 12,
  "best_val_loss": 0.06037489930167794,
  "best_val_metrics": {
    "mae": 0.25381064711570195,
    "rmse": 0.33847675538603744,
    "rms": 0.33847675538603744,
    "r2": 0.9027363867817895,
    "bias": -0.04953618969876814,
    "mape_pct": 53.15560921839082,
    "n_samples": 18450
  },
  "n_epochs_ran": 42,
  "stop_reason": "early_stopping",
  "model_type": "tcn",
  "loss": "huber",
  "learning_rate": 0.001,
  "dropout": 0.1
}