{
  "fold_name": "loso_val_28",
  "val_subject_id": "28",
  "train_subject_ids": [
    "02",
    "03",
    "08",
    "09",
    "12",
    "13",
    "14",
    "15",
    "16",
    "17",
    "18",
    "19",
    "20",
    "21",
    "22",
    "25",
    "27",
    "29"
  ],
  "best_epoch": 12,
  "best_val_loss": 0.06859434209764004,
  "best_val_metrics": {
    "mae": 0.2626801421553905,
    "rmse": 0.3523593903862652,
    "rms": 0.3523593903862652,
    "r2": 0.848376514832653,
    "bias": -0.011608405447130146,
    "mape_pct": 93.79784235529914,
    "n_samples": 18150
  },
  "n_epochs_ran": 42,
  "stop_reason": "early_stopping",
  "model_type": "tcn",
  "loss": "huber",
  "learning_rate": 0.001,
  "dropout": 0.1
}