{
  "fold_name": "loso_val_22",
  "val_subject_id": "22",
  "train_subject_ids": [
    "02",
    "03",
    "08",
    "09",
    "12",
    "13",
    "14",
    "15",
    "16",
    "17",
    "18",
    "19",
    "20",
    "21",
    "25",
    "27",
    "28",
    "29"
  ],
  "best_epoch": 13,
  "best_val_loss": 0.0886838841252029,
  "best_val_metrics": {
    "mae": 0.23082729419683648,
    "rmse": 0.28848423743009666,
    "rms": 0.28848423743009666,
    "r2": 0.8381830719372232,
    "bias": -0.17805717275516197,
    "mape_pct": 620.9386544980916,
    "n_samples": 18450
  },
  "n_epochs_ran": 43,
  "stop_reason": "early_stopping",
  "model_type": "tcn",
  "loss": "mse",
  "learning_rate": 0.001,
  "dropout": 0.1
}