{
  "fold_name": "loso_val_28",
  "val_subject_id": "28",
  "train_subject_ids": [
    "02",
    "03",
    "08",
    "09",
    "12",
    "13",
    "14",
    "15",
    "16",
    "17",
    "18",
    "19",
    "20",
    "21",
    "22",
    "25",
    "27",
    "29"
  ],
  "best_epoch": 55,
  "best_val_loss": 0.07598323374986649,
  "best_val_metrics": {
    "mae": 0.2790208380485334,
    "rmse": 0.3456283438110873,
    "rms": 0.3456283438110873,
    "r2": 0.8295442960811172,
    "bias": 0.013417154179993911,
    "mape_pct": 74.6539706110203,
    "n_samples": 1920
  },
  "n_epochs_ran": 85,
  "stop_reason": "early_stopping",
  "model_type": "tcn",
  "loss": "huber",
  "learning_rate": 0.001,
  "dropout": 0.2
}