{
  "fold_name": "loso_val_12",
  "val_subject_id": "12",
  "train_subject_ids": [
    "02",
    "03",
    "08",
    "09",
    "13",
    "14",
    "15",
    "16",
    "17",
    "18",
    "19",
    "20",
    "21",
    "22",
    "25",
    "27",
    "28",
    "29"
  ],
  "best_epoch": 39,
  "best_val_loss": 0.045822104439139366,
  "best_val_metrics": {
    "mae": 0.2322085556339463,
    "rmse": 0.2934154240233393,
    "rms": 0.2934154240233393,
    "r2": 0.8016996010770062,
    "bias": 0.027403936588885507,
    "mape_pct": 210.5296532340299,
    "n_samples": 13680
  },
  "n_epochs_ran": 69,
  "stop_reason": "early_stopping",
  "model_type": "cnn1d",
  "loss": "huber",
  "learning_rate": 0.0005,
  "dropout": 0.2
}