{
  "fold_name": "loso_val_02",
  "val_subject_id": "02",
  "train_subject_ids": [
    "03",
    "08",
    "09",
    "12",
    "13",
    "14",
    "15",
    "16",
    "17",
    "18",
    "19",
    "20",
    "21",
    "22",
    "25",
    "27",
    "28",
    "29"
  ],
  "best_epoch": 35,
  "best_val_loss": 0.11219979077577591,
  "best_val_metrics": {
    "mae": 0.34664524487655424,
    "rmse": 0.4202296328080103,
    "rms": 0.4202296328080103,
    "r2": 0.6784867059501035,
    "bias": 0.2558999224770826,
    "mape_pct": 187.47822101850377,
    "n_samples": 3960
  },
  "n_epochs_ran": 65,
  "stop_reason": "early_stopping",
  "model_type": "cnn1d",
  "loss": "huber",
  "learning_rate": 0.001,
  "dropout": 0.2
}