{
  "fold_name": "loso_val_14",
  "val_subject_id": "14",
  "train_subject_ids": [
    "02",
    "03",
    "08",
    "09",
    "12",
    "13",
    "15",
    "16",
    "17",
    "18",
    "19",
    "20",
    "21",
    "22",
    "25",
    "27",
    "28",
    "29"
  ],
  "best_epoch": 44,
  "best_val_loss": 0.7329019407431284,
  "best_val_metrics": {
    "mae": 1.081608190061774,
    "rmse": 1.2012756690473603,
    "rms": 1.2012756690473603,
    "r2": -0.23955419822673618,
    "bias": 1.0447331506119197,
    "mape_pct": 301.7054808379562,
    "n_samples": 8400
  },
  "n_epochs_ran": 74,
  "stop_reason": "early_stopping",
  "model_type": "cnn1d",
  "loss": "huber",
  "learning_rate": 0.0005,
  "dropout": 0.1
}