{
  "fold_name": "loso_val_14",
  "val_subject_id": "14",
  "train_subject_ids": [
    "02",
    "03",
    "08",
    "09",
    "12",
    "13",
    "15",
    "16",
    "17",
    "18",
    "19",
    "20",
    "21",
    "22",
    "25",
    "27",
    "28",
    "29"
  ],
  "best_epoch": 1,
  "best_val_loss": 0.9977738857269287,
  "best_val_metrics": {
    "mae": 1.280041743451853,
    "rmse": 1.5124264815122588,
    "rms": 1.5124264815122588,
    "r2": -0.8429602280058075,
    "bias": 1.1433267579440114,
    "mape_pct": 187.122188065365,
    "n_samples": 7920
  },
  "n_epochs_ran": 31,
  "stop_reason": "early_stopping",
  "model_type": "cnn1d",
  "loss": "huber",
  "learning_rate": 0.0005,
  "dropout": 0.2
}