{
  "fold_name": "loso_val_09",
  "val_subject_id": "09",
  "train_subject_ids": [
    "02",
    "03",
    "08",
    "12",
    "13",
    "14",
    "15",
    "16",
    "17",
    "18",
    "19",
    "20",
    "21",
    "22",
    "25",
    "27",
    "28",
    "29"
  ],
  "best_epoch": 9,
  "best_val_loss": 0.15993714332580566,
  "best_val_metrics": {
    "mae": 0.47723278469166774,
    "rmse": 0.5617961159895402,
    "rms": 0.5617961159895402,
    "r2": 0.5449520075711696,
    "bias": 0.42332094843880946,
    "mape_pct": 239.50326528969578,
    "n_samples": 7200
  },
  "n_epochs_ran": 39,
  "stop_reason": "early_stopping",
  "model_type": "tcn",
  "loss": "huber",
  "learning_rate": 0.001,
  "dropout": 0.1
}