{
  "fold_name": "loso_val_14",
  "val_subject_id": "14",
  "train_subject_ids": [
    "02",
    "03",
    "08",
    "09",
    "12",
    "13",
    "15",
    "16",
    "17",
    "18",
    "19",
    "20",
    "21",
    "22",
    "25",
    "27",
    "28",
    "29"
  ],
  "best_epoch": 14,
  "best_val_loss": 0.7204789817333221,
  "best_val_metrics": {
    "mae": 0.9774118679164843,
    "rmse": 1.0897635824013179,
    "rms": 1.0897635824013179,
    "r2": -0.06561234134837957,
    "bias": 0.929644860347367,
    "mape_pct": 261.87363851355747,
    "n_samples": 4200
  },
  "n_epochs_ran": 44,
  "stop_reason": "early_stopping",
  "model_type": "tcn",
  "loss": "huber",
  "learning_rate": 0.0005,
  "dropout": 0.1
}