{
  "fold_name": "loso_val_08",
  "val_subject_id": "08",
  "train_subject_ids": [
    "02",
    "03",
    "09",
    "12",
    "13",
    "14",
    "15",
    "16",
    "17",
    "18",
    "19",
    "20",
    "21",
    "22",
    "25",
    "27",
    "28",
    "29"
  ],
  "best_epoch": 32,
  "best_val_loss": 0.07400818169116974,
  "best_val_metrics": {
    "mae": 0.3078906061334325,
    "rmse": 0.3779847659993248,
    "rms": 0.3779847659993248,
    "r2": 0.8377895410759666,
    "bias": -0.1905289785350643,
    "mape_pct": 116.78652580376774,
    "n_samples": 3720
  },
  "n_epochs_ran": 62,
  "stop_reason": "early_stopping",
  "model_type": "tcn",
  "loss": "huber",
  "learning_rate": 0.0005,
  "dropout": 0.1
}