{
  "fold_name": "loso_val_09",
  "val_subject_id": "09",
  "train_subject_ids": [
    "02",
    "03",
    "08",
    "12",
    "13",
    "14",
    "15",
    "16",
    "17",
    "18",
    "19",
    "20",
    "21",
    "22",
    "25",
    "27",
    "28",
    "29"
  ],
  "best_epoch": 41,
  "best_val_loss": 0.16669544080893198,
  "best_val_metrics": {
    "mae": 0.42344010506589447,
    "rmse": 0.48611955938682244,
    "rms": 0.48611955938682244,
    "r2": 0.6393593819019394,
    "bias": 0.37476321605613266,
    "mape_pct": 167.3831260809656,
    "n_samples": 3900
  },
  "n_epochs_ran": 71,
  "stop_reason": "early_stopping",
  "model_type": "cnn1d",
  "loss": "huber",
  "learning_rate": 0.001,
  "dropout": 0.1
}