{
  "fold_name": "loso_val_09",
  "val_subject_id": "09",
  "train_subject_ids": [
    "02",
    "03",
    "08",
    "12",
    "13",
    "14",
    "15",
    "16",
    "17",
    "18",
    "19",
    "20",
    "21",
    "22",
    "25",
    "27",
    "28",
    "29"
  ],
  "best_epoch": 1,
  "best_val_loss": 0.16577008366584778,
  "best_val_metrics": {
    "mae": 0.46880263022902785,
    "rmse": 0.5755632670775898,
    "rms": 0.5755632670775898,
    "r2": 0.5281382085268778,
    "bias": 0.294322209889015,
    "mape_pct": 189.40205326708332,
    "n_samples": 5580
  },
  "n_epochs_ran": 31,
  "stop_reason": "early_stopping",
  "model_type": "tcn",
  "loss": "huber",
  "learning_rate": 0.0005,
  "dropout": 0.2
}