{
  "fold_name": "loso_val_13",
  "val_subject_id": "13",
  "train_subject_ids": [
    "02",
    "03",
    "08",
    "09",
    "12",
    "14",
    "15",
    "16",
    "17",
    "18",
    "19",
    "20",
    "21",
    "22",
    "25",
    "27",
    "28",
    "29"
  ],
  "best_epoch": 1,
  "best_val_loss": 0.39129817485809326,
  "best_val_metrics": {
    "mae": 0.7316614168182262,
    "rmse": 0.9618495362231647,
    "rms": 0.9618495362231647,
    "r2": 0.3829633593506424,
    "bias": -0.5106265431886035,
    "mape_pct": 328.03695282692115,
    "n_samples": 7200
  },
  "n_epochs_ran": 31,
  "stop_reason": "early_stopping",
  "model_type": "cnn1d",
  "loss": "huber",
  "learning_rate": 0.0005,
  "dropout": 0.1
}