{
  "fold_name": "loso_val_03",
  "val_subject_id": "03",
  "train_subject_ids": [
    "02",
    "08",
    "09",
    "12",
    "13",
    "14",
    "15",
    "16",
    "17",
    "18",
    "19",
    "20",
    "21",
    "22",
    "25",
    "27",
    "28",
    "29"
  ],
  "best_epoch": 10,
  "best_val_loss": 0.08646441204473376,
  "best_val_metrics": {
    "mae": 0.30791516165072375,
    "rmse": 0.4072855406201721,
    "rms": 0.4072855406201721,
    "r2": 0.8615873997058762,
    "bias": -0.10843485586383055,
    "mape_pct": 61.14253274121112,
    "n_samples": 18450
  },
  "n_epochs_ran": 40,
  "stop_reason": "early_stopping",
  "model_type": "tcn",
  "loss": "huber",
  "learning_rate": 0.001,
  "dropout": 0.1
}