{
  "fold_name": "loso_val_09",
  "val_subject_id": "09",
  "train_subject_ids": [
    "02",
    "03",
    "08",
    "12",
    "13",
    "14",
    "15",
    "16",
    "17",
    "18",
    "19",
    "20",
    "21",
    "22",
    "25",
    "27",
    "28",
    "29"
  ],
  "best_epoch": 1,
  "best_val_loss": 0.18704182654619217,
  "best_val_metrics": {
    "mae": 0.5031667801604649,
    "rmse": 0.6081470340479208,
    "rms": 0.6081470340479208,
    "r2": 0.4692400697658716,
    "bias": 0.3850154593164041,
    "mape_pct": 221.88912041786813,
    "n_samples": 18450
  },
  "n_epochs_ran": 31,
  "stop_reason": "early_stopping",
  "model_type": "tcn",
  "loss": "huber",
  "learning_rate": 0.001,
  "dropout": 0.1
}