{
  "fold_name": "loso_val_21",
  "val_subject_id": "21",
  "train_subject_ids": [
    "02",
    "03",
    "08",
    "09",
    "12",
    "13",
    "14",
    "15",
    "16",
    "17",
    "18",
    "19",
    "20",
    "22",
    "25",
    "27",
    "28",
    "29"
  ],
  "best_epoch": 24,
  "best_val_loss": 0.09562626667320728,
  "best_val_metrics": {
    "mae": 0.33234705186377644,
    "rmse": 0.4267442517782479,
    "rms": 0.4267442517782479,
    "r2": 0.7442503761349651,
    "bias": -0.24809920366386562,
    "mape_pct": 214.46189251294086,
    "n_samples": 18600
  },
  "n_epochs_ran": 54,
  "stop_reason": "early_stopping",
  "model_type": "tcn",
  "loss": "huber",
  "learning_rate": 0.001,
  "dropout": 0.1
}