{
  "fold_name": "loso_val_25",
  "val_subject_id": "25",
  "train_subject_ids": [
    "02",
    "03",
    "08",
    "09",
    "12",
    "13",
    "14",
    "15",
    "16",
    "17",
    "18",
    "19",
    "20",
    "21",
    "22",
    "27",
    "28",
    "29"
  ],
  "best_epoch": 1,
  "best_val_loss": 0.2145455777645111,
  "best_val_metrics": {
    "mae": 0.38407637623414387,
    "rmse": 0.4577150348898558,
    "rms": 0.4577150348898558,
    "r2": 0.5901355540648747,
    "bias": 0.02429080820205311,
    "mape_pct": 107.42519458192716,
    "n_samples": 18750
  },
  "n_epochs_ran": 31,
  "stop_reason": "early_stopping",
  "model_type": "tcn",
  "loss": "mse",
  "learning_rate": 0.001,
  "dropout": 0.1
}