{
  "fold_name": "loso_val_12",
  "val_subject_id": "12",
  "train_subject_ids": [
    "02",
    "03",
    "08",
    "09",
    "13",
    "14",
    "15",
    "16",
    "17",
    "18",
    "19",
    "20",
    "21",
    "22",
    "25",
    "27",
    "28",
    "29"
  ],
  "best_epoch": 17,
  "best_val_loss": 0.13055486977100372,
  "best_val_metrics": {
    "mae": 0.4099391509537933,
    "rmse": 0.4990622377705671,
    "rms": 0.4990622377705671,
    "r2": 0.40982491119784803,
    "bias": -0.25493923365324916,
    "mape_pct": 470.60540571565053,
    "n_samples": 1920
  },
  "n_epochs_ran": 47,
  "stop_reason": "early_stopping",
  "model_type": "cnn1d",
  "loss": "huber",
  "learning_rate": 0.001,
  "dropout": 0.1
}