{
  "fold_name": "loso_val_03",
  "val_subject_id": "03",
  "train_subject_ids": [
    "02",
    "08",
    "09",
    "12",
    "13",
    "14",
    "15",
    "16",
    "17",
    "18",
    "19",
    "20",
    "21",
    "22",
    "25",
    "27",
    "28",
    "29"
  ],
  "best_epoch": 29,
  "best_val_loss": 0.07767265290021896,
  "best_val_metrics": {
    "mae": 0.3092048551053626,
    "rmse": 0.39037510161547245,
    "rms": 0.39037510161547245,
    "r2": 0.8761768994774348,
    "bias": -0.04324349778260137,
    "mape_pct": 60.95927567847158,
    "n_samples": 18450
  },
  "n_epochs_ran": 59,
  "stop_reason": "early_stopping",
  "model_type": "tcn",
  "loss": "huber",
  "learning_rate": 0.001,
  "dropout": 0.1
}