{
  "fold_name": "loso_val_22",
  "val_subject_id": "22",
  "train_subject_ids": [
    "02",
    "03",
    "08",
    "09",
    "12",
    "13",
    "14",
    "15",
    "16",
    "17",
    "18",
    "19",
    "20",
    "21",
    "25",
    "27",
    "28",
    "29"
  ],
  "best_epoch": 21,
  "best_val_loss": 0.04504690133035183,
  "best_val_metrics": {
    "mae": 0.2540107226967013,
    "rmse": 0.32021671151909237,
    "rms": 0.32021671151909237,
    "r2": 0.799202365026419,
    "bias": -0.169869996692201,
    "mape_pct": 679.6960571364826,
    "n_samples": 3900
  },
  "n_epochs_ran": 51,
  "stop_reason": "early_stopping",
  "model_type": "tcn",
  "loss": "huber",
  "learning_rate": 0.0005,
  "dropout": 0.1
}