{
  "fold_name": "loso_val_27",
  "val_subject_id": "27",
  "train_subject_ids": [
    "02",
    "03",
    "08",
    "09",
    "12",
    "13",
    "14",
    "15",
    "16",
    "17",
    "18",
    "19",
    "20",
    "21",
    "22",
    "25",
    "28",
    "29"
  ],
  "best_epoch": 32,
  "best_val_loss": 0.11655465513467789,
  "best_val_metrics": {
    "mae": 0.3564728029698956,
    "rmse": 0.478390313500941,
    "rms": 0.478390313500941,
    "r2": 0.7511871151661935,
    "bias": -0.24064953238901404,
    "mape_pct": 206.65871618996633,
    "n_samples": 18600
  },
  "n_epochs_ran": 62,
  "stop_reason": "early_stopping",
  "model_type": "tcn",
  "loss": "huber",
  "learning_rate": 0.001,
  "dropout": 0.1
}