{
  "fold_name": "loso_val_09",
  "val_subject_id": "09",
  "train_subject_ids": [
    "02",
    "03",
    "08",
    "12",
    "13",
    "14",
    "15",
    "16",
    "17",
    "18",
    "19",
    "20",
    "21",
    "22",
    "25",
    "27",
    "28",
    "29"
  ],
  "best_epoch": 11,
  "best_val_loss": 0.2098075896501541,
  "best_val_metrics": {
    "mae": 0.5703615792571292,
    "rmse": 0.6365017325556817,
    "rms": 0.6365017325556817,
    "r2": 0.40861865074311177,
    "bias": 0.535478794630781,
    "mape_pct": 244.65032821128082,
    "n_samples": 18450
  },
  "n_epochs_ran": 41,
  "stop_reason": "early_stopping",
  "model_type": "tcn",
  "loss": "huber",
  "learning_rate": 0.001,
  "dropout": 0.1
}