{
  "fold_name": "loso_val_13",
  "val_subject_id": "13",
  "train_subject_ids": [
    "02",
    "03",
    "08",
    "09",
    "12",
    "14",
    "15",
    "16",
    "17",
    "18",
    "19",
    "20",
    "21",
    "22",
    "25",
    "27",
    "28",
    "29"
  ],
  "best_epoch": 1,
  "best_val_loss": 0.27223468385636806,
  "best_val_metrics": {
    "mae": 0.6036987007356384,
    "rmse": 0.7499513670762412,
    "rms": 0.7499513670762412,
    "r2": 0.6385553292292898,
    "bias": -0.4804070248260909,
    "mape_pct": 375.6840632065501,
    "n_samples": 18600
  },
  "n_epochs_ran": 31,
  "stop_reason": "early_stopping",
  "model_type": "tcn",
  "loss": "huber",
  "learning_rate": 0.001,
  "dropout": 0.1
}