{
  "fold_name": "loso_val_03",
  "val_subject_id": "03",
  "train_subject_ids": [
    "02",
    "08",
    "09",
    "12",
    "13",
    "14",
    "15",
    "16",
    "17",
    "18",
    "19",
    "20",
    "21",
    "22",
    "25",
    "27",
    "28",
    "29"
  ],
  "best_epoch": 28,
  "best_val_loss": 0.08757376670837402,
  "best_val_metrics": {
    "mae": 0.3209519552018113,
    "rmse": 0.4114239448396093,
    "rms": 0.4114239448396093,
    "r2": 0.8587822696101981,
    "bias": -0.05448421273955925,
    "mape_pct": 66.15500473133079,
    "n_samples": 3840
  },
  "n_epochs_ran": 58,
  "stop_reason": "early_stopping",
  "model_type": "tcn",
  "loss": "huber",
  "learning_rate": 0.0005,
  "dropout": 0.1
}