{
  "fold_name": "loso_val_17",
  "val_subject_id": "17",
  "train_subject_ids": [
    "02",
    "03",
    "08",
    "09",
    "12",
    "13",
    "14",
    "15",
    "16",
    "18",
    "19",
    "20",
    "21",
    "22",
    "25",
    "27",
    "28",
    "29"
  ],
  "best_epoch": 35,
  "best_val_loss": 0.04920682869851589,
  "best_val_metrics": {
    "mae": 0.23221312121474696,
    "rmse": 0.30467046148064575,
    "rms": 0.30467046148064575,
    "r2": 0.8662880436775736,
    "bias": -0.0614181853266732,
    "mape_pct": 85.73439055266196,
    "n_samples": 7440
  },
  "n_epochs_ran": 65,
  "stop_reason": "early_stopping",
  "model_type": "cnn1d",
  "loss": "huber",
  "learning_rate": 0.001,
  "dropout": 0.1
}