{
  "fold_name": "loso_val_15",
  "val_subject_id": "15",
  "train_subject_ids": [
    "02",
    "03",
    "08",
    "09",
    "12",
    "13",
    "14",
    "16",
    "17",
    "18",
    "19",
    "20",
    "21",
    "22",
    "25",
    "27",
    "28",
    "29"
  ],
  "best_epoch": 17,
  "best_val_loss": 0.5900006294250488,
  "best_val_metrics": {
    "mae": 0.9072320131382147,
    "rmse": 1.2980108260361511,
    "rms": 1.2980108260361511,
    "r2": -0.08923652462382559,
    "bias": -0.7082556230643504,
    "mape_pct": 115.52828872202376,
    "n_samples": 11340
  },
  "n_epochs_ran": 47,
  "stop_reason": "early_stopping",
  "model_type": "tcn",
  "loss": "huber",
  "learning_rate": 0.001,
  "dropout": 0.1
}