{
  "fold_name": "loso_val_09",
  "val_subject_id": "09",
  "train_subject_ids": [
    "02",
    "03",
    "08",
    "12",
    "13",
    "14",
    "15",
    "16",
    "17",
    "18",
    "19",
    "20",
    "21",
    "22",
    "25",
    "27",
    "28",
    "29"
  ],
  "best_epoch": 1,
  "best_val_loss": 0.1350637935101986,
  "best_val_metrics": {
    "mae": 0.4147548270955909,
    "rmse": 0.5169452781405908,
    "rms": 0.5169452781405908,
    "r2": 0.6122631019111837,
    "bias": 0.14311579992756746,
    "mape_pct": 182.47680315013363,
    "n_samples": 10980
  },
  "n_epochs_ran": 31,
  "stop_reason": "early_stopping",
  "model_type": "cnn1d",
  "loss": "huber",
  "learning_rate": 0.0005,
  "dropout": 0.2
}