{
  "fold_name": "loso_val_14",
  "val_subject_id": "14",
  "train_subject_ids": [
    "02",
    "03",
    "08",
    "09",
    "12",
    "13",
    "15",
    "16",
    "17",
    "18",
    "19",
    "20",
    "21",
    "22",
    "25",
    "27",
    "28",
    "29"
  ],
  "best_epoch": 34,
  "best_val_loss": 0.7091059386730194,
  "best_val_metrics": {
    "mae": 0.9749259581784238,
    "rmse": 1.0782349040863966,
    "rms": 1.0782349040863966,
    "r2": -0.0033417091871779103,
    "bias": 0.9368442602310477,
    "mape_pct": 256.4125940621098,
    "n_samples": 6120
  },
  "n_epochs_ran": 64,
  "stop_reason": "early_stopping",
  "model_type": "tcn",
  "loss": "huber",
  "learning_rate": 0.0005,
  "dropout": 0.2
}