{
  "fold_name": "loso_val_14",
  "val_subject_id": "14",
  "train_subject_ids": [
    "02",
    "03",
    "08",
    "09",
    "12",
    "13",
    "15",
    "16",
    "17",
    "18",
    "19",
    "20",
    "21",
    "22",
    "25",
    "27",
    "28",
    "29"
  ],
  "best_epoch": 46,
  "best_val_loss": 0.8009631037712097,
  "best_val_metrics": {
    "mae": 1.1426807414977125,
    "rmse": 1.2683090820218523,
    "rms": 1.2683090820218523,
    "r2": -0.31959238244931076,
    "bias": 1.1119282908426042,
    "mape_pct": 300.4542667937547,
    "n_samples": 15840
  },
  "n_epochs_ran": 76,
  "stop_reason": "early_stopping",
  "model_type": "cnn1d",
  "loss": "huber",
  "learning_rate": 0.0005,
  "dropout": 0.2
}