{
  "fold_name": "loso_val_14",
  "val_subject_id": "14",
  "train_subject_ids": [
    "02",
    "03",
    "08",
    "09",
    "12",
    "13",
    "15",
    "16",
    "17",
    "18",
    "19",
    "20",
    "21",
    "22",
    "25",
    "27",
    "28",
    "29"
  ],
  "best_epoch": 43,
  "best_val_loss": 0.6698074638843536,
  "best_val_metrics": {
    "mae": 1.0081684083474103,
    "rmse": 1.1373398253632594,
    "rms": 1.1373398253632594,
    "r2": -0.08162688764558634,
    "bias": 0.9555388216689583,
    "mape_pct": 267.7860086046761,
    "n_samples": 12240
  },
  "n_epochs_ran": 73,
  "stop_reason": "early_stopping",
  "model_type": "cnn1d",
  "loss": "huber",
  "learning_rate": 0.001,
  "dropout": 0.1
}