{
  "fold_name": "loso_val_08",
  "val_subject_id": "08",
  "train_subject_ids": [
    "02",
    "03",
    "09",
    "12",
    "13",
    "14",
    "15",
    "16",
    "17",
    "18",
    "19",
    "20",
    "21",
    "22",
    "25",
    "27",
    "28",
    "29"
  ],
  "best_epoch": 40,
  "best_val_loss": 0.0615561306476593,
  "best_val_metrics": {
    "mae": 0.2717622489275371,
    "rmse": 0.3443825836661268,
    "rms": 0.3443825836661268,
    "r2": 0.8620826140455826,
    "bias": -0.18242999451805747,
    "mape_pct": 107.5865355080042,
    "n_samples": 7440
  },
  "n_epochs_ran": 70,
  "stop_reason": "early_stopping",
  "model_type": "cnn1d",
  "loss": "huber",
  "learning_rate": 0.001,
  "dropout": 0.1
}