{
  "fold_name": "loso_val_08",
  "val_subject_id": "08",
  "train_subject_ids": [
    "02",
    "03",
    "09",
    "12",
    "13",
    "14",
    "15",
    "16",
    "17",
    "18",
    "19",
    "20",
    "21",
    "22",
    "25",
    "27",
    "28",
    "29"
  ],
  "best_epoch": 23,
  "best_val_loss": 0.07036657631397247,
  "best_val_metrics": {
    "mae": 0.291234536535679,
    "rmse": 0.36368661693881765,
    "rms": 0.36368661693881765,
    "r2": 0.8449808778786019,
    "bias": -0.15349469220770212,
    "mape_pct": 130.15721920323315,
    "n_samples": 3840
  },
  "n_epochs_ran": 53,
  "stop_reason": "early_stopping",
  "model_type": "tcn",
  "loss": "huber",
  "learning_rate": 0.001,
  "dropout": 0.2
}