{
  "fold_name": "loso_val_03",
  "val_subject_id": "03",
  "train_subject_ids": [
    "02",
    "08",
    "09",
    "12",
    "13",
    "14",
    "15",
    "16",
    "17",
    "18",
    "19",
    "20",
    "21",
    "22",
    "25",
    "27",
    "28",
    "29"
  ],
  "best_epoch": 34,
  "best_val_loss": 0.08170430362224579,
  "best_val_metrics": {
    "mae": 0.3055564669280708,
    "rmse": 0.39670155300240506,
    "rms": 0.39670155300240506,
    "r2": 0.8683846255908516,
    "bias": -0.048184240518730805,
    "mape_pct": 66.94407985082645,
    "n_samples": 3840
  },
  "n_epochs_ran": 64,
  "stop_reason": "early_stopping",
  "model_type": "tcn",
  "loss": "huber",
  "learning_rate": 0.001,
  "dropout": 0.1
}