{
  "fold_name": "loso_val_29",
  "val_subject_id": "29",
  "train_subject_ids": [
    "02",
    "03",
    "08",
    "09",
    "12",
    "13",
    "14",
    "15",
    "16",
    "17",
    "18",
    "19",
    "20",
    "21",
    "22",
    "25",
    "27",
    "28"
  ],
  "best_epoch": 11,
  "best_val_loss": 0.05777261313050985,
  "best_val_metrics": {
    "mae": 0.3146181395003982,
    "rmse": 0.38764247531739005,
    "rms": 0.38764247531739005,
    "r2": 0.7652529114244047,
    "bias": 0.1446808193075927,
    "mape_pct": 114.53022541245703,
    "n_samples": 1980
  },
  "n_epochs_ran": 41,
  "stop_reason": "early_stopping",
  "model_type": "tcn",
  "loss": "huber",
  "learning_rate": 0.001,
  "dropout": 0.1
}