{
  "fold_name": "loso_val_08",
  "val_subject_id": "08",
  "train_subject_ids": [
    "02",
    "03",
    "09",
    "12",
    "13",
    "14",
    "15",
    "16",
    "17",
    "18",
    "19",
    "20",
    "21",
    "22",
    "25",
    "27",
    "28",
    "29"
  ],
  "best_epoch": 23,
  "best_val_loss": 0.0888778418302536,
  "best_val_metrics": {
    "mae": 0.34741452179143967,
    "rmse": 0.4157968821508457,
    "rms": 0.4157968821508457,
    "r2": 0.804561391605537,
    "bias": -0.26658729324277874,
    "mape_pct": 132.759921835307,
    "n_samples": 6960
  },
  "n_epochs_ran": 53,
  "stop_reason": "early_stopping",
  "model_type": "tcn",
  "loss": "huber",
  "learning_rate": 0.0005,
  "dropout": 0.1
}