{
  "fold_name": "loso_val_29",
  "val_subject_id": "29",
  "train_subject_ids": [
    "02",
    "03",
    "08",
    "09",
    "12",
    "13",
    "14",
    "15",
    "16",
    "17",
    "18",
    "19",
    "20",
    "21",
    "22",
    "25",
    "27",
    "28"
  ],
  "best_epoch": 33,
  "best_val_loss": 0.08168634725734591,
  "best_val_metrics": {
    "mae": 0.1945730341036641,
    "rmse": 0.274573141625084,
    "rms": 0.274573141625084,
    "r2": 0.8912740222491884,
    "bias": 0.0374791990662925,
    "mape_pct": 72.29902258158907,
    "n_samples": 18900
  },
  "n_epochs_ran": 63,
  "stop_reason": "early_stopping",
  "model_type": "tcn",
  "loss": "mse",
  "learning_rate": 0.001,
  "dropout": 0.1
}