{
  "fold_name": "loso_val_25",
  "val_subject_id": "25",
  "train_subject_ids": [
    "02",
    "03",
    "08",
    "09",
    "12",
    "13",
    "14",
    "15",
    "16",
    "17",
    "18",
    "19",
    "20",
    "21",
    "22",
    "27",
    "28",
    "29"
  ],
  "best_epoch": 1,
  "best_val_loss": 0.11925753206014633,
  "best_val_metrics": {
    "mae": 0.41082638984498876,
    "rmse": 0.482773409271625,
    "rms": 0.482773409271625,
    "r2": 0.5440174877996573,
    "bias": -0.059161287718787786,
    "mape_pct": 114.31999415413658,
    "n_samples": 18750
  },
  "n_epochs_ran": 31,
  "stop_reason": "early_stopping",
  "model_type": "tcn",
  "loss": "huber",
  "learning_rate": 0.001,
  "dropout": 0.1
}