{
  "fold_name": "loso_val_08",
  "val_subject_id": "08",
  "train_subject_ids": [
    "02",
    "03",
    "09",
    "12",
    "13",
    "14",
    "15",
    "16",
    "17",
    "18",
    "19",
    "20",
    "21",
    "22",
    "25",
    "27",
    "28",
    "29"
  ],
  "best_epoch": 126,
  "best_val_loss": 0.06366206705570221,
  "best_val_metrics": {
    "mae": 0.2809393481769119,
    "rmse": 0.3499105706270906,
    "rms": 0.3499105706270906,
    "r2": 0.8588072996970744,
    "bias": -0.17423316080030823,
    "mape_pct": 118.86569342454476,
    "n_samples": 18150
  },
  "n_epochs_ran": 156,
  "stop_reason": "early_stopping",
  "model_type": "tcn",
  "loss": "huber",
  "learning_rate": 0.001,
  "dropout": 0.1
}