{
  "fold_name": "loso_val_13",
  "val_subject_id": "13",
  "train_subject_ids": [
    "02",
    "03",
    "08",
    "09",
    "12",
    "14",
    "15",
    "16",
    "17",
    "18",
    "19",
    "20",
    "21",
    "22",
    "25",
    "27",
    "28",
    "29"
  ],
  "best_epoch": 2,
  "best_val_loss": 0.26068082824349403,
  "best_val_metrics": {
    "mae": 0.5669631630446266,
    "rmse": 0.730201339011307,
    "rms": 0.730201339011307,
    "r2": 0.652093389963359,
    "bias": -0.4748792825289126,
    "mape_pct": 252.1448692534936,
    "n_samples": 18600
  },
  "n_epochs_ran": 32,
  "stop_reason": "early_stopping",
  "model_type": "tcn",
  "loss": "huber",
  "learning_rate": 0.001,
  "dropout": 0.1
}