{
  "fold_name": "loso_val_02",
  "val_subject_id": "02",
  "train_subject_ids": [
    "03",
    "08",
    "09",
    "12",
    "13",
    "14",
    "15",
    "16",
    "17",
    "18",
    "19",
    "20",
    "21",
    "22",
    "25",
    "27",
    "28",
    "29"
  ],
  "best_epoch": 79,
  "best_val_loss": 0.062024008482694626,
  "best_val_metrics": {
    "mae": 0.3169394114861121,
    "rmse": 0.38928001365433373,
    "rms": 0.38928001365433373,
    "r2": 0.7433811866658848,
    "bias": 0.1937397633935854,
    "mape_pct": 136.9631315713996,
    "n_samples": 1980
  },
  "n_epochs_ran": 109,
  "stop_reason": "early_stopping",
  "model_type": "tcn",
  "loss": "huber",
  "learning_rate": 0.001,
  "dropout": 0.2
}