{
  "fold_name": "loso_val_15",
  "val_subject_id": "15",
  "train_subject_ids": [
    "02",
    "03",
    "08",
    "09",
    "12",
    "13",
    "14",
    "16",
    "17",
    "18",
    "19",
    "20",
    "21",
    "22",
    "25",
    "27",
    "28",
    "29"
  ],
  "best_epoch": 2,
  "best_val_loss": 0.5420423708856106,
  "best_val_metrics": {
    "mae": 0.9003418013796679,
    "rmse": 1.1750316863143802,
    "rms": 1.1750316863143802,
    "r2": 0.0836039492548013,
    "bias": -0.5622637768341058,
    "mape_pct": 103.50583236286973,
    "n_samples": 19050
  },
  "n_epochs_ran": 32,
  "stop_reason": "early_stopping",
  "model_type": "tcn",
  "loss": "huber",
  "learning_rate": 0.001,
  "dropout": 0.1
}