{
  "fold_name": "loso_val_12",
  "val_subject_id": "12",
  "train_subject_ids": [
    "02",
    "03",
    "08",
    "09",
    "13",
    "14",
    "15",
    "16",
    "17",
    "18",
    "19",
    "20",
    "21",
    "22",
    "25",
    "27",
    "28",
    "29"
  ],
  "best_epoch": 2,
  "best_val_loss": 0.15729184448719025,
  "best_val_metrics": {
    "mae": 0.45220709261677916,
    "rmse": 0.5661226412857155,
    "rms": 0.5661226412857155,
    "r2": 0.2863265017056674,
    "bias": -0.1659563484523244,
    "mape_pct": 601.9711707673503,
    "n_samples": 10620
  },
  "n_epochs_ran": 32,
  "stop_reason": "early_stopping",
  "model_type": "tcn",
  "loss": "huber",
  "learning_rate": 0.0005,
  "dropout": 0.2
}