{
  "fold_name": "loso_val_19",
  "val_subject_id": "19",
  "train_subject_ids": [
    "02",
    "03",
    "08",
    "09",
    "12",
    "13",
    "14",
    "15",
    "16",
    "17",
    "18",
    "20",
    "21",
    "22",
    "25",
    "27",
    "28",
    "29"
  ],
  "best_epoch": 10,
  "best_val_loss": 0.4968847632408142,
  "best_val_metrics": {
    "mae": 0.5384842052748033,
    "rmse": 0.6840166938832998,
    "rms": 0.6840166938832998,
    "r2": 0.5357239054291214,
    "bias": -0.010532252667865977,
    "mape_pct": 93.63480414857618,
    "n_samples": 18900
  },
  "n_epochs_ran": 40,
  "stop_reason": "early_stopping",
  "model_type": "tcn",
  "loss": "mse",
  "learning_rate": 0.001,
  "dropout": 0.1
}