{
  "fold_name": "loso_val_17",
  "val_subject_id": "17",
  "train_subject_ids": [
    "02",
    "03",
    "08",
    "09",
    "12",
    "13",
    "14",
    "15",
    "16",
    "18",
    "19",
    "20",
    "21",
    "22",
    "25",
    "27",
    "28",
    "29"
  ],
  "best_epoch": 17,
  "best_val_loss": 0.0642489967867732,
  "best_val_metrics": {
    "mae": 0.2506006126106427,
    "rmse": 0.3476760833279659,
    "rms": 0.3476760833279659,
    "r2": 0.8140174695235417,
    "bias": -0.15458956453357514,
    "mape_pct": 81.84260211523429,
    "n_samples": 18150
  },
  "n_epochs_ran": 47,
  "stop_reason": "early_stopping",
  "model_type": "tcn",
  "loss": "huber",
  "learning_rate": 0.001,
  "dropout": 0.1
}