{
  "fold_name": "loso_val_14",
  "val_subject_id": "14",
  "train_subject_ids": [
    "02",
    "03",
    "08",
    "09",
    "12",
    "13",
    "15",
    "16",
    "17",
    "18",
    "19",
    "20",
    "21",
    "22",
    "25",
    "27",
    "28",
    "29"
  ],
  "best_epoch": 24,
  "best_val_loss": 0.5894007583459219,
  "best_val_metrics": {
    "mae": 0.9171098451964995,
    "rmse": 1.0200395077237605,
    "rms": 1.0200395077237605,
    "r2": 0.086435192566504,
    "bias": 0.8754599148871087,
    "mape_pct": 222.99797357726936,
    "n_samples": 20550
  },
  "n_epochs_ran": 54,
  "stop_reason": "early_stopping",
  "model_type": "tcn",
  "loss": "huber",
  "learning_rate": 0.001,
  "dropout": 0.1
}