{
  "fold_name": "loso_val_14",
  "val_subject_id": "14",
  "train_subject_ids": [
    "02",
    "03",
    "08",
    "09",
    "12",
    "13",
    "15",
    "16",
    "17",
    "18",
    "19",
    "20",
    "21",
    "22",
    "25",
    "27",
    "28",
    "29"
  ],
  "best_epoch": 49,
  "best_val_loss": 0.7875881989796957,
  "best_val_metrics": {
    "mae": 1.1441291916353233,
    "rmse": 1.2775152866818034,
    "rms": 1.2775152866818034,
    "r2": -0.3548993979931707,
    "bias": 1.112424134041789,
    "mape_pct": 291.76434825617105,
    "n_samples": 12240
  },
  "n_epochs_ran": 79,
  "stop_reason": "early_stopping",
  "model_type": "cnn1d",
  "loss": "huber",
  "learning_rate": 0.0005,
  "dropout": 0.2
}