{
  "fold_name": "loso_val_13",
  "val_subject_id": "13",
  "train_subject_ids": [
    "02",
    "03",
    "08",
    "09",
    "12",
    "14",
    "15",
    "16",
    "17",
    "18",
    "19",
    "20",
    "21",
    "22",
    "25",
    "27",
    "28",
    "29"
  ],
  "best_epoch": 10,
  "best_val_loss": 0.6153012104332447,
  "best_val_metrics": {
    "mae": 0.5982214139320923,
    "rmse": 0.7629909042665397,
    "rms": 0.7629909042665397,
    "r2": 0.6213383587940582,
    "bias": -0.46349759931129064,
    "mape_pct": 243.99234981825924,
    "n_samples": 18600
  },
  "n_epochs_ran": 40,
  "stop_reason": "early_stopping",
  "model_type": "tcn",
  "loss": "mse",
  "learning_rate": 0.001,
  "dropout": 0.1
}