{
  "fold_name": "loso_val_12",
  "val_subject_id": "12",
  "train_subject_ids": [
    "02",
    "03",
    "08",
    "09",
    "13",
    "14",
    "15",
    "16",
    "17",
    "18",
    "19",
    "20",
    "21",
    "22",
    "25",
    "27",
    "28",
    "29"
  ],
  "best_epoch": 1,
  "best_val_loss": 0.29116579331457615,
  "best_val_metrics": {
    "mae": 0.43510768242513753,
    "rmse": 0.5338887060953368,
    "rms": 0.5338887060953368,
    "r2": 0.36011694026331087,
    "bias": -0.108632752556066,
    "mape_pct": 592.2742733710612,
    "n_samples": 18000
  },
  "n_epochs_ran": 31,
  "stop_reason": "early_stopping",
  "model_type": "tcn",
  "loss": "mse",
  "learning_rate": 0.001,
  "dropout": 0.1
}