{
  "fold_name": "loso_val_21",
  "val_subject_id": "21",
  "train_subject_ids": [
    "02",
    "03",
    "08",
    "09",
    "12",
    "13",
    "14",
    "15",
    "16",
    "17",
    "18",
    "19",
    "20",
    "22",
    "25",
    "27",
    "28",
    "29"
  ],
  "best_epoch": 64,
  "best_val_loss": 0.1085161417722702,
  "best_val_metrics": {
    "mae": 0.3489292444726144,
    "rmse": 0.45211668155336054,
    "rms": 0.45211668155336054,
    "r2": 0.6956995719908179,
    "bias": -0.27121312531905906,
    "mape_pct": 226.23387016250427,
    "n_samples": 5580
  },
  "n_epochs_ran": 94,
  "stop_reason": "early_stopping",
  "model_type": "tcn",
  "loss": "huber",
  "learning_rate": 0.001,
  "dropout": 0.2
}