{
  "fold_name": "loso_val_08",
  "val_subject_id": "08",
  "train_subject_ids": [
    "02",
    "03",
    "09",
    "12",
    "13",
    "14",
    "15",
    "16",
    "17",
    "18",
    "19",
    "20",
    "21",
    "22",
    "25",
    "27",
    "28",
    "29"
  ],
  "best_epoch": 41,
  "best_val_loss": 0.06967569515109062,
  "best_val_metrics": {
    "mae": 0.2960444493283151,
    "rmse": 0.36944628022312853,
    "rms": 0.36944628022312853,
    "r2": 0.8422898368415781,
    "bias": -0.21853528853078324,
    "mape_pct": 113.62372213141938,
    "n_samples": 13920
  },
  "n_epochs_ran": 71,
  "stop_reason": "early_stopping",
  "model_type": "cnn1d",
  "loss": "huber",
  "learning_rate": 0.0005,
  "dropout": 0.1
}