{
  "fold_name": "loso_val_02",
  "val_subject_id": "02",
  "train_subject_ids": [
    "03",
    "08",
    "09",
    "12",
    "13",
    "14",
    "15",
    "16",
    "17",
    "18",
    "19",
    "20",
    "21",
    "22",
    "25",
    "27",
    "28",
    "29"
  ],
  "best_epoch": 15,
  "best_val_loss": 0.15619505289942026,
  "best_val_metrics": {
    "mae": 0.3073355463341558,
    "rmse": 0.38474731760589076,
    "rms": 0.38474731760589076,
    "r2": 0.7656852787347306,
    "bias": 0.21133040437113282,
    "mape_pct": 140.15791435354154,
    "n_samples": 18900
  },
  "n_epochs_ran": 45,
  "stop_reason": "early_stopping",
  "model_type": "tcn",
  "loss": "mse",
  "learning_rate": 0.001,
  "dropout": 0.1
}