{
  "fold_name": "loso_val_08",
  "val_subject_id": "08",
  "train_subject_ids": [
    "02",
    "03",
    "09",
    "12",
    "13",
    "14",
    "15",
    "16",
    "17",
    "18",
    "19",
    "20",
    "21",
    "22",
    "25",
    "27",
    "28",
    "29"
  ],
  "best_epoch": 11,
  "best_val_loss": 0.07729333639144897,
  "best_val_metrics": {
    "mae": 0.3155592723835951,
    "rmse": 0.38621226326106217,
    "rms": 0.38621226326106217,
    "r2": 0.8307724288843799,
    "bias": -0.19212853069998004,
    "mape_pct": 121.56230520008755,
    "n_samples": 3720
  },
  "n_epochs_ran": 41,
  "stop_reason": "early_stopping",
  "model_type": "tcn",
  "loss": "huber",
  "learning_rate": 0.001,
  "dropout": 0.2
}