{
  "fold_name": "loso_val_15",
  "val_subject_id": "15",
  "train_subject_ids": [
    "02",
    "03",
    "08",
    "09",
    "12",
    "13",
    "14",
    "16",
    "17",
    "18",
    "19",
    "20",
    "21",
    "22",
    "25",
    "27",
    "28",
    "29"
  ],
  "best_epoch": 18,
  "best_val_loss": 0.5619016687075297,
  "best_val_metrics": {
    "mae": 0.9159981217436882,
    "rmse": 1.0653978120965173,
    "rms": 1.0653978120965173,
    "r2": -0.06989207411815812,
    "bias": -0.7577797424553231,
    "mape_pct": 116.92908785519147,
    "n_samples": 4020
  },
  "n_epochs_ran": 48,
  "stop_reason": "early_stopping",
  "model_type": "tcn",
  "loss": "huber",
  "learning_rate": 0.0005,
  "dropout": 0.1
}