{
  "fold_name": "loso_val_03",
  "val_subject_id": "03",
  "train_subject_ids": [
    "02",
    "08",
    "09",
    "12",
    "13",
    "14",
    "15",
    "16",
    "17",
    "18",
    "19",
    "20",
    "21",
    "22",
    "25",
    "27",
    "28",
    "29"
  ],
  "best_epoch": 9,
  "best_val_loss": 0.09508975595235825,
  "best_val_metrics": {
    "mae": 0.345389926348964,
    "rmse": 0.4377886574273739,
    "rms": 0.4377886574273739,
    "r2": 0.8476327280409599,
    "bias": -0.05045119093726456,
    "mape_pct": 86.02378964524044,
    "n_samples": 5580
  },
  "n_epochs_ran": 39,
  "stop_reason": "early_stopping",
  "model_type": "cnn1d",
  "loss": "huber",
  "learning_rate": 0.0005,
  "dropout": 0.2
}