val_subject_id,n_train_windows,n_val_windows,best_epoch,best_val_loss,mae,rmse,rms,r2,bias,mape_pct
02,2227,126,8,0.08351393416523933,0.30634723603142117,0.3993461012848672,0.3993461012848672,0.734473275753941,0.14946115378786257,127.19080415036376
03,2230,123,20,0.0741628147661686,0.27558627372448585,0.37118665802633427,0.37118665802633427,0.8842132141476603,-0.0999747805196166,52.26525216297523
08,2232,121,17,0.06287188176065683,0.28562105569716534,0.3518480315821328,0.3518480315821328,0.8580784156651584,-0.16574003773102583,114.9166558702624
09,2230,123,3,0.18073810823261738,0.5173373620471662,0.5909379072253587,0.5909379072253587,0.4927899972930996,0.4812484391905029,239.84751731043002
12,2233,120,1,0.21573202311992645,0.5317246928294157,0.6746852365178391,0.6746852365178391,-0.01495780223673604,-0.2641914896204673,773.0881881663449
13,2229,124,10,0.260853610932827,0.5575623338009476,0.7279390119764118,0.7279390119764118,0.649389621320732,-0.45748481193440965,270.47823037995266
14,2216,137,4,0.6669565141201019,1.05153638321188,1.1847834040947558,1.1847834040947558,-0.1966168129190271,1.0179163191357283,258.0151154964726
