{
  "fold_name": "loso_val_12",
  "val_subject_id": "12",
  "train_subject_ids": [
    "02",
    "03",
    "08",
    "09",
    "13",
    "14",
    "15",
    "16",
    "17",
    "18",
    "19",
    "20",
    "21",
    "22",
    "25",
    "27",
    "28",
    "29"
  ],
  "best_epoch": 5,
  "best_val_loss": 0.1488507091999054,
  "best_val_metrics": {
    "mae": 0.4292236470996011,
    "rmse": 0.5444225390858703,
    "rms": 0.5444225390858703,
    "r2": 0.3267134494498388,
    "bias": 0.0013477919673302,
    "mape_pct": 511.8392886050565,
    "n_samples": 3780
  },
  "n_epochs_ran": 35,
  "stop_reason": "early_stopping",
  "model_type": "tcn",
  "loss": "huber",
  "learning_rate": 0.001,
  "dropout": 0.1
}