{
  "fold_name": "loso_val_03",
  "val_subject_id": "03",
  "train_subject_ids": [
    "02",
    "08",
    "09",
    "12",
    "13",
    "14",
    "15",
    "16",
    "17",
    "18",
    "19",
    "20",
    "21",
    "22",
    "25",
    "27",
    "28",
    "29"
  ],
  "best_epoch": 20,
  "best_val_loss": 0.0741628147661686,
  "best_val_metrics": {
    "mae": 0.27558627372448585,
    "rmse": 0.37118665802633427,
    "rms": 0.37118665802633427,
    "r2": 0.8842132141476603,
    "bias": -0.0999747805196166,
    "mape_pct": 52.26525216297523,
    "n_samples": 18450
  },
  "n_epochs_ran": 50,
  "stop_reason": "early_stopping",
  "model_type": "tcn",
  "loss": "huber",
  "learning_rate": 0.001,
  "dropout": 0.1
}