{
  "fold_name": "loso_val_17",
  "val_subject_id": "17",
  "train_subject_ids": [
    "02",
    "03",
    "08",
    "09",
    "12",
    "13",
    "14",
    "15",
    "16",
    "18",
    "19",
    "20",
    "21",
    "22",
    "25",
    "27",
    "28",
    "29"
  ],
  "best_epoch": 37,
  "best_val_loss": 0.08471166342496872,
  "best_val_metrics": {
    "mae": 0.29366340045160844,
    "rmse": 0.4011348231086024,
    "rms": 0.4011348231086024,
    "r2": 0.7632627142508213,
    "bias": -0.04622530241102443,
    "mape_pct": 106.01326550699646,
    "n_samples": 1920
  },
  "n_epochs_ran": 67,
  "stop_reason": "early_stopping",
  "model_type": "tcn",
  "loss": "huber",
  "learning_rate": 0.001,
  "dropout": 0.2
}