{
  "fold_name": "loso_val_17",
  "val_subject_id": "17",
  "train_subject_ids": [
    "02",
    "03",
    "08",
    "09",
    "12",
    "13",
    "14",
    "15",
    "16",
    "18",
    "19",
    "20",
    "21",
    "22",
    "25",
    "27",
    "28",
    "29"
  ],
  "best_epoch": 11,
  "best_val_loss": 0.14494467340409756,
  "best_val_metrics": {
    "mae": 0.27545832286492317,
    "rmse": 0.3604717950070642,
    "rms": 0.3604717950070642,
    "r2": 0.808642123354801,
    "bias": -0.19694188912148644,
    "mape_pct": 117.52549515740066,
    "n_samples": 18150
  },
  "n_epochs_ran": 41,
  "stop_reason": "early_stopping",
  "model_type": "tcn",
  "loss": "mse",
  "learning_rate": 0.001,
  "dropout": 0.1
}