{
  "fold_name": "loso_val_16",
  "val_subject_id": "16",
  "train_subject_ids": [
    "02",
    "03",
    "08",
    "09",
    "12",
    "13",
    "14",
    "15",
    "17",
    "18",
    "19",
    "20",
    "21",
    "22",
    "25",
    "27",
    "28",
    "29"
  ],
  "best_epoch": 1,
  "best_val_loss": 0.17322943359613419,
  "best_val_metrics": {
    "mae": 0.3323525224587585,
    "rmse": 0.40923615290770776,
    "rms": 0.40923615290770776,
    "r2": 0.6506813712702297,
    "bias": 0.14148335742674173,
    "mape_pct": 83.65152275618699,
    "n_samples": 17850
  },
  "n_epochs_ran": 31,
  "stop_reason": "early_stopping",
  "model_type": "tcn",
  "loss": "mse",
  "learning_rate": 0.001,
  "dropout": 0.1
}