{
  "fold_name": "loso_val_12",
  "val_subject_id": "12",
  "train_subject_ids": [
    "02",
    "03",
    "08",
    "09",
    "13",
    "14",
    "15",
    "16",
    "17",
    "18",
    "19",
    "20",
    "21",
    "22",
    "25",
    "27",
    "28",
    "29"
  ],
  "best_epoch": 1,
  "best_val_loss": 0.4663502722978592,
  "best_val_metrics": {
    "mae": 0.5383607701814133,
    "rmse": 0.6820411405377766,
    "rms": 0.6820411405377766,
    "r2": -0.03501813473058202,
    "bias": -0.2291615174732708,
    "mape_pct": 740.098923643279,
    "n_samples": 18000
  },
  "n_epochs_ran": 31,
  "stop_reason": "early_stopping",
  "model_type": "tcn",
  "loss": "mse",
  "learning_rate": 0.001,
  "dropout": 0.1
}