{
  "fold_name": "loso_val_15",
  "val_subject_id": "15",
  "train_subject_ids": [
    "02",
    "03",
    "08",
    "09",
    "12",
    "13",
    "14",
    "16",
    "17",
    "18",
    "19",
    "20",
    "21",
    "22",
    "25",
    "27",
    "28",
    "29"
  ],
  "best_epoch": 21,
  "best_val_loss": 1.3364142030477524,
  "best_val_metrics": {
    "mae": 0.7904070706452364,
    "rmse": 1.1248362361603204,
    "rms": 1.1248362361603204,
    "r2": 0.15171464347351027,
    "bias": -0.5924493586732529,
    "mape_pct": 106.97882295027989,
    "n_samples": 19050
  },
  "n_epochs_ran": 51,
  "stop_reason": "early_stopping",
  "model_type": "tcn",
  "loss": "mse",
  "learning_rate": 0.001,
  "dropout": 0.1
}