{
  "fold_name": "loso_val_12",
  "val_subject_id": "12",
  "train_subject_ids": [
    "02",
    "03",
    "08",
    "09",
    "13",
    "14",
    "15",
    "16",
    "17",
    "18",
    "19",
    "20",
    "21",
    "22",
    "25",
    "27",
    "28",
    "29"
  ],
  "best_epoch": 38,
  "best_val_loss": 0.04941140115261078,
  "best_val_metrics": {
    "mae": 0.25020286264950103,
    "rmse": 0.3118166673018916,
    "rms": 0.3118166673018916,
    "r2": 0.7806837524072614,
    "bias": -0.09579786974389773,
    "mape_pct": 262.8060480539742,
    "n_samples": 6960
  },
  "n_epochs_ran": 68,
  "stop_reason": "early_stopping",
  "model_type": "cnn1d",
  "loss": "huber",
  "learning_rate": 0.001,
  "dropout": 0.1
}