{
  "fold_name": "loso_val_12",
  "val_subject_id": "12",
  "train_subject_ids": [
    "02",
    "03",
    "08",
    "09",
    "13",
    "14",
    "15",
    "16",
    "17",
    "18",
    "19",
    "20",
    "21",
    "22",
    "25",
    "27",
    "28",
    "29"
  ],
  "best_epoch": 1,
  "best_val_loss": 0.13330373167991638,
  "best_val_metrics": {
    "mae": 0.41795345138146706,
    "rmse": 0.5139652640752973,
    "rms": 0.5139652640752973,
    "r2": 0.4022664447912173,
    "bias": 0.07569121478262887,
    "mape_pct": 516.5167072486631,
    "n_samples": 5400
  },
  "n_epochs_ran": 31,
  "stop_reason": "early_stopping",
  "model_type": "tcn",
  "loss": "huber",
  "learning_rate": 0.0005,
  "dropout": 0.2
}