{
  "fold_name": "loso_val_02",
  "val_subject_id": "02",
  "train_subject_ids": [
    "03",
    "08",
    "09",
    "12",
    "13",
    "14",
    "15",
    "16",
    "17",
    "18",
    "19",
    "20",
    "21",
    "22",
    "25",
    "27",
    "28",
    "29"
  ],
  "best_epoch": 24,
  "best_val_loss": 0.10057535022497177,
  "best_val_metrics": {
    "mae": 0.3431321949972092,
    "rmse": 0.4339455556287097,
    "rms": 0.4339455556287097,
    "r2": 0.6803092228207502,
    "bias": 0.2528633008713769,
    "mape_pct": 136.5542064769982,
    "n_samples": 7680
  },
  "n_epochs_ran": 54,
  "stop_reason": "early_stopping",
  "model_type": "tcn",
  "loss": "huber",
  "learning_rate": 0.0005,
  "dropout": 0.2
}