{
  "fold_name": "loso_val_08",
  "val_subject_id": "08",
  "train_subject_ids": [
    "02",
    "03",
    "09",
    "12",
    "13",
    "14",
    "15",
    "16",
    "17",
    "18",
    "19",
    "20",
    "21",
    "22",
    "25",
    "27",
    "28",
    "29"
  ],
  "best_epoch": 18,
  "best_val_loss": 0.08364636078476906,
  "best_val_metrics": {
    "mae": 0.32971639182025525,
    "rmse": 0.398387809936172,
    "rms": 0.398387809936172,
    "r2": 0.8153815767938591,
    "bias": -0.2345251905831999,
    "mape_pct": 137.533510732388,
    "n_samples": 7440
  },
  "n_epochs_ran": 48,
  "stop_reason": "early_stopping",
  "model_type": "tcn",
  "loss": "huber",
  "learning_rate": 0.0005,
  "dropout": 0.2
}