{
  "fold_name": "loso_val_02",
  "val_subject_id": "02",
  "train_subject_ids": [
    "03",
    "08",
    "09",
    "12",
    "13",
    "14",
    "15",
    "16",
    "17",
    "18",
    "19",
    "20",
    "21",
    "22",
    "25",
    "27",
    "28",
    "29"
  ],
  "best_epoch": 27,
  "best_val_loss": 0.06188526563346386,
  "best_val_metrics": {
    "mae": 0.27131643039213177,
    "rmse": 0.3426780756887082,
    "rms": 0.3426780756887082,
    "r2": 0.8063937292374763,
    "bias": 0.2236486549033887,
    "mape_pct": 184.45070716928177,
    "n_samples": 14400
  },
  "n_epochs_ran": 57,
  "stop_reason": "early_stopping",
  "model_type": "cnn1d",
  "loss": "huber",
  "learning_rate": 0.001,
  "dropout": 0.1
}