{
  "fold_name": "loso_val_25",
  "val_subject_id": "25",
  "train_subject_ids": [
    "02",
    "03",
    "08",
    "09",
    "12",
    "13",
    "14",
    "15",
    "16",
    "17",
    "18",
    "19",
    "20",
    "21",
    "22",
    "27",
    "28",
    "29"
  ],
  "best_epoch": 1,
  "best_val_loss": 0.10767175629734993,
  "best_val_metrics": {
    "mae": 0.3841595058505237,
    "rmse": 0.4586708925461082,
    "rms": 0.4586708925461082,
    "r2": 0.5880173558778772,
    "bias": 0.049653250404223796,
    "mape_pct": 106.5183190191691,
    "n_samples": 18750
  },
  "n_epochs_ran": 31,
  "stop_reason": "early_stopping",
  "model_type": "tcn",
  "loss": "huber",
  "learning_rate": 0.001,
  "dropout": 0.1
}