{
  "fold_name": "loso_val_16",
  "val_subject_id": "16",
  "train_subject_ids": [
    "02",
    "03",
    "08",
    "09",
    "12",
    "13",
    "14",
    "15",
    "17",
    "18",
    "19",
    "20",
    "21",
    "22",
    "25",
    "27",
    "28",
    "29"
  ],
  "best_epoch": 2,
  "best_val_loss": 0.18493414670228958,
  "best_val_metrics": {
    "mae": 0.34028758945482257,
    "rmse": 0.41977225603883306,
    "rms": 0.41977225603883306,
    "r2": 0.6243665425115468,
    "bias": 0.22533944208645823,
    "mape_pct": 115.13521269349923,
    "n_samples": 17850
  },
  "n_epochs_ran": 32,
  "stop_reason": "early_stopping",
  "model_type": "tcn",
  "loss": "mse",
  "learning_rate": 0.001,
  "dropout": 0.1
}