{
  "fold_name": "loso_val_03",
  "val_subject_id": "03",
  "train_subject_ids": [
    "02",
    "08",
    "09",
    "12",
    "13",
    "14",
    "15",
    "16",
    "17",
    "18",
    "19",
    "20",
    "21",
    "22",
    "25",
    "27",
    "28",
    "29"
  ],
  "best_epoch": 63,
  "best_val_loss": 0.08794393390417099,
  "best_val_metrics": {
    "mae": 0.32220004727303125,
    "rmse": 0.40603452523538713,
    "rms": 0.40603452523538713,
    "r2": 0.8634779106053497,
    "bias": -0.08647600208212754,
    "mape_pct": 85.92142724104158,
    "n_samples": 1980
  },
  "n_epochs_ran": 93,
  "stop_reason": "early_stopping",
  "model_type": "cnn1d",
  "loss": "huber",
  "learning_rate": 0.001,
  "dropout": 0.1
}