{
  "fold_name": "loso_val_09",
  "val_subject_id": "09",
  "train_subject_ids": [
    "02",
    "03",
    "08",
    "12",
    "13",
    "14",
    "15",
    "16",
    "17",
    "18",
    "19",
    "20",
    "21",
    "22",
    "25",
    "27",
    "28",
    "29"
  ],
  "best_epoch": 3,
  "best_val_loss": 0.40645652264356613,
  "best_val_metrics": {
    "mae": 0.5476851493657408,
    "rmse": 0.6212344663073329,
    "rms": 0.6212344663073329,
    "r2": 0.43866976524753143,
    "bias": 0.515297628861529,
    "mape_pct": 255.94270268775526,
    "n_samples": 18450
  },
  "n_epochs_ran": 33,
  "stop_reason": "early_stopping",
  "model_type": "tcn",
  "loss": "mse",
  "learning_rate": 0.001,
  "dropout": 0.1
}