{
  "fold_name": "loso_val_12",
  "val_subject_id": "12",
  "train_subject_ids": [
    "02",
    "03",
    "08",
    "09",
    "13",
    "14",
    "15",
    "16",
    "17",
    "18",
    "19",
    "20",
    "21",
    "22",
    "25",
    "27",
    "28",
    "29"
  ],
  "best_epoch": 30,
  "best_val_loss": 0.2518219090998173,
  "best_val_metrics": {
    "mae": 0.3841062768446411,
    "rmse": 0.49209566620097894,
    "rms": 0.49209566620097894,
    "r2": 0.45618283724679465,
    "bias": -0.03425809549076884,
    "mape_pct": 475.0117500059875,
    "n_samples": 18000
  },
  "n_epochs_ran": 60,
  "stop_reason": "early_stopping",
  "model_type": "tcn",
  "loss": "mse",
  "learning_rate": 0.001,
  "dropout": 0.1
}