{
  "fold_name": "loso_val_02",
  "val_subject_id": "02",
  "train_subject_ids": [
    "03",
    "08",
    "09",
    "12",
    "13",
    "14",
    "15",
    "16",
    "17",
    "18",
    "19",
    "20",
    "21",
    "22",
    "25",
    "27",
    "28",
    "29"
  ],
  "best_epoch": 24,
  "best_val_loss": 0.17346881330013275,
  "best_val_metrics": {
    "mae": 0.3116297702361872,
    "rmse": 0.40039664866272523,
    "rms": 0.40039664866272523,
    "r2": 0.7406360031044475,
    "bias": 0.2026464082407408,
    "mape_pct": 137.11482179303073,
    "n_samples": 18900
  },
  "n_epochs_ran": 54,
  "stop_reason": "early_stopping",
  "model_type": "tcn",
  "loss": "mse",
  "learning_rate": 0.001,
  "dropout": 0.1
}