{
  "fold_name": "loso_val_22",
  "val_subject_id": "22",
  "train_subject_ids": [
    "02",
    "03",
    "08",
    "09",
    "12",
    "13",
    "14",
    "15",
    "16",
    "17",
    "18",
    "19",
    "20",
    "21",
    "25",
    "27",
    "28",
    "29"
  ],
  "best_epoch": 11,
  "best_val_loss": 0.08453877922147512,
  "best_val_metrics": {
    "mae": 0.21881954487983965,
    "rmse": 0.2819823643012646,
    "rms": 0.2819823643012646,
    "r2": 0.8455821382977999,
    "bias": -0.1631705350998253,
    "mape_pct": 691.7028858589814,
    "n_samples": 18450
  },
  "n_epochs_ran": 41,
  "stop_reason": "early_stopping",
  "model_type": "tcn",
  "loss": "mse",
  "learning_rate": 0.001,
  "dropout": 0.1
}