{
  "fold_name": "loso_val_28",
  "val_subject_id": "28",
  "train_subject_ids": [
    "02",
    "03",
    "08",
    "09",
    "12",
    "13",
    "14",
    "15",
    "16",
    "17",
    "18",
    "19",
    "20",
    "21",
    "22",
    "25",
    "27",
    "29"
  ],
  "best_epoch": 39,
  "best_val_loss": 0.15052232891321182,
  "best_val_metrics": {
    "mae": 0.27923634586030277,
    "rmse": 0.3649986555813718,
    "rms": 0.3649986555813718,
    "r2": 0.8402885577313524,
    "bias": -0.012457362219002406,
    "mape_pct": 76.01754938846167,
    "n_samples": 18150
  },
  "n_epochs_ran": 69,
  "stop_reason": "early_stopping",
  "model_type": "tcn",
  "loss": "mse",
  "learning_rate": 0.001,
  "dropout": 0.1
}