{
  "fold_name": "loso_val_13",
  "val_subject_id": "13",
  "train_subject_ids": [
    "02",
    "03",
    "08",
    "09",
    "12",
    "14",
    "15",
    "16",
    "17",
    "18",
    "19",
    "20",
    "21",
    "22",
    "25",
    "27",
    "28",
    "29"
  ],
  "best_epoch": 1,
  "best_val_loss": 0.5627208948135376,
  "best_val_metrics": {
    "mae": 0.5783231411708936,
    "rmse": 0.7429058847953657,
    "rms": 0.7429058847953657,
    "r2": 0.655294978232283,
    "bias": -0.3347865763933883,
    "mape_pct": 451.0662043903353,
    "n_samples": 18600
  },
  "n_epochs_ran": 31,
  "stop_reason": "early_stopping",
  "model_type": "tcn",
  "loss": "mse",
  "learning_rate": 0.001,
  "dropout": 0.1
}