{
  "fold_name": "loso_val_15",
  "val_subject_id": "15",
  "train_subject_ids": [
    "02",
    "03",
    "08",
    "09",
    "12",
    "13",
    "14",
    "16",
    "17",
    "18",
    "19",
    "20",
    "21",
    "22",
    "25",
    "27",
    "28",
    "29"
  ],
  "best_epoch": 7,
  "best_val_loss": 1.661018192768097,
  "best_val_metrics": {
    "mae": 0.9272593899150414,
    "rmse": 1.2588766177898267,
    "rms": 1.2588766177898267,
    "r2": -0.05501135380056543,
    "bias": -0.728979052722239,
    "mape_pct": 98.70286737180011,
    "n_samples": 19050
  },
  "n_epochs_ran": 37,
  "stop_reason": "early_stopping",
  "model_type": "tcn",
  "loss": "mse",
  "learning_rate": 0.001,
  "dropout": 0.1
}