{
  "fold_name": "loso_val_02",
  "val_subject_id": "02",
  "train_subject_ids": [
    "03",
    "08",
    "09",
    "12",
    "13",
    "14",
    "15",
    "16",
    "17",
    "18",
    "19",
    "20",
    "21",
    "22",
    "25",
    "27",
    "28",
    "29"
  ],
  "best_epoch": 27,
  "best_val_loss": 0.08382511232048273,
  "best_val_metrics": {
    "mae": 0.31881240865789734,
    "rmse": 0.3957104857642507,
    "rms": 0.3957104857642507,
    "r2": 0.746005483982779,
    "bias": 0.2730306155187578,
    "mape_pct": 158.95324568293546,
    "n_samples": 18900
  },
  "n_epochs_ran": 57,
  "stop_reason": "early_stopping",
  "model_type": "tcn",
  "loss": "huber",
  "learning_rate": 0.001,
  "dropout": 0.1
}