{
  "fold_name": "loso_val_08",
  "val_subject_id": "08",
  "train_subject_ids": [
    "02",
    "03",
    "09",
    "12",
    "13",
    "14",
    "15",
    "16",
    "17",
    "18",
    "19",
    "20",
    "21",
    "22",
    "25",
    "27",
    "28",
    "29"
  ],
  "best_epoch": 23,
  "best_val_loss": 0.07735726982355118,
  "best_val_metrics": {
    "mae": 0.3006411813221348,
    "rmse": 0.38117180827964225,
    "rms": 0.38117180827964225,
    "r2": 0.830586210347848,
    "bias": -0.1434833634799967,
    "mape_pct": 124.6946458769697,
    "n_samples": 1920
  },
  "n_epochs_ran": 53,
  "stop_reason": "early_stopping",
  "model_type": "tcn",
  "loss": "huber",
  "learning_rate": 0.001,
  "dropout": 0.1
}