{
  "fold_name": "loso_val_29",
  "val_subject_id": "29",
  "train_subject_ids": [
    "02",
    "03",
    "08",
    "09",
    "12",
    "13",
    "14",
    "15",
    "16",
    "17",
    "18",
    "19",
    "20",
    "21",
    "22",
    "25",
    "27",
    "28"
  ],
  "best_epoch": 32,
  "best_val_loss": 0.04087369702756405,
  "best_val_metrics": {
    "mae": 0.1965546008417255,
    "rmse": 0.2763482666838518,
    "rms": 0.2763482666838518,
    "r2": 0.8893039074838034,
    "bias": 0.11122488918057619,
    "mape_pct": 76.67080636714623,
    "n_samples": 18900
  },
  "n_epochs_ran": 62,
  "stop_reason": "early_stopping",
  "model_type": "tcn",
  "loss": "huber",
  "learning_rate": 0.001,
  "dropout": 0.1
}