{
  "fold_name": "loso_val_03",
  "val_subject_id": "03",
  "train_subject_ids": [
    "02",
    "08",
    "09",
    "12",
    "13",
    "14",
    "15",
    "16",
    "17",
    "18",
    "19",
    "20",
    "21",
    "22",
    "25",
    "27",
    "28",
    "29"
  ],
  "best_epoch": 72,
  "best_val_loss": 0.06961435079574585,
  "best_val_metrics": {
    "mae": 0.28443946537451464,
    "rmse": 0.3682213426231495,
    "rms": 0.3682213426231495,
    "r2": 0.8899349331504011,
    "bias": -0.14868608114707516,
    "mape_pct": 53.80886672829137,
    "n_samples": 7560
  },
  "n_epochs_ran": 102,
  "stop_reason": "early_stopping",
  "model_type": "cnn1d",
  "loss": "huber",
  "learning_rate": 0.0005,
  "dropout": 0.2
}