{
  "fold_name": "loso_val_22",
  "val_subject_id": "22",
  "train_subject_ids": [
    "02",
    "03",
    "08",
    "09",
    "12",
    "13",
    "14",
    "15",
    "16",
    "17",
    "18",
    "19",
    "20",
    "21",
    "25",
    "27",
    "28",
    "29"
  ],
  "best_epoch": 14,
  "best_val_loss": 0.08446466224268079,
  "best_val_metrics": {
    "mae": 0.21406827779538914,
    "rmse": 0.2828605899300961,
    "rms": 0.2828605899300961,
    "r2": 0.845586717434092,
    "bias": -0.07557958215737963,
    "mape_pct": 684.2235894978513,
    "n_samples": 18450
  },
  "n_epochs_ran": 44,
  "stop_reason": "early_stopping",
  "model_type": "tcn",
  "loss": "mse",
  "learning_rate": 0.001,
  "dropout": 0.1
}