{
  "fold_name": "loso_val_02",
  "val_subject_id": "02",
  "train_subject_ids": [
    "03",
    "08",
    "09",
    "12",
    "13",
    "14",
    "15",
    "16",
    "17",
    "18",
    "19",
    "20",
    "21",
    "22",
    "25",
    "27",
    "28",
    "29"
  ],
  "best_epoch": 28,
  "best_val_loss": 0.05999210383743048,
  "best_val_metrics": {
    "mae": 0.33476512812438414,
    "rmse": 0.40686097642731284,
    "rms": 0.40686097642731284,
    "r2": 0.7128685293322388,
    "bias": 0.269205711216159,
    "mape_pct": 169.36253196728399,
    "n_samples": 1980
  },
  "n_epochs_ran": 58,
  "stop_reason": "early_stopping",
  "model_type": "cnn1d",
  "loss": "huber",
  "learning_rate": 0.001,
  "dropout": 0.1
}