{
  "fold_name": "loso_val_13",
  "val_subject_id": "13",
  "train_subject_ids": [
    "02",
    "03",
    "08",
    "09",
    "12",
    "14",
    "15",
    "16",
    "17",
    "18",
    "19",
    "20",
    "21",
    "22",
    "25",
    "27",
    "28",
    "29"
  ],
  "best_epoch": 12,
  "best_val_loss": 0.2396845445036888,
  "best_val_metrics": {
    "mae": 0.5306167666911803,
    "rmse": 0.6953847459371738,
    "rms": 0.6953847459371738,
    "r2": 0.6873879488118935,
    "bias": -0.42837377656530723,
    "mape_pct": 261.73842501439,
    "n_samples": 14160
  },
  "n_epochs_ran": 42,
  "stop_reason": "early_stopping",
  "model_type": "tcn",
  "loss": "huber",
  "learning_rate": 0.001,
  "dropout": 0.2
}