{
  "fold_name": "loso_val_03",
  "val_subject_id": "03",
  "train_subject_ids": [
    "02",
    "08",
    "09",
    "12",
    "13",
    "14",
    "15",
    "16",
    "17",
    "18",
    "19",
    "20",
    "21",
    "22",
    "25",
    "27",
    "28",
    "29"
  ],
  "best_epoch": 44,
  "best_val_loss": 0.05714409798383713,
  "best_val_metrics": {
    "mae": 0.25640204161842434,
    "rmse": 0.3361995148001951,
    "rms": 0.3361995148001951,
    "r2": 0.9090865375241849,
    "bias": -0.04020682393561124,
    "mape_pct": 65.394138004197,
    "n_samples": 5580
  },
  "n_epochs_ran": 74,
  "stop_reason": "early_stopping",
  "model_type": "cnn1d",
  "loss": "huber",
  "learning_rate": 0.001,
  "dropout": 0.1
}