{
  "fold_name": "loso_val_19",
  "val_subject_id": "19",
  "train_subject_ids": [
    "02",
    "03",
    "08",
    "09",
    "12",
    "13",
    "14",
    "15",
    "16",
    "17",
    "18",
    "20",
    "21",
    "22",
    "25",
    "27",
    "28",
    "29"
  ],
  "best_epoch": 14,
  "best_val_loss": 0.2154868934303522,
  "best_val_metrics": {
    "mae": 0.518360759805267,
    "rmse": 0.6601846306691199,
    "rms": 0.6601846306691199,
    "r2": 0.5629724006775674,
    "bias": 0.12917044895710966,
    "mape_pct": 89.10865483970923,
    "n_samples": 18900
  },
  "n_epochs_ran": 44,
  "stop_reason": "early_stopping",
  "model_type": "tcn",
  "loss": "huber",
  "learning_rate": 0.001,
  "dropout": 0.1
}