{
  "fold_name": "loso_val_09",
  "val_subject_id": "09",
  "train_subject_ids": [
    "02",
    "03",
    "08",
    "12",
    "13",
    "14",
    "15",
    "16",
    "17",
    "18",
    "19",
    "20",
    "21",
    "22",
    "25",
    "27",
    "28",
    "29"
  ],
  "best_epoch": 1,
  "best_val_loss": 0.17548558115959167,
  "best_val_metrics": {
    "mae": 0.48179487088507605,
    "rmse": 0.593786506363848,
    "rms": 0.593786506363848,
    "r2": 0.4977268527987547,
    "bias": 0.3175435249488671,
    "mape_pct": 194.32048813818326,
    "n_samples": 7200
  },
  "n_epochs_ran": 31,
  "stop_reason": "early_stopping",
  "model_type": "tcn",
  "loss": "huber",
  "learning_rate": 0.0005,
  "dropout": 0.2
}