{
  "fold_name": "loso_val_17",
  "val_subject_id": "17",
  "train_subject_ids": [
    "02",
    "03",
    "08",
    "09",
    "12",
    "13",
    "14",
    "15",
    "16",
    "18",
    "19",
    "20",
    "21",
    "22",
    "25",
    "27",
    "28",
    "29"
  ],
  "best_epoch": 16,
  "best_val_loss": 0.12939780112355947,
  "best_val_metrics": {
    "mae": 0.24729385385437636,
    "rmse": 0.3380557342707705,
    "rms": 0.3380557342707705,
    "r2": 0.8300725910216269,
    "bias": -0.14859060220547038,
    "mape_pct": 78.37067310425071,
    "n_samples": 18150
  },
  "n_epochs_ran": 46,
  "stop_reason": "early_stopping",
  "model_type": "tcn",
  "loss": "mse",
  "learning_rate": 0.001,
  "dropout": 0.1
}