{
  "fold_name": "loso_val_08",
  "val_subject_id": "08",
  "train_subject_ids": [
    "02",
    "03",
    "09",
    "12",
    "13",
    "14",
    "15",
    "16",
    "17",
    "18",
    "19",
    "20",
    "21",
    "22",
    "25",
    "27",
    "28",
    "29"
  ],
  "best_epoch": 67,
  "best_val_loss": 0.12615607865154743,
  "best_val_metrics": {
    "mae": 0.2777378774022289,
    "rmse": 0.34762370874781995,
    "rms": 0.34762370874781995,
    "r2": 0.8591442956115816,
    "bias": -0.1701705592698302,
    "mape_pct": 122.50842451949691,
    "n_samples": 18150
  },
  "n_epochs_ran": 97,
  "stop_reason": "early_stopping",
  "model_type": "tcn",
  "loss": "mse",
  "learning_rate": 0.001,
  "dropout": 0.1
}