{
  "fold_name": "loso_val_09",
  "val_subject_id": "09",
  "train_subject_ids": [
    "02",
    "03",
    "08",
    "12",
    "13",
    "14",
    "15",
    "16",
    "17",
    "18",
    "19",
    "20",
    "21",
    "22",
    "25",
    "27",
    "28",
    "29"
  ],
  "best_epoch": 23,
  "best_val_loss": 0.14213884249329567,
  "best_val_metrics": {
    "mae": 0.4659291037195724,
    "rmse": 0.5216014645470204,
    "rms": 0.5216014645470204,
    "r2": 0.6042283880230703,
    "bias": 0.4509404385091453,
    "mape_pct": 212.6188460626807,
    "n_samples": 14160
  },
  "n_epochs_ran": 53,
  "stop_reason": "early_stopping",
  "model_type": "cnn1d",
  "loss": "huber",
  "learning_rate": 0.0005,
  "dropout": 0.1
}