{
  "fold_name": "loso_val_14",
  "val_subject_id": "14",
  "train_subject_ids": [
    "02",
    "03",
    "08",
    "09",
    "12",
    "13",
    "15",
    "16",
    "17",
    "18",
    "19",
    "20",
    "21",
    "22",
    "25",
    "27",
    "28",
    "29"
  ],
  "best_epoch": 4,
  "best_val_loss": 1.1958182156085968,
  "best_val_metrics": {
    "mae": 0.9360692862671214,
    "rmse": 1.0376507811661695,
    "rms": 1.0376507811661695,
    "r2": 0.06467949397217598,
    "bias": 0.8974088499079053,
    "mape_pct": 239.61265667956124,
    "n_samples": 20550
  },
  "n_epochs_ran": 34,
  "stop_reason": "early_stopping",
  "model_type": "tcn",
  "loss": "mse",
  "learning_rate": 0.001,
  "dropout": 0.1
}