{
  "fold_name": "loso_val_09",
  "val_subject_id": "09",
  "train_subject_ids": [
    "02",
    "03",
    "08",
    "12",
    "13",
    "14",
    "15",
    "16",
    "17",
    "18",
    "19",
    "20",
    "21",
    "22",
    "25",
    "27",
    "28",
    "29"
  ],
  "best_epoch": 4,
  "best_val_loss": 0.2319025844335556,
  "best_val_metrics": {
    "mae": 0.5218413369923544,
    "rmse": 0.6061659049646386,
    "rms": 0.6061659049646386,
    "r2": 0.45469886070046783,
    "bias": 0.458659660630943,
    "mape_pct": 245.65056087702595,
    "n_samples": 3900
  },
  "n_epochs_ran": 34,
  "stop_reason": "early_stopping",
  "model_type": "cnn1d",
  "loss": "huber",
  "learning_rate": 0.001,
  "dropout": 0.2
}