{
  "fold_name": "loso_val_02",
  "val_subject_id": "02",
  "train_subject_ids": [
    "03",
    "08",
    "09",
    "12",
    "13",
    "14",
    "15",
    "16",
    "17",
    "18",
    "19",
    "20",
    "21",
    "22",
    "25",
    "27",
    "28",
    "29"
  ],
  "best_epoch": 26,
  "best_val_loss": 0.06963979452848434,
  "best_val_metrics": {
    "mae": 0.2964459999396867,
    "rmse": 0.36362028582509276,
    "rms": 0.36362028582509276,
    "r2": 0.7858172412362159,
    "bias": 0.23994869901627278,
    "mape_pct": 182.85406249139623,
    "n_samples": 7200
  },
  "n_epochs_ran": 56,
  "stop_reason": "early_stopping",
  "model_type": "cnn1d",
  "loss": "huber",
  "learning_rate": 0.001,
  "dropout": 0.2
}