{
  "fold_name": "loso_val_09",
  "val_subject_id": "09",
  "train_subject_ids": [
    "02",
    "03",
    "08",
    "12",
    "13",
    "14",
    "15",
    "16",
    "17",
    "18",
    "19",
    "20",
    "21",
    "22",
    "25",
    "27",
    "28",
    "29"
  ],
  "best_epoch": 21,
  "best_val_loss": 0.13089562579989433,
  "best_val_metrics": {
    "mae": 0.43939741925128845,
    "rmse": 0.5017202264938222,
    "rms": 0.5017202264938222,
    "r2": 0.6291198683559809,
    "bias": 0.4135290512433226,
    "mape_pct": 203.34266894465537,
    "n_samples": 7560
  },
  "n_epochs_ran": 51,
  "stop_reason": "early_stopping",
  "model_type": "cnn1d",
  "loss": "huber",
  "learning_rate": 0.0005,
  "dropout": 0.1
}