{
  "fold_name": "loso_val_27",
  "val_subject_id": "27",
  "train_subject_ids": [
    "02",
    "03",
    "08",
    "09",
    "12",
    "13",
    "14",
    "15",
    "16",
    "17",
    "18",
    "19",
    "20",
    "21",
    "22",
    "25",
    "28",
    "29"
  ],
  "best_epoch": 11,
  "best_val_loss": 0.11506319791078568,
  "best_val_metrics": {
    "mae": 0.3523398234489686,
    "rmse": 0.4729452927992312,
    "rms": 0.4729452927992312,
    "r2": 0.7544198086785018,
    "bias": -0.148018589140525,
    "mape_pct": 210.89593509197826,
    "n_samples": 18600
  },
  "n_epochs_ran": 41,
  "stop_reason": "early_stopping",
  "model_type": "tcn",
  "loss": "huber",
  "learning_rate": 0.001,
  "dropout": 0.1
}