{
  "fold_name": "loso_val_29",
  "val_subject_id": "29",
  "train_subject_ids": [
    "02",
    "03",
    "08",
    "09",
    "12",
    "13",
    "14",
    "15",
    "16",
    "17",
    "18",
    "19",
    "20",
    "21",
    "22",
    "25",
    "27",
    "28"
  ],
  "best_epoch": 14,
  "best_val_loss": 0.09282512590289116,
  "best_val_metrics": {
    "mae": 0.20875637611802966,
    "rmse": 0.2881577599633637,
    "rms": 0.2881577599633637,
    "r2": 0.8761700405988357,
    "bias": 0.10512648992288473,
    "mape_pct": 66.3673584778112,
    "n_samples": 18900
  },
  "n_epochs_ran": 44,
  "stop_reason": "early_stopping",
  "model_type": "tcn",
  "loss": "mse",
  "learning_rate": 0.001,
  "dropout": 0.1
}