{
  "fold_name": "loso_val_12",
  "val_subject_id": "12",
  "train_subject_ids": [
    "02",
    "03",
    "08",
    "09",
    "13",
    "14",
    "15",
    "16",
    "17",
    "18",
    "19",
    "20",
    "21",
    "22",
    "25",
    "27",
    "28",
    "29"
  ],
  "best_epoch": 1,
  "best_val_loss": 0.11393075436353683,
  "best_val_metrics": {
    "mae": 0.3820135346587564,
    "rmse": 0.4733856565797178,
    "rms": 0.4733856565797178,
    "r2": 0.48902493714907735,
    "bias": 0.15698355815245238,
    "mape_pct": 369.69007007172513,
    "n_samples": 6960
  },
  "n_epochs_ran": 31,
  "stop_reason": "early_stopping",
  "model_type": "tcn",
  "loss": "huber",
  "learning_rate": 0.0005,
  "dropout": 0.1
}