{
  "fold_name": "loso_val_12",
  "val_subject_id": "12",
  "train_subject_ids": [
    "02",
    "03",
    "08",
    "09",
    "13",
    "14",
    "15",
    "16",
    "17",
    "18",
    "19",
    "20",
    "21",
    "22",
    "25",
    "27",
    "28",
    "29"
  ],
  "best_epoch": 1,
  "best_val_loss": 0.25393583066761494,
  "best_val_metrics": {
    "mae": 0.39005374736842996,
    "rmse": 0.4910843101483505,
    "rms": 0.4910843101483505,
    "r2": 0.4549192799443532,
    "bias": 0.13390104769333588,
    "mape_pct": 457.45367938526374,
    "n_samples": 18000
  },
  "n_epochs_ran": 31,
  "stop_reason": "early_stopping",
  "model_type": "tcn",
  "loss": "mse",
  "learning_rate": 0.001,
  "dropout": 0.1
}