{
  "fold_name": "loso_val_15",
  "val_subject_id": "15",
  "train_subject_ids": [
    "02",
    "03",
    "08",
    "09",
    "12",
    "13",
    "14",
    "16",
    "17",
    "18",
    "19",
    "20",
    "21",
    "22",
    "25",
    "27",
    "28",
    "29"
  ],
  "best_epoch": 7,
  "best_val_loss": 0.6089173257350922,
  "best_val_metrics": {
    "mae": 0.9416823821681064,
    "rmse": 1.2850015204908467,
    "rms": 1.2850015204908467,
    "r2": -0.09674683498350456,
    "bias": -0.7657823180719193,
    "mape_pct": 100.53603452550199,
    "n_samples": 19050
  },
  "n_epochs_ran": 37,
  "stop_reason": "early_stopping",
  "model_type": "tcn",
  "loss": "huber",
  "learning_rate": 0.001,
  "dropout": 0.1
}