{
  "fold_name": "loso_val_14",
  "val_subject_id": "14",
  "train_subject_ids": [
    "02",
    "03",
    "08",
    "09",
    "12",
    "13",
    "15",
    "16",
    "17",
    "18",
    "19",
    "20",
    "21",
    "22",
    "25",
    "27",
    "28",
    "29"
  ],
  "best_epoch": 17,
  "best_val_loss": 0.9813290437062582,
  "best_val_metrics": {
    "mae": 0.8336549886994499,
    "rmse": 0.9295676734122311,
    "rms": 0.9295676734122311,
    "r2": 0.2357271637756766,
    "bias": 0.7771249705286914,
    "mape_pct": 193.08671322130698,
    "n_samples": 20550
  },
  "n_epochs_ran": 47,
  "stop_reason": "early_stopping",
  "model_type": "tcn",
  "loss": "mse",
  "learning_rate": 0.001,
  "dropout": 0.1
}