{
  "fold_name": "loso_val_20",
  "val_subject_id": "20",
  "train_subject_ids": [
    "02",
    "03",
    "08",
    "09",
    "12",
    "13",
    "14",
    "15",
    "16",
    "17",
    "18",
    "19",
    "21",
    "22",
    "25",
    "27",
    "28",
    "29"
  ],
  "best_epoch": 24,
  "best_val_loss": 0.05331162642687559,
  "best_val_metrics": {
    "mae": 0.21772078721215338,
    "rmse": 0.30712026202738374,
    "rms": 0.30712026202738374,
    "r2": 0.8512942516094263,
    "bias": 0.01209465658234921,
    "mape_pct": 113.04057697709966,
    "n_samples": 18300
  },
  "n_epochs_ran": 54,
  "stop_reason": "early_stopping",
  "model_type": "tcn",
  "loss": "huber",
  "learning_rate": 0.001,
  "dropout": 0.1
}