{
  "fold_name": "loso_val_19",
  "val_subject_id": "19",
  "train_subject_ids": [
    "02",
    "03",
    "08",
    "09",
    "12",
    "13",
    "14",
    "15",
    "16",
    "17",
    "18",
    "20",
    "21",
    "22",
    "25",
    "27",
    "28",
    "29"
  ],
  "best_epoch": 26,
  "best_val_loss": 0.21925244946032763,
  "best_val_metrics": {
    "mae": 0.5311304507899793,
    "rmse": 0.664638215273665,
    "rms": 0.664638215273665,
    "r2": 0.5636120887954741,
    "bias": 0.13431062963219587,
    "mape_pct": 106.78875392637013,
    "n_samples": 18900
  },
  "n_epochs_ran": 56,
  "stop_reason": "early_stopping",
  "model_type": "tcn",
  "loss": "huber",
  "learning_rate": 0.001,
  "dropout": 0.1
}