{
  "fold_name": "loso_val_28",
  "val_subject_id": "28",
  "train_subject_ids": [
    "02",
    "03",
    "08",
    "09",
    "12",
    "13",
    "14",
    "15",
    "16",
    "17",
    "18",
    "19",
    "20",
    "21",
    "22",
    "25",
    "27",
    "29"
  ],
  "best_epoch": 45,
  "best_val_loss": 0.10758186131715775,
  "best_val_metrics": {
    "mae": 0.23709065256237513,
    "rmse": 0.31180673314157065,
    "rms": 0.31180673314157065,
    "r2": 0.8861902516559409,
    "bias": 0.013895165145880807,
    "mape_pct": 73.91755099051028,
    "n_samples": 18150
  },
  "n_epochs_ran": 75,
  "stop_reason": "early_stopping",
  "model_type": "tcn",
  "loss": "mse",
  "learning_rate": 0.001,
  "dropout": 0.1
}