{
  "fold_name": "loso_val_17",
  "val_subject_id": "17",
  "train_subject_ids": [
    "02",
    "03",
    "08",
    "09",
    "12",
    "13",
    "14",
    "15",
    "16",
    "18",
    "19",
    "20",
    "21",
    "22",
    "25",
    "27",
    "28",
    "29"
  ],
  "best_epoch": 14,
  "best_val_loss": 0.07077413983643055,
  "best_val_metrics": {
    "mae": 0.27223709818199926,
    "rmse": 0.36745267442657087,
    "rms": 0.36745267442657087,
    "r2": 0.8005271006618442,
    "bias": -0.21175406994204135,
    "mape_pct": 98.03694218582964,
    "n_samples": 18150
  },
  "n_epochs_ran": 44,
  "stop_reason": "early_stopping",
  "model_type": "tcn",
  "loss": "huber",
  "learning_rate": 0.001,
  "dropout": 0.1
}