{
  "fold_name": "loso_val_14",
  "val_subject_id": "14",
  "train_subject_ids": [
    "02",
    "03",
    "08",
    "09",
    "12",
    "13",
    "15",
    "16",
    "17",
    "18",
    "19",
    "20",
    "21",
    "22",
    "25",
    "27",
    "28",
    "29"
  ],
  "best_epoch": 22,
  "best_val_loss": 0.6204169491926829,
  "best_val_metrics": {
    "mae": 0.9538635901302508,
    "rmse": 1.0524314153262804,
    "rms": 1.0524314153262804,
    "r2": 0.04143668609946005,
    "bias": 0.9242945116363486,
    "mape_pct": 263.0617835749088,
    "n_samples": 12240
  },
  "n_epochs_ran": 52,
  "stop_reason": "early_stopping",
  "model_type": "tcn",
  "loss": "huber",
  "learning_rate": 0.0005,
  "dropout": 0.1
}