{
  "fold_name": "loso_val_16",
  "val_subject_id": "16",
  "train_subject_ids": [
    "02",
    "03",
    "08",
    "09",
    "12",
    "13",
    "14",
    "15",
    "17",
    "18",
    "19",
    "20",
    "21",
    "22",
    "25",
    "27",
    "28",
    "29"
  ],
  "best_epoch": 24,
  "best_val_loss": 0.18206700775772333,
  "best_val_metrics": {
    "mae": 0.27653077645471236,
    "rmse": 0.3966997161895521,
    "rms": 0.3966997161895521,
    "r2": 0.6544505805051406,
    "bias": -0.034593462139375884,
    "mape_pct": 101.09125269280102,
    "n_samples": 17850
  },
  "n_epochs_ran": 54,
  "stop_reason": "early_stopping",
  "model_type": "tcn",
  "loss": "mse",
  "learning_rate": 0.001,
  "dropout": 0.1
}