{
  "fold_name": "loso_val_03",
  "val_subject_id": "03",
  "train_subject_ids": [
    "02",
    "08",
    "09",
    "12",
    "13",
    "14",
    "15",
    "16",
    "17",
    "18",
    "19",
    "20",
    "21",
    "22",
    "25",
    "27",
    "28",
    "29"
  ],
  "best_epoch": 39,
  "best_val_loss": 0.07514013350009918,
  "best_val_metrics": {
    "mae": 0.2835245070122992,
    "rmse": 0.3785874702490785,
    "rms": 0.3785874702490785,
    "r2": 0.8785099942695738,
    "bias": -0.10520870819486307,
    "mape_pct": 54.80286110556174,
    "n_samples": 5580
  },
  "n_epochs_ran": 69,
  "stop_reason": "early_stopping",
  "model_type": "tcn",
  "loss": "huber",
  "learning_rate": 0.001,
  "dropout": 0.1
}