{
  "fold_name": "loso_val_13",
  "val_subject_id": "13",
  "train_subject_ids": [
    "02",
    "03",
    "08",
    "09",
    "12",
    "14",
    "15",
    "16",
    "17",
    "18",
    "19",
    "20",
    "21",
    "22",
    "25",
    "27",
    "28",
    "29"
  ],
  "best_epoch": 12,
  "best_val_loss": 0.209532231092453,
  "best_val_metrics": {
    "mae": 0.49831695276930027,
    "rmse": 0.6457373059651427,
    "rms": 0.6457373059651427,
    "r2": 0.7315946882348922,
    "bias": -0.39535627703227777,
    "mape_pct": 200.9550933498043,
    "n_samples": 10980
  },
  "n_epochs_ran": 42,
  "stop_reason": "early_stopping",
  "model_type": "cnn1d",
  "loss": "huber",
  "learning_rate": 0.001,
  "dropout": 0.1
}