{
  "fold_name": "loso_val_15",
  "val_subject_id": "15",
  "train_subject_ids": [
    "02",
    "03",
    "08",
    "09",
    "12",
    "13",
    "14",
    "16",
    "17",
    "18",
    "19",
    "20",
    "21",
    "22",
    "25",
    "27",
    "28",
    "29"
  ],
  "best_epoch": 8,
  "best_val_loss": 0.6053085625171661,
  "best_val_metrics": {
    "mae": 0.9365780705530344,
    "rmse": 1.2946380467607295,
    "rms": 1.2946380467607295,
    "r2": -0.116166396337545,
    "bias": -0.7283107534400004,
    "mape_pct": 111.87102507858239,
    "n_samples": 19050
  },
  "n_epochs_ran": 38,
  "stop_reason": "early_stopping",
  "model_type": "tcn",
  "loss": "huber",
  "learning_rate": 0.001,
  "dropout": 0.1
}