{
  "fold_name": "loso_val_02",
  "val_subject_id": "02",
  "train_subject_ids": [
    "03",
    "08",
    "09",
    "12",
    "13",
    "14",
    "15",
    "16",
    "17",
    "18",
    "19",
    "20",
    "21",
    "22",
    "25",
    "27",
    "28",
    "29"
  ],
  "best_epoch": 3,
  "best_val_loss": 0.1087451484054327,
  "best_val_metrics": {
    "mae": 0.3589946939935846,
    "rmse": 0.4585799483073394,
    "rms": 0.4585799483073394,
    "r2": 0.6399582797963436,
    "bias": 0.28383564617842677,
    "mape_pct": 153.02271506284288,
    "n_samples": 18900
  },
  "n_epochs_ran": 33,
  "stop_reason": "early_stopping",
  "model_type": "tcn",
  "loss": "huber",
  "learning_rate": 0.001,
  "dropout": 0.1
}