{
  "fold_name": "loso_val_14",
  "val_subject_id": "14",
  "train_subject_ids": [
    "02",
    "03",
    "08",
    "09",
    "12",
    "13",
    "15",
    "16",
    "17",
    "18",
    "19",
    "20",
    "21",
    "22",
    "25",
    "27",
    "28",
    "29"
  ],
  "best_epoch": 21,
  "best_val_loss": 0.5301503330469132,
  "best_val_metrics": {
    "mae": 0.9030949961413218,
    "rmse": 0.988784873950282,
    "rms": 0.988784873950282,
    "r2": 0.12812503068106684,
    "bias": 0.8583663086501945,
    "mape_pct": 269.73606383226223,
    "n_samples": 20550
  },
  "n_epochs_ran": 51,
  "stop_reason": "early_stopping",
  "model_type": "tcn",
  "loss": "huber",
  "learning_rate": 0.001,
  "dropout": 0.1
}