{
  "fold_name": "loso_val_14",
  "val_subject_id": "14",
  "train_subject_ids": [
    "02",
    "03",
    "08",
    "09",
    "12",
    "13",
    "15",
    "16",
    "17",
    "18",
    "19",
    "20",
    "21",
    "22",
    "25",
    "27",
    "28",
    "29"
  ],
  "best_epoch": 87,
  "best_val_loss": 0.5800318419933319,
  "best_val_metrics": {
    "mae": 0.9259761889197674,
    "rmse": 1.02867984488256,
    "rms": 1.02867984488256,
    "r2": 0.09211967144935262,
    "bias": 0.8711816726493583,
    "mape_pct": 255.14748597150972,
    "n_samples": 8400
  },
  "n_epochs_ran": 117,
  "stop_reason": "early_stopping",
  "model_type": "cnn1d",
  "loss": "huber",
  "learning_rate": 0.001,
  "dropout": 0.1
}