{
  "fold_name": "loso_val_02",
  "val_subject_id": "02",
  "train_subject_ids": [
    "03",
    "08",
    "09",
    "12",
    "13",
    "14",
    "15",
    "16",
    "17",
    "18",
    "19",
    "20",
    "21",
    "22",
    "25",
    "27",
    "28",
    "29"
  ],
  "best_epoch": 83,
  "best_val_loss": 0.06036504916846752,
  "best_val_metrics": {
    "mae": 0.29418033417664124,
    "rmse": 0.37064490201270617,
    "rms": 0.37064490201270617,
    "r2": 0.7727118726579201,
    "bias": 0.18466469983060518,
    "mape_pct": 141.61059201893946,
    "n_samples": 1980
  },
  "n_epochs_ran": 113,
  "stop_reason": "early_stopping",
  "model_type": "tcn",
  "loss": "huber",
  "learning_rate": 0.001,
  "dropout": 0.1
}