{
  "fold_name": "loso_val_02",
  "val_subject_id": "02",
  "train_subject_ids": [
    "03",
    "08",
    "09",
    "12",
    "13",
    "14",
    "15",
    "16",
    "17",
    "18",
    "19",
    "20",
    "21",
    "22",
    "25",
    "27",
    "28",
    "29"
  ],
  "best_epoch": 10,
  "best_val_loss": 0.0922950953245163,
  "best_val_metrics": {
    "mae": 0.32144734557098975,
    "rmse": 0.4103824690323382,
    "rms": 0.4103824690323382,
    "r2": 0.7064912510128343,
    "bias": 0.21184801867666464,
    "mape_pct": 134.8224251289582,
    "n_samples": 3840
  },
  "n_epochs_ran": 40,
  "stop_reason": "early_stopping",
  "model_type": "tcn",
  "loss": "huber",
  "learning_rate": 0.001,
  "dropout": 0.2
}