val_subject_id,n_train_windows,n_val_windows,best_epoch,best_val_loss,mae,rmse,rms,r2,bias,mape_pct
02,1065,60,38,0.08128591254353523,0.3165298076189356,0.3960785644165728,0.3960785644165728,0.7481175200046655,0.27428798110282515,211.27336861958855
03,1066,59,56,0.03786713629961014,0.20846277064274496,0.2745596916864492,0.2745596916864492,0.9402955489669241,-0.05859121649460617,44.543310155175746
08,1067,58,41,0.06967569515109062,0.2960444493283151,0.36944628022312853,0.36944628022312853,0.8422898368415781,-0.21853528853078324,113.62372213141938
09,1066,59,23,0.14213884249329567,0.4659291037195724,0.5216014645470204,0.5216014645470204,0.6042283880230703,0.4509404385091453,212.6188460626807
12,1068,57,88,0.05943870730698109,0.26710138310493126,0.3387215262347005,0.3387215262347005,0.7398089168278352,-0.014889887553858925,259.0774905025313
13,1066,59,49,0.23927026242017746,0.5529420948803252,0.6913159827276477,0.6913159827276477,0.6984182420363025,-0.5057144273864698,184.30270074595538
14,1059,66,81,0.7497720718383789,1.077969551520352,1.2036396861886522,1.2036396861886522,-0.19892151328759833,1.03778425840628,293.7101886913189
