{
  "fold_name": "loso_val_09",
  "val_subject_id": "09",
  "train_subject_ids": [
    "02",
    "03",
    "08",
    "12",
    "13",
    "14",
    "15",
    "16",
    "17",
    "18",
    "19",
    "20",
    "21",
    "22",
    "25",
    "27",
    "28",
    "29"
  ],
  "best_epoch": 3,
  "best_val_loss": 0.1971682645380497,
  "best_val_metrics": {
    "mae": 0.5527086662811161,
    "rmse": 0.6131441920461232,
    "rms": 0.6131441920461232,
    "r2": 0.45386562070403924,
    "bias": 0.5346159924513365,
    "mape_pct": 240.57013899320435,
    "n_samples": 18450
  },
  "n_epochs_ran": 33,
  "stop_reason": "early_stopping",
  "model_type": "tcn",
  "loss": "huber",
  "learning_rate": 0.001,
  "dropout": 0.1
}