{
  "fold_name": "loso_val_21",
  "val_subject_id": "21",
  "train_subject_ids": [
    "02",
    "03",
    "08",
    "09",
    "12",
    "13",
    "14",
    "15",
    "16",
    "17",
    "18",
    "19",
    "20",
    "22",
    "25",
    "27",
    "28",
    "29"
  ],
  "best_epoch": 16,
  "best_val_loss": 0.18549637589603662,
  "best_val_metrics": {
    "mae": 0.3237942793502057,
    "rmse": 0.4136139807886998,
    "rms": 0.4136139807886998,
    "r2": 0.7618710672008012,
    "bias": -0.2175419897152867,
    "mape_pct": 226.47091024168338,
    "n_samples": 18600
  },
  "n_epochs_ran": 46,
  "stop_reason": "early_stopping",
  "model_type": "tcn",
  "loss": "mse",
  "learning_rate": 0.001,
  "dropout": 0.1
}