{
  "fold_name": "loso_val_08",
  "val_subject_id": "08",
  "train_subject_ids": [
    "02",
    "03",
    "09",
    "12",
    "13",
    "14",
    "15",
    "16",
    "17",
    "18",
    "19",
    "20",
    "21",
    "22",
    "25",
    "27",
    "28",
    "29"
  ],
  "best_epoch": 13,
  "best_val_loss": 0.09219688922166824,
  "best_val_metrics": {
    "mae": 0.34850164083324164,
    "rmse": 0.4232602479511425,
    "rms": 0.4232602479511425,
    "r2": 0.7978127878400065,
    "bias": -0.2524702476751473,
    "mape_pct": 125.18202027920493,
    "n_samples": 5400
  },
  "n_epochs_ran": 43,
  "stop_reason": "early_stopping",
  "model_type": "tcn",
  "loss": "huber",
  "learning_rate": 0.0005,
  "dropout": 0.1
}