{
  "fold_name": "loso_val_22",
  "val_subject_id": "22",
  "train_subject_ids": [
    "02",
    "03",
    "08",
    "09",
    "12",
    "13",
    "14",
    "15",
    "16",
    "17",
    "18",
    "19",
    "20",
    "21",
    "25",
    "27",
    "28",
    "29"
  ],
  "best_epoch": 45,
  "best_val_loss": 0.038497764617204666,
  "best_val_metrics": {
    "mae": 0.25968849497501906,
    "rmse": 0.3395206397350219,
    "rms": 0.3395206397350219,
    "r2": 0.7720643745660369,
    "bias": -0.16296132738605942,
    "mape_pct": 719.7320031794263,
    "n_samples": 1980
  },
  "n_epochs_ran": 75,
  "stop_reason": "early_stopping",
  "model_type": "tcn",
  "loss": "huber",
  "learning_rate": 0.001,
  "dropout": 0.1
}