{
  "fold_name": "loso_val_16",
  "val_subject_id": "16",
  "train_subject_ids": [
    "02",
    "03",
    "08",
    "09",
    "12",
    "13",
    "14",
    "15",
    "17",
    "18",
    "19",
    "20",
    "21",
    "22",
    "25",
    "27",
    "28",
    "29"
  ],
  "best_epoch": 29,
  "best_val_loss": 0.19911739882081747,
  "best_val_metrics": {
    "mae": 0.28343477721421273,
    "rmse": 0.41731098313956977,
    "rms": 0.41731098313956977,
    "r2": 0.6253809373491692,
    "bias": 0.13011760942232262,
    "mape_pct": 109.26950146321923,
    "n_samples": 17850
  },
  "n_epochs_ran": 59,
  "stop_reason": "early_stopping",
  "model_type": "tcn",
  "loss": "mse",
  "learning_rate": 0.001,
  "dropout": 0.1
}