{
  "fold_name": "loso_val_19",
  "val_subject_id": "19",
  "train_subject_ids": [
    "02",
    "03",
    "08",
    "09",
    "12",
    "13",
    "14",
    "15",
    "16",
    "17",
    "18",
    "20",
    "21",
    "22",
    "25",
    "27",
    "28",
    "29"
  ],
  "best_epoch": 50,
  "best_val_loss": 0.43497084081172943,
  "best_val_metrics": {
    "mae": 0.5132966115589318,
    "rmse": 0.6417661215641774,
    "rms": 0.6417661215641774,
    "r2": 0.5932365451661823,
    "bias": 0.0795973151004208,
    "mape_pct": 87.24336229212048,
    "n_samples": 18900
  },
  "n_epochs_ran": 80,
  "stop_reason": "early_stopping",
  "model_type": "tcn",
  "loss": "mse",
  "learning_rate": 0.001,
  "dropout": 0.1
}