{
  "fold_name": "loso_val_02",
  "val_subject_id": "02",
  "train_subject_ids": [
    "03",
    "08",
    "09",
    "12",
    "13",
    "14",
    "15",
    "16",
    "17",
    "18",
    "19",
    "20",
    "21",
    "22",
    "25",
    "27",
    "28",
    "29"
  ],
  "best_epoch": 1,
  "best_val_loss": 0.09367571771144867,
  "best_val_metrics": {
    "mae": 0.3459445802141986,
    "rmse": 0.42771305417620276,
    "rms": 0.42771305417620276,
    "r2": 0.7176912698912852,
    "bias": 0.16728435422991292,
    "mape_pct": 154.16790639797543,
    "n_samples": 5580
  },
  "n_epochs_ran": 31,
  "stop_reason": "early_stopping",
  "model_type": "cnn1d",
  "loss": "huber",
  "learning_rate": 0.001,
  "dropout": 0.1
}