{
  "fold_name": "loso_val_02",
  "val_subject_id": "02",
  "train_subject_ids": [
    "03",
    "08",
    "09",
    "12",
    "13",
    "14",
    "15",
    "16",
    "17",
    "18",
    "19",
    "20",
    "21",
    "22",
    "25",
    "27",
    "28",
    "29"
  ],
  "best_epoch": 41,
  "best_val_loss": 0.09414592012763023,
  "best_val_metrics": {
    "mae": 0.3439399293981438,
    "rmse": 0.4245411861496123,
    "rms": 0.4245411861496123,
    "r2": 0.7143948762240333,
    "bias": 0.2689341520011011,
    "mape_pct": 148.39443465467912,
    "n_samples": 14400
  },
  "n_epochs_ran": 71,
  "stop_reason": "early_stopping",
  "model_type": "tcn",
  "loss": "huber",
  "learning_rate": 0.0005,
  "dropout": 0.1
}