{
  "fold_name": "loso_val_08",
  "val_subject_id": "08",
  "train_subject_ids": [
    "02",
    "03",
    "09",
    "12",
    "13",
    "14",
    "15",
    "16",
    "17",
    "18",
    "19",
    "20",
    "21",
    "22",
    "25",
    "27",
    "28",
    "29"
  ],
  "best_epoch": 51,
  "best_val_loss": 0.08532949537038803,
  "best_val_metrics": {
    "mae": 0.33931087687157957,
    "rmse": 0.40826575370356366,
    "rms": 0.40826575370356366,
    "r2": 0.8096572374866892,
    "bias": -0.2687885644315105,
    "mape_pct": 115.48769336738174,
    "n_samples": 6960
  },
  "n_epochs_ran": 81,
  "stop_reason": "early_stopping",
  "model_type": "cnn1d",
  "loss": "huber",
  "learning_rate": 0.001,
  "dropout": 0.1
}