{
  "fold_name": "loso_val_12",
  "val_subject_id": "12",
  "train_subject_ids": [
    "02",
    "03",
    "08",
    "09",
    "13",
    "14",
    "15",
    "16",
    "17",
    "18",
    "19",
    "20",
    "21",
    "22",
    "25",
    "27",
    "28",
    "29"
  ],
  "best_epoch": 2,
  "best_val_loss": 0.1669730842113495,
  "best_val_metrics": {
    "mae": 0.46514257333612596,
    "rmse": 0.5825321083600891,
    "rms": 0.5825321083600891,
    "r2": 0.2447328795785183,
    "bias": -0.10243369417131148,
    "mape_pct": 595.6176276377602,
    "n_samples": 7320
  },
  "n_epochs_ran": 32,
  "stop_reason": "early_stopping",
  "model_type": "tcn",
  "loss": "huber",
  "learning_rate": 0.0005,
  "dropout": 0.1
}