{
  "fold_name": "loso_val_02",
  "val_subject_id": "02",
  "train_subject_ids": [
    "03",
    "08",
    "09",
    "12",
    "13",
    "14",
    "15",
    "16",
    "17",
    "18",
    "19",
    "20",
    "21",
    "22",
    "25",
    "27",
    "28",
    "29"
  ],
  "best_epoch": 26,
  "best_val_loss": 0.09343903139233589,
  "best_val_metrics": {
    "mae": 0.34852151937348025,
    "rmse": 0.41805336231668766,
    "rms": 0.41805336231668766,
    "r2": 0.710014169350379,
    "bias": 0.29199769716527346,
    "mape_pct": 195.6076910061807,
    "n_samples": 7680
  },
  "n_epochs_ran": 56,
  "stop_reason": "early_stopping",
  "model_type": "cnn1d",
  "loss": "huber",
  "learning_rate": 0.0005,
  "dropout": 0.2
}