{
  "fold_name": "loso_val_22",
  "val_subject_id": "22",
  "train_subject_ids": [
    "02",
    "03",
    "08",
    "09",
    "12",
    "13",
    "14",
    "15",
    "16",
    "17",
    "18",
    "19",
    "20",
    "21",
    "25",
    "27",
    "28",
    "29"
  ],
  "best_epoch": 38,
  "best_val_loss": 0.04279783833771944,
  "best_val_metrics": {
    "mae": 0.25813135842033424,
    "rmse": 0.3382634363714036,
    "rms": 0.3382634363714036,
    "r2": 0.7767391923909324,
    "bias": -0.18094051206153197,
    "mape_pct": 761.622432957685,
    "n_samples": 1980
  },
  "n_epochs_ran": 68,
  "stop_reason": "early_stopping",
  "model_type": "tcn",
  "loss": "huber",
  "learning_rate": 0.001,
  "dropout": 0.2
}