{
  "fold_name": "loso_val_27",
  "val_subject_id": "27",
  "train_subject_ids": [
    "02",
    "03",
    "08",
    "09",
    "12",
    "13",
    "14",
    "15",
    "16",
    "17",
    "18",
    "19",
    "20",
    "21",
    "22",
    "25",
    "28",
    "29"
  ],
  "best_epoch": 14,
  "best_val_loss": 0.1121386494487524,
  "best_val_metrics": {
    "mae": 0.3525754565169555,
    "rmse": 0.46996529717219426,
    "rms": 0.46996529717219426,
    "r2": 0.7650800081033602,
    "bias": -0.24201075001998107,
    "mape_pct": 223.74323801168435,
    "n_samples": 18600
  },
  "n_epochs_ran": 44,
  "stop_reason": "early_stopping",
  "model_type": "tcn",
  "loss": "huber",
  "learning_rate": 0.001,
  "dropout": 0.1
}