{
  "fold_name": "loso_val_12",
  "val_subject_id": "12",
  "train_subject_ids": [
    "02",
    "03",
    "08",
    "09",
    "13",
    "14",
    "15",
    "16",
    "17",
    "18",
    "19",
    "20",
    "21",
    "22",
    "25",
    "27",
    "28",
    "29"
  ],
  "best_epoch": 1,
  "best_val_loss": 0.13429108262062073,
  "best_val_metrics": {
    "mae": 0.4222475376457169,
    "rmse": 0.5133974728983918,
    "rms": 0.5133974728983918,
    "r2": 0.40351378149740147,
    "bias": 0.012654273939627576,
    "mape_pct": 434.10839421127554,
    "n_samples": 1920
  },
  "n_epochs_ran": 31,
  "stop_reason": "early_stopping",
  "model_type": "tcn",
  "loss": "huber",
  "learning_rate": 0.001,
  "dropout": 0.2
}