{
  "fold_name": "loso_val_12",
  "val_subject_id": "12",
  "train_subject_ids": [
    "02",
    "03",
    "08",
    "09",
    "13",
    "14",
    "15",
    "16",
    "17",
    "18",
    "19",
    "20",
    "21",
    "22",
    "25",
    "27",
    "28",
    "29"
  ],
  "best_epoch": 2,
  "best_val_loss": 0.16376574337482452,
  "best_val_metrics": {
    "mae": 0.46213616518103257,
    "rmse": 0.5804548552217753,
    "rms": 0.5804548552217753,
    "r2": 0.24955848997313046,
    "bias": -0.17982836942501945,
    "mape_pct": 647.7655583651251,
    "n_samples": 13680
  },
  "n_epochs_ran": 32,
  "stop_reason": "early_stopping",
  "model_type": "tcn",
  "loss": "huber",
  "learning_rate": 0.0005,
  "dropout": 0.1
}