{
  "fold_name": "loso_val_13",
  "val_subject_id": "13",
  "train_subject_ids": [
    "02",
    "03",
    "08",
    "09",
    "12",
    "14",
    "15",
    "16",
    "17",
    "18",
    "19",
    "20",
    "21",
    "22",
    "25",
    "27",
    "28",
    "29"
  ],
  "best_epoch": 13,
  "best_val_loss": 0.2937706410884857,
  "best_val_metrics": {
    "mae": 0.6076569905221307,
    "rmse": 0.7897335766053192,
    "rms": 0.7897335766053192,
    "r2": 0.6054830570117453,
    "bias": -0.5308522335204826,
    "mape_pct": 165.8747873756091,
    "n_samples": 7200
  },
  "n_epochs_ran": 43,
  "stop_reason": "early_stopping",
  "model_type": "cnn1d",
  "loss": "huber",
  "learning_rate": 0.001,
  "dropout": 0.2
}