{
  "fold_name": "loso_val_12",
  "val_subject_id": "12",
  "train_subject_ids": [
    "02",
    "03",
    "08",
    "09",
    "13",
    "14",
    "15",
    "16",
    "17",
    "18",
    "19",
    "20",
    "21",
    "22",
    "25",
    "27",
    "28",
    "29"
  ],
  "best_epoch": 99,
  "best_val_loss": 0.12772724218666553,
  "best_val_metrics": {
    "mae": 0.3909884140852761,
    "rmse": 0.506573694573594,
    "rms": 0.506573694573594,
    "r2": 0.42401322786430584,
    "bias": -0.03543663729201783,
    "mape_pct": 462.510228704644,
    "n_samples": 18000
  },
  "n_epochs_ran": 129,
  "stop_reason": "early_stopping",
  "model_type": "tcn",
  "loss": "huber",
  "learning_rate": 0.001,
  "dropout": 0.1
}