{
  "fold_name": "loso_val_14",
  "val_subject_id": "14",
  "train_subject_ids": [
    "02",
    "03",
    "08",
    "09",
    "12",
    "13",
    "15",
    "16",
    "17",
    "18",
    "19",
    "20",
    "21",
    "22",
    "25",
    "27",
    "28",
    "29"
  ],
  "best_epoch": 43,
  "best_val_loss": 0.8775684833526611,
  "best_val_metrics": {
    "mae": 1.1547715843139859,
    "rmse": 1.27550731210634,
    "rms": 1.27550731210634,
    "r2": -0.3704979490182678,
    "bias": 1.1222317555855186,
    "mape_pct": 321.34818761137115,
    "n_samples": 6120
  },
  "n_epochs_ran": 73,
  "stop_reason": "early_stopping",
  "model_type": "cnn1d",
  "loss": "huber",
  "learning_rate": 0.0005,
  "dropout": 0.1
}