{
  "fold_name": "loso_val_21",
  "val_subject_id": "21",
  "train_subject_ids": [
    "02",
    "03",
    "08",
    "09",
    "12",
    "13",
    "14",
    "15",
    "16",
    "17",
    "18",
    "19",
    "20",
    "22",
    "25",
    "27",
    "28",
    "29"
  ],
  "best_epoch": 26,
  "best_val_loss": 0.08986351639032364,
  "best_val_metrics": {
    "mae": 0.3047304303859867,
    "rmse": 0.41167479297332277,
    "rms": 0.41167479297332277,
    "r2": 0.7503676418188013,
    "bias": -0.19660261090377956,
    "mape_pct": 204.2363892001547,
    "n_samples": 18600
  },
  "n_epochs_ran": 56,
  "stop_reason": "early_stopping",
  "model_type": "tcn",
  "loss": "huber",
  "learning_rate": 0.001,
  "dropout": 0.1
}