{
  "fold_name": "loso_val_15",
  "val_subject_id": "15",
  "train_subject_ids": [
    "02",
    "03",
    "08",
    "09",
    "12",
    "13",
    "14",
    "16",
    "17",
    "18",
    "19",
    "20",
    "21",
    "22",
    "25",
    "27",
    "28",
    "29"
  ],
  "best_epoch": 41,
  "best_val_loss": 0.4249580005804698,
  "best_val_metrics": {
    "mae": 0.7882343416226175,
    "rmse": 0.9193745562039131,
    "rms": 0.9193745562039131,
    "r2": 0.2560933627697354,
    "bias": -0.5971149896970018,
    "mape_pct": 107.50193966671782,
    "n_samples": 4020
  },
  "n_epochs_ran": 71,
  "stop_reason": "early_stopping",
  "model_type": "cnn1d",
  "loss": "huber",
  "learning_rate": 0.001,
  "dropout": 0.1
}