{
  "fold_name": "loso_val_15",
  "val_subject_id": "15",
  "train_subject_ids": [
    "02",
    "03",
    "08",
    "09",
    "12",
    "13",
    "14",
    "16",
    "17",
    "18",
    "19",
    "20",
    "21",
    "22",
    "25",
    "27",
    "28",
    "29"
  ],
  "best_epoch": 17,
  "best_val_loss": 0.5012543871998787,
  "best_val_metrics": {
    "mae": 0.8128485205684473,
    "rmse": 1.1478330379340147,
    "rms": 1.1478330379340147,
    "r2": 0.11394001111250807,
    "bias": -0.5605002536094721,
    "mape_pct": 105.11057491558344,
    "n_samples": 19050
  },
  "n_epochs_ran": 47,
  "stop_reason": "early_stopping",
  "model_type": "tcn",
  "loss": "huber",
  "learning_rate": 0.001,
  "dropout": 0.1
}