{
  "fold_name": "loso_val_18",
  "val_subject_id": "18",
  "train_subject_ids": [
    "02",
    "03",
    "08",
    "09",
    "12",
    "13",
    "14",
    "15",
    "16",
    "17",
    "19",
    "20",
    "21",
    "22",
    "25",
    "27",
    "28",
    "29"
  ],
  "best_epoch": 20,
  "best_val_loss": 0.22574336640536785,
  "best_val_metrics": {
    "mae": 0.369269419539099,
    "rmse": 0.45679971792990015,
    "rms": 0.45679971792990015,
    "r2": 0.6080075593499162,
    "bias": 0.3347410167647223,
    "mape_pct": 168.30429858810484,
    "n_samples": 18150
  },
  "n_epochs_ran": 50,
  "stop_reason": "early_stopping",
  "model_type": "tcn",
  "loss": "mse",
  "learning_rate": 0.001,
  "dropout": 0.1
}