{
  "fold_name": "loso_val_08",
  "val_subject_id": "08",
  "train_subject_ids": [
    "02",
    "03",
    "09",
    "12",
    "13",
    "14",
    "15",
    "16",
    "17",
    "18",
    "19",
    "20",
    "21",
    "22",
    "25",
    "27",
    "28",
    "29"
  ],
  "best_epoch": 17,
  "best_val_loss": 0.0733838863670826,
  "best_val_metrics": {
    "mae": 0.30798158273098336,
    "rmse": 0.3832840732592063,
    "rms": 0.3832840732592063,
    "r2": 0.8327080211216813,
    "bias": -0.1844453924758632,
    "mape_pct": 97.50130034280559,
    "n_samples": 13920
  },
  "n_epochs_ran": 47,
  "stop_reason": "early_stopping",
  "model_type": "cnn1d",
  "loss": "huber",
  "learning_rate": 0.001,
  "dropout": 0.2
}