{
  "fold_name": "loso_val_20",
  "val_subject_id": "20",
  "train_subject_ids": [
    "02",
    "03",
    "08",
    "09",
    "12",
    "13",
    "14",
    "15",
    "16",
    "17",
    "18",
    "19",
    "21",
    "22",
    "25",
    "27",
    "28",
    "29"
  ],
  "best_epoch": 34,
  "best_val_loss": 0.10175388306379318,
  "best_val_metrics": {
    "mae": 0.22004431275743738,
    "rmse": 0.29805190703276235,
    "rms": 0.29805190703276235,
    "r2": 0.8659102133139005,
    "bias": -0.03581490771149036,
    "mape_pct": 98.5069568303115,
    "n_samples": 18300
  },
  "n_epochs_ran": 64,
  "stop_reason": "early_stopping",
  "model_type": "tcn",
  "loss": "mse",
  "learning_rate": 0.001,
  "dropout": 0.1
}