{
  "fold_name": "loso_val_03",
  "val_subject_id": "03",
  "train_subject_ids": [
    "02",
    "08",
    "09",
    "12",
    "13",
    "14",
    "15",
    "16",
    "17",
    "18",
    "19",
    "20",
    "21",
    "22",
    "25",
    "27",
    "28",
    "29"
  ],
  "best_epoch": 75,
  "best_val_loss": 0.09617501497268677,
  "best_val_metrics": {
    "mae": 0.3003908523916601,
    "rmse": 0.39117664515270867,
    "rms": 0.39117664515270867,
    "r2": 0.8642921285435016,
    "bias": -0.12283716486677385,
    "mape_pct": 72.53407394782863,
    "n_samples": 3900
  },
  "n_epochs_ran": 105,
  "stop_reason": "early_stopping",
  "model_type": "tcn",
  "loss": "huber",
  "learning_rate": 0.0005,
  "dropout": 0.1
}