{
  "fold_name": "loso_val_03",
  "val_subject_id": "03",
  "train_subject_ids": [
    "02",
    "08",
    "09",
    "12",
    "13",
    "14",
    "15",
    "16",
    "17",
    "18",
    "19",
    "20",
    "21",
    "22",
    "25",
    "27",
    "28",
    "29"
  ],
  "best_epoch": 78,
  "best_val_loss": 0.07450798153877258,
  "best_val_metrics": {
    "mae": 0.29198791165266397,
    "rmse": 0.37723607075062504,
    "rms": 0.37723607075062504,
    "r2": 0.8806158778166968,
    "bias": -0.08880714381032959,
    "mape_pct": 54.467736873406835,
    "n_samples": 7560
  },
  "n_epochs_ran": 108,
  "stop_reason": "early_stopping",
  "model_type": "tcn",
  "loss": "huber",
  "learning_rate": 0.0005,
  "dropout": 0.1
}