{
  "fold_name": "loso_val_14",
  "val_subject_id": "14",
  "train_subject_ids": [
    "02",
    "03",
    "08",
    "09",
    "12",
    "13",
    "15",
    "16",
    "17",
    "18",
    "19",
    "20",
    "21",
    "22",
    "25",
    "27",
    "28",
    "29"
  ],
  "best_epoch": 41,
  "best_val_loss": 0.8600156605243683,
  "best_val_metrics": {
    "mae": 1.1393706426969872,
    "rmse": 1.2673712616403476,
    "rms": 1.2673712616403476,
    "r2": -0.3227353939896618,
    "bias": 1.106853223137788,
    "mape_pct": 317.5554198052775,
    "n_samples": 7920
  },
  "n_epochs_ran": 71,
  "stop_reason": "early_stopping",
  "model_type": "cnn1d",
  "loss": "huber",
  "learning_rate": 0.001,
  "dropout": 0.1
}