{
  "fold_name": "loso_val_13",
  "val_subject_id": "13",
  "train_subject_ids": [
    "02",
    "03",
    "08",
    "09",
    "12",
    "14",
    "15",
    "16",
    "17",
    "18",
    "19",
    "20",
    "21",
    "22",
    "25",
    "27",
    "28",
    "29"
  ],
  "best_epoch": 10,
  "best_val_loss": 0.29334716219455004,
  "best_val_metrics": {
    "mae": 0.6081394292237311,
    "rmse": 0.7799235018177043,
    "rms": 0.7799235018177043,
    "r2": 0.6039356120157102,
    "bias": -0.4847444633232625,
    "mape_pct": 248.4343166053896,
    "n_samples": 18600
  },
  "n_epochs_ran": 40,
  "stop_reason": "early_stopping",
  "model_type": "tcn",
  "loss": "huber",
  "learning_rate": 0.001,
  "dropout": 0.1
}