{
  "fold_name": "loso_val_15",
  "val_subject_id": "15",
  "train_subject_ids": [
    "02",
    "03",
    "08",
    "09",
    "12",
    "13",
    "14",
    "16",
    "17",
    "18",
    "19",
    "20",
    "21",
    "22",
    "25",
    "27",
    "28",
    "29"
  ],
  "best_epoch": 15,
  "best_val_loss": 0.6168465465307236,
  "best_val_metrics": {
    "mae": 0.949479998599425,
    "rmse": 1.3067846232979072,
    "rms": 1.3067846232979072,
    "r2": -0.13374915910717622,
    "bias": -0.6871668300260435,
    "mape_pct": 112.42458073091241,
    "n_samples": 19050
  },
  "n_epochs_ran": 45,
  "stop_reason": "early_stopping",
  "model_type": "tcn",
  "loss": "huber",
  "learning_rate": 0.001,
  "dropout": 0.1
}