{
  "fold_name": "loso_val_09",
  "val_subject_id": "09",
  "train_subject_ids": [
    "02",
    "03",
    "08",
    "12",
    "13",
    "14",
    "15",
    "16",
    "17",
    "18",
    "19",
    "20",
    "21",
    "22",
    "25",
    "27",
    "28",
    "29"
  ],
  "best_epoch": 11,
  "best_val_loss": 0.1891186684370041,
  "best_val_metrics": {
    "mae": 0.538052720657555,
    "rmse": 0.6032255480779154,
    "rms": 0.6032255480779154,
    "r2": 0.47417515453841586,
    "bias": 0.5057620181746801,
    "mape_pct": 238.8545068451155,
    "n_samples": 14160
  },
  "n_epochs_ran": 41,
  "stop_reason": "early_stopping",
  "model_type": "tcn",
  "loss": "huber",
  "learning_rate": 0.0005,
  "dropout": 0.2
}