{
  "fold_name": "loso_val_14",
  "val_subject_id": "14",
  "train_subject_ids": [
    "02",
    "03",
    "08",
    "09",
    "12",
    "13",
    "15",
    "16",
    "17",
    "18",
    "19",
    "20",
    "21",
    "22",
    "25",
    "27",
    "28",
    "29"
  ],
  "best_epoch": 10,
  "best_val_loss": 0.6121787329514822,
  "best_val_metrics": {
    "mae": 0.9489668260631429,
    "rmse": 1.06273715491878,
    "rms": 1.06273715491878,
    "r2": 0.0030100038428356735,
    "bias": 0.9011581215207531,
    "mape_pct": 227.86775479152192,
    "n_samples": 8400
  },
  "n_epochs_ran": 40,
  "stop_reason": "early_stopping",
  "model_type": "tcn",
  "loss": "huber",
  "learning_rate": 0.0005,
  "dropout": 0.2
}