{
  "fold_name": "loso_val_16",
  "val_subject_id": "16",
  "train_subject_ids": [
    "02",
    "03",
    "08",
    "09",
    "12",
    "13",
    "14",
    "15",
    "17",
    "18",
    "19",
    "20",
    "21",
    "22",
    "25",
    "27",
    "28",
    "29"
  ],
  "best_epoch": 2,
  "best_val_loss": 0.08316437155008316,
  "best_val_metrics": {
    "mae": 0.323943055163727,
    "rmse": 0.39312937025725925,
    "rms": 0.39312937025725925,
    "r2": 0.6682775320597272,
    "bias": 0.066376708453087,
    "mape_pct": 79.87933758831801,
    "n_samples": 1920
  },
  "n_epochs_ran": 32,
  "stop_reason": "early_stopping",
  "model_type": "tcn",
  "loss": "huber",
  "learning_rate": 0.001,
  "dropout": 0.2
}