{
  "fold_name": "loso_val_03",
  "val_subject_id": "03",
  "train_subject_ids": [
    "02",
    "08",
    "09",
    "12",
    "13",
    "14",
    "15",
    "16",
    "17",
    "18",
    "19",
    "20",
    "21",
    "22",
    "25",
    "27",
    "28",
    "29"
  ],
  "best_epoch": 55,
  "best_val_loss": 0.07872625812888145,
  "best_val_metrics": {
    "mae": 0.2974722684449125,
    "rmse": 0.38849550252927073,
    "rms": 0.38849550252927073,
    "r2": 0.8740164925248026,
    "bias": -0.14773325236466256,
    "mape_pct": 56.43278467502486,
    "n_samples": 18450
  },
  "n_epochs_ran": 85,
  "stop_reason": "early_stopping",
  "model_type": "tcn",
  "loss": "huber",
  "learning_rate": 0.001,
  "dropout": 0.1
}