{
  "fold_name": "loso_val_19",
  "val_subject_id": "19",
  "train_subject_ids": [
    "02",
    "03",
    "08",
    "09",
    "12",
    "13",
    "14",
    "15",
    "16",
    "17",
    "18",
    "20",
    "21",
    "22",
    "25",
    "27",
    "28",
    "29"
  ],
  "best_epoch": 12,
  "best_val_loss": 0.22008410654962063,
  "best_val_metrics": {
    "mae": 0.5206426813277519,
    "rmse": 0.6697800867451214,
    "rms": 0.6697800867451214,
    "r2": 0.5509443403848389,
    "bias": 0.05078539889980916,
    "mape_pct": 89.97072091194303,
    "n_samples": 18900
  },
  "n_epochs_ran": 42,
  "stop_reason": "early_stopping",
  "model_type": "tcn",
  "loss": "huber",
  "learning_rate": 0.001,
  "dropout": 0.1
}