{
  "fold_name": "loso_val_28",
  "val_subject_id": "28",
  "train_subject_ids": [
    "02",
    "03",
    "08",
    "09",
    "12",
    "13",
    "14",
    "15",
    "16",
    "17",
    "18",
    "19",
    "20",
    "21",
    "22",
    "25",
    "27",
    "29"
  ],
  "best_epoch": 39,
  "best_val_loss": 0.06065847724676132,
  "best_val_metrics": {
    "mae": 0.24472677446698068,
    "rmse": 0.32589222738165613,
    "rms": 0.32589222738165613,
    "r2": 0.8657164666703624,
    "bias": 0.03161248548994384,
    "mape_pct": 110.01204182325355,
    "n_samples": 5400
  },
  "n_epochs_ran": 69,
  "stop_reason": "early_stopping",
  "model_type": "tcn",
  "loss": "huber",
  "learning_rate": 0.001,
  "dropout": 0.2
}