{
  "fold_name": "loso_val_25",
  "val_subject_id": "25",
  "train_subject_ids": [
    "02",
    "03",
    "08",
    "09",
    "12",
    "13",
    "14",
    "15",
    "16",
    "17",
    "18",
    "19",
    "20",
    "21",
    "22",
    "27",
    "28",
    "29"
  ],
  "best_epoch": 3,
  "best_val_loss": 0.28548992425203323,
  "best_val_metrics": {
    "mae": 0.413089167887345,
    "rmse": 0.5218030720325784,
    "rms": 0.5218030720325784,
    "r2": 0.45993508331323496,
    "bias": -0.1479043219793588,
    "mape_pct": 125.7536055369205,
    "n_samples": 18750
  },
  "n_epochs_ran": 33,
  "stop_reason": "early_stopping",
  "model_type": "tcn",
  "loss": "mse",
  "learning_rate": 0.001,
  "dropout": 0.1
}