{
  "fold_name": "loso_val_03",
  "val_subject_id": "03",
  "train_subject_ids": [
    "02",
    "08",
    "09",
    "12",
    "13",
    "14",
    "15",
    "16",
    "17",
    "18",
    "19",
    "20",
    "21",
    "22",
    "25",
    "27",
    "28",
    "29"
  ],
  "best_epoch": 28,
  "best_val_loss": 0.07895271852612495,
  "best_val_metrics": {
    "mae": 0.3051622868524385,
    "rmse": 0.38991125896434686,
    "rms": 0.38991125896434686,
    "r2": 0.874040464316816,
    "bias": -0.060553349611654796,
    "mape_pct": 65.32840723504198,
    "n_samples": 18450
  },
  "n_epochs_ran": 58,
  "stop_reason": "early_stopping",
  "model_type": "tcn",
  "loss": "huber",
  "learning_rate": 0.001,
  "dropout": 0.1
}