{
  "fold_name": "loso_val_12",
  "val_subject_id": "12",
  "train_subject_ids": [
    "02",
    "03",
    "08",
    "09",
    "13",
    "14",
    "15",
    "16",
    "17",
    "18",
    "19",
    "20",
    "21",
    "22",
    "25",
    "27",
    "28",
    "29"
  ],
  "best_epoch": 24,
  "best_val_loss": 0.07867707684636116,
  "best_val_metrics": {
    "mae": 0.30636667505036935,
    "rmse": 0.3838519702020386,
    "rms": 0.3838519702020386,
    "r2": 0.6498744096399631,
    "bias": -0.0586221594564714,
    "mape_pct": 309.28004030438603,
    "n_samples": 3780
  },
  "n_epochs_ran": 54,
  "stop_reason": "early_stopping",
  "model_type": "cnn1d",
  "loss": "huber",
  "learning_rate": 0.001,
  "dropout": 0.1
}