{
  "fold_name": "loso_val_13",
  "val_subject_id": "13",
  "train_subject_ids": [
    "02",
    "03",
    "08",
    "09",
    "12",
    "14",
    "15",
    "16",
    "17",
    "18",
    "19",
    "20",
    "21",
    "22",
    "25",
    "27",
    "28",
    "29"
  ],
  "best_epoch": 3,
  "best_val_loss": 0.22942347824573517,
  "best_val_metrics": {
    "mae": 0.5525752967457817,
    "rmse": 0.6948271382514942,
    "rms": 0.6948271382514942,
    "r2": 0.7003548669473381,
    "bias": -0.20175043204659512,
    "mape_pct": 422.11614330705044,
    "n_samples": 5580
  },
  "n_epochs_ran": 33,
  "stop_reason": "early_stopping",
  "model_type": "tcn",
  "loss": "huber",
  "learning_rate": 0.0005,
  "dropout": 0.1
}