{
  "fold_name": "loso_val_15",
  "val_subject_id": "15",
  "train_subject_ids": [
    "02",
    "03",
    "08",
    "09",
    "12",
    "13",
    "14",
    "16",
    "17",
    "18",
    "19",
    "20",
    "21",
    "22",
    "25",
    "27",
    "28",
    "29"
  ],
  "best_epoch": 18,
  "best_val_loss": 0.5192266404628754,
  "best_val_metrics": {
    "mae": 0.9565936036163357,
    "rmse": 1.2570688354311086,
    "rms": 1.2570688354311086,
    "r2": -0.13125955085378127,
    "bias": -0.7812677186495164,
    "mape_pct": 107.11980388099742,
    "n_samples": 3960
  },
  "n_epochs_ran": 48,
  "stop_reason": "early_stopping",
  "model_type": "tcn",
  "loss": "huber",
  "learning_rate": 0.0005,
  "dropout": 0.1
}