{
  "fold_name": "loso_val_09",
  "val_subject_id": "09",
  "train_subject_ids": [
    "02",
    "03",
    "08",
    "12",
    "13",
    "14",
    "15",
    "16",
    "17",
    "18",
    "19",
    "20",
    "21",
    "22",
    "25",
    "27",
    "28",
    "29"
  ],
  "best_epoch": 14,
  "best_val_loss": 0.1851259171962738,
  "best_val_metrics": {
    "mae": 0.5300876830484412,
    "rmse": 0.5965128802629123,
    "rms": 0.5965128802629123,
    "r2": 0.47471572394250583,
    "bias": 0.49638708442101537,
    "mape_pct": 242.32811575609693,
    "n_samples": 3840
  },
  "n_epochs_ran": 44,
  "stop_reason": "early_stopping",
  "model_type": "tcn",
  "loss": "huber",
  "learning_rate": 0.001,
  "dropout": 0.1
}