{
  "fold_name": "loso_val_08",
  "val_subject_id": "08",
  "train_subject_ids": [
    "02",
    "03",
    "09",
    "12",
    "13",
    "14",
    "15",
    "16",
    "17",
    "18",
    "19",
    "20",
    "21",
    "22",
    "25",
    "27",
    "28",
    "29"
  ],
  "best_epoch": 32,
  "best_val_loss": 0.05724057275801897,
  "best_val_metrics": {
    "mae": 0.269608266946113,
    "rmse": 0.33604546387815076,
    "rms": 0.33604546387815076,
    "r2": 0.8698867952022321,
    "bias": -0.15309167556362047,
    "mape_pct": 109.09791697253401,
    "n_samples": 18150
  },
  "n_epochs_ran": 62,
  "stop_reason": "early_stopping",
  "model_type": "tcn",
  "loss": "huber",
  "learning_rate": 0.001,
  "dropout": 0.1
}