{
  "fold_name": "loso_val_03",
  "val_subject_id": "03",
  "train_subject_ids": [
    "02",
    "08",
    "09",
    "12",
    "13",
    "14",
    "15",
    "16",
    "17",
    "18",
    "19",
    "20",
    "21",
    "22",
    "25",
    "27",
    "28",
    "29"
  ],
  "best_epoch": 53,
  "best_val_loss": 0.07219081837683916,
  "best_val_metrics": {
    "mae": 0.2819015440554042,
    "rmse": 0.36887284961317707,
    "rms": 0.36887284961317707,
    "r2": 0.8869975643653896,
    "bias": -0.04614291905799028,
    "mape_pct": 56.8611228646915,
    "n_samples": 18450
  },
  "n_epochs_ran": 83,
  "stop_reason": "early_stopping",
  "model_type": "tcn",
  "loss": "huber",
  "learning_rate": 0.001,
  "dropout": 0.1
}