{
  "fold_name": "loso_val_12",
  "val_subject_id": "12",
  "train_subject_ids": [
    "02",
    "03",
    "08",
    "09",
    "13",
    "14",
    "15",
    "16",
    "17",
    "18",
    "19",
    "20",
    "21",
    "22",
    "25",
    "27",
    "28",
    "29"
  ],
  "best_epoch": 1,
  "best_val_loss": 0.15682868659496307,
  "best_val_metrics": {
    "mae": 0.45529686352545773,
    "rmse": 0.5568274169960685,
    "rms": 0.5568274169960685,
    "r2": 0.29805155878220757,
    "bias": -0.02589461048475338,
    "mape_pct": 499.4418497451119,
    "n_samples": 1920
  },
  "n_epochs_ran": 31,
  "stop_reason": "early_stopping",
  "model_type": "tcn",
  "loss": "huber",
  "learning_rate": 0.001,
  "dropout": 0.1
}