{
  "fold_name": "loso_val_28",
  "val_subject_id": "28",
  "train_subject_ids": [
    "02",
    "03",
    "08",
    "09",
    "12",
    "13",
    "14",
    "15",
    "16",
    "17",
    "18",
    "19",
    "20",
    "21",
    "22",
    "25",
    "27",
    "29"
  ],
  "best_epoch": 30,
  "best_val_loss": 0.05396468658000231,
  "best_val_metrics": {
    "mae": 0.22770016867934906,
    "rmse": 0.31323172213858813,
    "rms": 0.31323172213858813,
    "r2": 0.8796188901378444,
    "bias": -0.04483072609732379,
    "mape_pct": 71.41791862171658,
    "n_samples": 18150
  },
  "n_epochs_ran": 60,
  "stop_reason": "early_stopping",
  "model_type": "tcn",
  "loss": "huber",
  "learning_rate": 0.001,
  "dropout": 0.1
}