{
  "fold_name": "loso_val_16",
  "val_subject_id": "16",
  "train_subject_ids": [
    "02",
    "03",
    "08",
    "09",
    "12",
    "13",
    "14",
    "15",
    "17",
    "18",
    "19",
    "20",
    "21",
    "22",
    "25",
    "27",
    "28",
    "29"
  ],
  "best_epoch": 18,
  "best_val_loss": 0.08376176282763481,
  "best_val_metrics": {
    "mae": 0.256365534605808,
    "rmse": 0.38283607484426646,
    "rms": 0.38283607484426646,
    "r2": 0.6693502338645303,
    "bias": 0.057173106861039893,
    "mape_pct": 97.18649413968538,
    "n_samples": 17850
  },
  "n_epochs_ran": 48,
  "stop_reason": "early_stopping",
  "model_type": "tcn",
  "loss": "huber",
  "learning_rate": 0.001,
  "dropout": 0.1
}