{
  "fold_name": "loso_val_12",
  "val_subject_id": "12",
  "train_subject_ids": [
    "02",
    "03",
    "08",
    "09",
    "13",
    "14",
    "15",
    "16",
    "17",
    "18",
    "19",
    "20",
    "21",
    "22",
    "25",
    "27",
    "28",
    "29"
  ],
  "best_epoch": 13,
  "best_val_loss": 0.1546604484319687,
  "best_val_metrics": {
    "mae": 0.4451876048717016,
    "rmse": 0.5404873794834282,
    "rms": 0.5404873794834282,
    "r2": 0.30014679555957435,
    "bias": -0.19920287270256268,
    "mape_pct": 408.30026482504627,
    "n_samples": 1920
  },
  "n_epochs_ran": 43,
  "stop_reason": "early_stopping",
  "model_type": "cnn1d",
  "loss": "huber",
  "learning_rate": 0.0005,
  "dropout": 0.2
}