{
  "fold_name": "loso_val_03",
  "val_subject_id": "03",
  "train_subject_ids": [
    "02",
    "08",
    "09",
    "12",
    "13",
    "14",
    "15",
    "16",
    "17",
    "18",
    "19",
    "20",
    "21",
    "22",
    "25",
    "27",
    "28",
    "29"
  ],
  "best_epoch": 63,
  "best_val_loss": 0.07835961133241653,
  "best_val_metrics": {
    "mae": 0.2959923617086278,
    "rmse": 0.37668294779046424,
    "rms": 0.37668294779046424,
    "r2": 0.8825958887180574,
    "bias": -0.07654436312645721,
    "mape_pct": 71.86253145814854,
    "n_samples": 3900
  },
  "n_epochs_ran": 93,
  "stop_reason": "early_stopping",
  "model_type": "cnn1d",
  "loss": "huber",
  "learning_rate": 0.001,
  "dropout": 0.1
}