{
  "fold_name": "loso_val_09",
  "val_subject_id": "09",
  "train_subject_ids": [
    "02",
    "03",
    "08",
    "12",
    "13",
    "14",
    "15",
    "16",
    "17",
    "18",
    "19",
    "20",
    "21",
    "22",
    "25",
    "27",
    "28",
    "29"
  ],
  "best_epoch": 23,
  "best_val_loss": 0.20947005599737167,
  "best_val_metrics": {
    "mae": 0.5656784411903506,
    "rmse": 0.6384396458445107,
    "rms": 0.6384396458445107,
    "r2": 0.40472724967092244,
    "bias": 0.5166429874777335,
    "mape_pct": 251.97572322243468,
    "n_samples": 7560
  },
  "n_epochs_ran": 53,
  "stop_reason": "early_stopping",
  "model_type": "tcn",
  "loss": "huber",
  "learning_rate": 0.0005,
  "dropout": 0.1
}