{
  "fold_name": "loso_val_29",
  "val_subject_id": "29",
  "train_subject_ids": [
    "02",
    "03",
    "08",
    "09",
    "12",
    "13",
    "14",
    "15",
    "16",
    "17",
    "18",
    "19",
    "20",
    "21",
    "22",
    "25",
    "27",
    "28"
  ],
  "best_epoch": 41,
  "best_val_loss": 0.04137847386300564,
  "best_val_metrics": {
    "mae": 0.19207851408156643,
    "rmse": 0.277645237191072,
    "rms": 0.277645237191072,
    "r2": 0.8860910574383418,
    "bias": 0.03154684218118539,
    "mape_pct": 85.29008656497764,
    "n_samples": 18900
  },
  "n_epochs_ran": 71,
  "stop_reason": "early_stopping",
  "model_type": "tcn",
  "loss": "huber",
  "learning_rate": 0.001,
  "dropout": 0.1
}