{
  "fold_name": "loso_val_08",
  "val_subject_id": "08",
  "train_subject_ids": [
    "02",
    "03",
    "09",
    "12",
    "13",
    "14",
    "15",
    "16",
    "17",
    "18",
    "19",
    "20",
    "21",
    "22",
    "25",
    "27",
    "28",
    "29"
  ],
  "best_epoch": 24,
  "best_val_loss": 0.07588925212621689,
  "best_val_metrics": {
    "mae": 0.3013299328859918,
    "rmse": 0.38700437221199024,
    "rms": 0.38700437221199024,
    "r2": 0.8269706049415403,
    "bias": -0.18600880545285475,
    "mape_pct": 115.10415248706585,
    "n_samples": 7440
  },
  "n_epochs_ran": 54,
  "stop_reason": "early_stopping",
  "model_type": "cnn1d",
  "loss": "huber",
  "learning_rate": 0.0005,
  "dropout": 0.1
}