{
  "fold_name": "loso_val_20",
  "val_subject_id": "20",
  "train_subject_ids": [
    "02",
    "03",
    "08",
    "09",
    "12",
    "13",
    "14",
    "15",
    "16",
    "17",
    "18",
    "19",
    "21",
    "22",
    "25",
    "27",
    "28",
    "29"
  ],
  "best_epoch": 30,
  "best_val_loss": 0.04547575768083334,
  "best_val_metrics": {
    "mae": 0.19934380197827578,
    "rmse": 0.2820205998563315,
    "rms": 0.2820205998563315,
    "r2": 0.873203740060047,
    "bias": -0.062443864535339316,
    "mape_pct": 105.53930913841725,
    "n_samples": 18300
  },
  "n_epochs_ran": 60,
  "stop_reason": "early_stopping",
  "model_type": "tcn",
  "loss": "huber",
  "learning_rate": 0.001,
  "dropout": 0.1
}