{
  "fold_name": "loso_val_17",
  "val_subject_id": "17",
  "train_subject_ids": [
    "02",
    "03",
    "08",
    "09",
    "12",
    "13",
    "14",
    "15",
    "16",
    "18",
    "19",
    "20",
    "21",
    "22",
    "25",
    "27",
    "28",
    "29"
  ],
  "best_epoch": 11,
  "best_val_loss": 0.06696928665041924,
  "best_val_metrics": {
    "mae": 0.2626224503091045,
    "rmse": 0.3555608153621505,
    "rms": 0.3555608153621505,
    "r2": 0.8101732461170486,
    "bias": -0.1545057929008936,
    "mape_pct": 98.20968434185747,
    "n_samples": 18150
  },
  "n_epochs_ran": 41,
  "stop_reason": "early_stopping",
  "model_type": "tcn",
  "loss": "huber",
  "learning_rate": 0.001,
  "dropout": 0.1
}