{
  "fold_name": "loso_val_08",
  "val_subject_id": "08",
  "train_subject_ids": [
    "02",
    "03",
    "09",
    "12",
    "13",
    "14",
    "15",
    "16",
    "17",
    "18",
    "19",
    "20",
    "21",
    "22",
    "25",
    "27",
    "28",
    "29"
  ],
  "best_epoch": 7,
  "best_val_loss": 0.09802862256765366,
  "best_val_metrics": {
    "mae": 0.34661916692406985,
    "rmse": 0.43928170076796874,
    "rms": 0.43928170076796874,
    "r2": 0.782764787682725,
    "bias": -0.13541039481930564,
    "mape_pct": 139.60928194903573,
    "n_samples": 3720
  },
  "n_epochs_ran": 37,
  "stop_reason": "early_stopping",
  "model_type": "cnn1d",
  "loss": "huber",
  "learning_rate": 0.0005,
  "dropout": 0.2
}