{
  "fold_name": "loso_val_14",
  "val_subject_id": "14",
  "train_subject_ids": [
    "02",
    "03",
    "08",
    "09",
    "12",
    "13",
    "15",
    "16",
    "17",
    "18",
    "19",
    "20",
    "21",
    "22",
    "25",
    "27",
    "28",
    "29"
  ],
  "best_epoch": 46,
  "best_val_loss": 0.7122393945852915,
  "best_val_metrics": {
    "mae": 1.0756546043218502,
    "rmse": 1.1901679690137539,
    "rms": 1.1901679690137539,
    "r2": -0.24980629352591932,
    "bias": 1.0345277607515864,
    "mape_pct": 280.83667725338466,
    "n_samples": 4320
  },
  "n_epochs_ran": 76,
  "stop_reason": "early_stopping",
  "model_type": "cnn1d",
  "loss": "huber",
  "learning_rate": 0.001,
  "dropout": 0.2
}