{
  "fold_name": "loso_val_13",
  "val_subject_id": "13",
  "train_subject_ids": [
    "02",
    "03",
    "08",
    "09",
    "12",
    "14",
    "15",
    "16",
    "17",
    "18",
    "19",
    "20",
    "21",
    "22",
    "25",
    "27",
    "28",
    "29"
  ],
  "best_epoch": 14,
  "best_val_loss": 0.25857146084308624,
  "best_val_metrics": {
    "mae": 0.5553311778549893,
    "rmse": 0.7251538142578301,
    "rms": 0.7251538142578301,
    "r2": 0.6570880593945114,
    "bias": -0.4656533482704415,
    "mape_pct": 246.1157570176986,
    "n_samples": 10980
  },
  "n_epochs_ran": 44,
  "stop_reason": "early_stopping",
  "model_type": "tcn",
  "loss": "huber",
  "learning_rate": 0.0005,
  "dropout": 0.1
}