{
  "fold_name": "loso_val_29",
  "val_subject_id": "29",
  "train_subject_ids": [
    "02",
    "03",
    "08",
    "09",
    "12",
    "13",
    "14",
    "15",
    "16",
    "17",
    "18",
    "19",
    "20",
    "21",
    "22",
    "25",
    "27",
    "28"
  ],
  "best_epoch": 33,
  "best_val_loss": 0.04593290854245424,
  "best_val_metrics": {
    "mae": 0.20754591414477017,
    "rmse": 0.29154458297921776,
    "rms": 0.29154458297921776,
    "r2": 0.8766447469346568,
    "bias": 0.11952946385190077,
    "mape_pct": 82.97577602712572,
    "n_samples": 18900
  },
  "n_epochs_ran": 63,
  "stop_reason": "early_stopping",
  "model_type": "tcn",
  "loss": "huber",
  "learning_rate": 0.001,
  "dropout": 0.1
}