{
  "fold_name": "loso_val_17",
  "val_subject_id": "17",
  "train_subject_ids": [
    "02",
    "03",
    "08",
    "09",
    "12",
    "13",
    "14",
    "15",
    "16",
    "18",
    "19",
    "20",
    "21",
    "22",
    "25",
    "27",
    "28",
    "29"
  ],
  "best_epoch": 11,
  "best_val_loss": 0.06621087994426489,
  "best_val_metrics": {
    "mae": 0.26083260354982013,
    "rmse": 0.3544094348886234,
    "rms": 0.3544094348886234,
    "r2": 0.8116877734476251,
    "bias": -0.16287328031204945,
    "mape_pct": 91.02977139461598,
    "n_samples": 18150
  },
  "n_epochs_ran": 41,
  "stop_reason": "early_stopping",
  "model_type": "tcn",
  "loss": "huber",
  "learning_rate": 0.001,
  "dropout": 0.1
}