{
  "fold_name": "loso_val_14",
  "val_subject_id": "14",
  "train_subject_ids": [
    "02",
    "03",
    "08",
    "09",
    "12",
    "13",
    "15",
    "16",
    "17",
    "18",
    "19",
    "20",
    "21",
    "22",
    "25",
    "27",
    "28",
    "29"
  ],
  "best_epoch": 53,
  "best_val_loss": 0.7160203754901886,
  "best_val_metrics": {
    "mae": 0.9848284952199637,
    "rmse": 1.0854289763663632,
    "rms": 1.0854289763663632,
    "r2": -0.004125594432638158,
    "bias": 0.9561544335737114,
    "mape_pct": 268.6244969194936,
    "n_samples": 7920
  },
  "n_epochs_ran": 83,
  "stop_reason": "early_stopping",
  "model_type": "tcn",
  "loss": "huber",
  "learning_rate": 0.0005,
  "dropout": 0.1
}