{
  "fold_name": "loso_val_27",
  "val_subject_id": "27",
  "train_subject_ids": [
    "02",
    "03",
    "08",
    "09",
    "12",
    "13",
    "14",
    "15",
    "16",
    "17",
    "18",
    "19",
    "20",
    "21",
    "22",
    "25",
    "28",
    "29"
  ],
  "best_epoch": 27,
  "best_val_loss": 0.23673257417976856,
  "best_val_metrics": {
    "mae": 0.33378540222435715,
    "rmse": 0.4693041532547916,
    "rms": 0.4693041532547916,
    "r2": 0.7607566639982879,
    "bias": -0.08144065703373335,
    "mape_pct": 232.9637137811628,
    "n_samples": 18600
  },
  "n_epochs_ran": 57,
  "stop_reason": "early_stopping",
  "model_type": "tcn",
  "loss": "mse",
  "learning_rate": 0.001,
  "dropout": 0.1
}