{
  "fold_name": "loso_val_03",
  "val_subject_id": "03",
  "train_subject_ids": [
    "02",
    "08",
    "09",
    "12",
    "13",
    "14",
    "15",
    "16",
    "17",
    "18",
    "19",
    "20",
    "21",
    "22",
    "25",
    "27",
    "28",
    "29"
  ],
  "best_epoch": 57,
  "best_val_loss": 0.09189252555370331,
  "best_val_metrics": {
    "mae": 0.31933647975095786,
    "rmse": 0.41873945667839924,
    "rms": 0.41873945667839924,
    "r2": 0.8508607361594392,
    "bias": -0.1420100248550019,
    "mape_pct": 58.22843286501189,
    "n_samples": 3840
  },
  "n_epochs_ran": 87,
  "stop_reason": "early_stopping",
  "model_type": "tcn",
  "loss": "huber",
  "learning_rate": 0.0005,
  "dropout": 0.2
}