{
  "fold_name": "loso_val_12",
  "val_subject_id": "12",
  "train_subject_ids": [
    "02",
    "03",
    "08",
    "09",
    "13",
    "14",
    "15",
    "16",
    "17",
    "18",
    "19",
    "20",
    "21",
    "22",
    "25",
    "27",
    "28",
    "29"
  ],
  "best_epoch": 33,
  "best_val_loss": 0.3257004953920841,
  "best_val_metrics": {
    "mae": 0.447542978447005,
    "rmse": 0.5639454838496047,
    "rms": 0.5639454838496047,
    "r2": 0.28826444864421674,
    "bias": -0.1428316418293883,
    "mape_pct": 619.0069171889618,
    "n_samples": 18000
  },
  "n_epochs_ran": 63,
  "stop_reason": "early_stopping",
  "model_type": "tcn",
  "loss": "mse",
  "learning_rate": 0.001,
  "dropout": 0.1
}