{
  "fold_name": "loso_val_27",
  "val_subject_id": "27",
  "train_subject_ids": [
    "02",
    "03",
    "08",
    "09",
    "12",
    "13",
    "14",
    "15",
    "16",
    "17",
    "18",
    "19",
    "20",
    "21",
    "22",
    "25",
    "28",
    "29"
  ],
  "best_epoch": 11,
  "best_val_loss": 0.09863651264458895,
  "best_val_metrics": {
    "mae": 0.32221850536068,
    "rmse": 0.43751261403857794,
    "rms": 0.43751261403857794,
    "r2": 0.7905022220870249,
    "bias": -0.17062929004508695,
    "mape_pct": 178.24954845306436,
    "n_samples": 18600
  },
  "n_epochs_ran": 41,
  "stop_reason": "early_stopping",
  "model_type": "tcn",
  "loss": "huber",
  "learning_rate": 0.001,
  "dropout": 0.1
}