{
  "fold_name": "loso_val_09",
  "val_subject_id": "09",
  "train_subject_ids": [
    "02",
    "03",
    "08",
    "12",
    "13",
    "14",
    "15",
    "16",
    "17",
    "18",
    "19",
    "20",
    "21",
    "22",
    "25",
    "27",
    "28",
    "29"
  ],
  "best_epoch": 23,
  "best_val_loss": 0.2430102452635765,
  "best_val_metrics": {
    "mae": 0.5302980829385989,
    "rmse": 0.5974777380850625,
    "rms": 0.5974777380850625,
    "r2": 0.4561550713904755,
    "bias": 0.5019129174157643,
    "mape_pct": 236.012449770416,
    "n_samples": 1980
  },
  "n_epochs_ran": 53,
  "stop_reason": "early_stopping",
  "model_type": "tcn",
  "loss": "huber",
  "learning_rate": 0.001,
  "dropout": 0.1
}