{
  "fold_name": "loso_val_19",
  "val_subject_id": "19",
  "train_subject_ids": [
    "02",
    "03",
    "08",
    "09",
    "12",
    "13",
    "14",
    "15",
    "16",
    "17",
    "18",
    "20",
    "21",
    "22",
    "25",
    "27",
    "28",
    "29"
  ],
  "best_epoch": 26,
  "best_val_loss": 0.20880058407783508,
  "best_val_metrics": {
    "mae": 0.5064214951436347,
    "rmse": 0.651706122354838,
    "rms": 0.651706122354838,
    "r2": 0.5783631761225715,
    "bias": 0.07858363412512792,
    "mape_pct": 88.40155447248996,
    "n_samples": 18900
  },
  "n_epochs_ran": 56,
  "stop_reason": "early_stopping",
  "model_type": "tcn",
  "loss": "huber",
  "learning_rate": 0.001,
  "dropout": 0.1
}