{
  "fold_name": "loso_val_17",
  "val_subject_id": "17",
  "train_subject_ids": [
    "02",
    "03",
    "08",
    "09",
    "12",
    "13",
    "14",
    "15",
    "16",
    "18",
    "19",
    "20",
    "21",
    "22",
    "25",
    "27",
    "28",
    "29"
  ],
  "best_epoch": 15,
  "best_val_loss": 0.15069237351417542,
  "best_val_metrics": {
    "mae": 0.27731251788829436,
    "rmse": 0.37173691913487306,
    "rms": 0.37173691913487306,
    "r2": 0.7984732800429144,
    "bias": -0.2008156228890949,
    "mape_pct": 87.41235527227126,
    "n_samples": 18150
  },
  "n_epochs_ran": 45,
  "stop_reason": "early_stopping",
  "model_type": "tcn",
  "loss": "mse",
  "learning_rate": 0.001,
  "dropout": 0.1
}