val_subject_id,n_train_windows,n_val_windows,best_epoch,best_val_loss,mae,rmse,rms,r2,bias,mape_pct
02,2227,126,27,0.18103234469890594,0.33837865148698076,0.41431734014549526,0.41431734014549526,0.7299367177876509,0.2632789034765305,155.49627021627126
03,2230,123,28,0.16699980944395065,0.3035761491970228,0.3963042406473116,0.3963042406473116,0.8709520177803076,-0.13416627612315765,53.969613749120235
08,2232,121,66,0.12157484143972397,0.2757016299578256,0.34283326505414236,0.34283326505414236,0.8661947988579304,-0.15660889297087494,119.11167630421629
09,2230,123,1,0.43651412427425385,0.541208033809668,0.6514607341647571,0.6514607341647571,0.3912935353080763,0.43194589397823313,240.63645517010568
12,2233,120,1,0.4663502722978592,0.5383607701814133,0.6820411405377766,0.6820411405377766,-0.03501813473058202,-0.2291615174732708,740.098923643279
13,2229,124,1,0.5627208948135376,0.5783231411708936,0.7429058847953657,0.7429058847953657,0.655294978232283,-0.3347865763933883,451.0662043903353
14,2216,137,17,1.4809641440709431,0.9709322868065836,1.0912192473439906,1.0912192473439906,-0.03222262995685776,0.930639324601402,232.1192040614204
