{
  "fold_name": "loso_val_14",
  "val_subject_id": "14",
  "train_subject_ids": [
    "02",
    "03",
    "08",
    "09",
    "12",
    "13",
    "15",
    "16",
    "17",
    "18",
    "19",
    "20",
    "21",
    "22",
    "25",
    "27",
    "28",
    "29"
  ],
  "best_epoch": 13,
  "best_val_loss": 0.7323561310768127,
  "best_val_metrics": {
    "mae": 0.9842220571620454,
    "rmse": 1.090715469614074,
    "rms": 1.090715469614074,
    "r2": -0.039116517032540266,
    "bias": 0.9435545215919786,
    "mape_pct": 244.8057047212595,
    "n_samples": 6120
  },
  "n_epochs_ran": 43,
  "stop_reason": "early_stopping",
  "model_type": "tcn",
  "loss": "huber",
  "learning_rate": 0.001,
  "dropout": 0.1
}