{
  "fold_name": "loso_val_13",
  "val_subject_id": "13",
  "train_subject_ids": [
    "02",
    "03",
    "08",
    "09",
    "12",
    "14",
    "15",
    "16",
    "17",
    "18",
    "19",
    "20",
    "21",
    "22",
    "25",
    "27",
    "28",
    "29"
  ],
  "best_epoch": 51,
  "best_val_loss": 0.2596762478351593,
  "best_val_metrics": {
    "mae": 0.5627960616316501,
    "rmse": 0.729519696567605,
    "rms": 0.729519696567605,
    "r2": 0.6625184842558436,
    "bias": -0.49362170034091113,
    "mape_pct": 180.01806695039983,
    "n_samples": 5580
  },
  "n_epochs_ran": 81,
  "stop_reason": "early_stopping",
  "model_type": "cnn1d",
  "loss": "huber",
  "learning_rate": 0.001,
  "dropout": 0.1
}