{
  "fold_name": "loso_val_02",
  "val_subject_id": "02",
  "train_subject_ids": [
    "03",
    "08",
    "09",
    "12",
    "13",
    "14",
    "15",
    "16",
    "17",
    "18",
    "19",
    "20",
    "21",
    "22",
    "25",
    "27",
    "28",
    "29"
  ],
  "best_epoch": 4,
  "best_val_loss": 0.08520219475030899,
  "best_val_metrics": {
    "mae": 0.31063020980204875,
    "rmse": 0.4039864675547748,
    "rms": 0.4039864675547748,
    "r2": 0.7278102846185657,
    "bias": 0.19588352755444474,
    "mape_pct": 137.3774707057216,
    "n_samples": 18900
  },
  "n_epochs_ran": 34,
  "stop_reason": "early_stopping",
  "model_type": "tcn",
  "loss": "huber",
  "learning_rate": 0.001,
  "dropout": 0.1
}