{
  "fold_name": "loso_val_09",
  "val_subject_id": "09",
  "train_subject_ids": [
    "02",
    "03",
    "08",
    "12",
    "13",
    "14",
    "15",
    "16",
    "17",
    "18",
    "19",
    "20",
    "21",
    "22",
    "25",
    "27",
    "28",
    "29"
  ],
  "best_epoch": 4,
  "best_val_loss": 0.1617671251296997,
  "best_val_metrics": {
    "mae": 0.47363933794250396,
    "rmse": 0.5593963859742199,
    "rms": 0.5593963859742199,
    "r2": 0.5485282671074708,
    "bias": 0.42094708868607583,
    "mape_pct": 232.85504990424562,
    "n_samples": 14160
  },
  "n_epochs_ran": 34,
  "stop_reason": "early_stopping",
  "model_type": "tcn",
  "loss": "huber",
  "learning_rate": 0.001,
  "dropout": 0.1
}