{
  "fold_name": "loso_val_08",
  "val_subject_id": "08",
  "train_subject_ids": [
    "02",
    "03",
    "09",
    "12",
    "13",
    "14",
    "15",
    "16",
    "17",
    "18",
    "19",
    "20",
    "21",
    "22",
    "25",
    "27",
    "28",
    "29"
  ],
  "best_epoch": 7,
  "best_val_loss": 0.09126656129956245,
  "best_val_metrics": {
    "mae": 0.34445824583411283,
    "rmse": 0.43106900501168416,
    "rms": 0.43106900501168416,
    "r2": 0.7906664679919386,
    "bias": -0.21634388676820787,
    "mape_pct": 123.05881815168091,
    "n_samples": 13920
  },
  "n_epochs_ran": 37,
  "stop_reason": "early_stopping",
  "model_type": "cnn1d",
  "loss": "huber",
  "learning_rate": 0.0005,
  "dropout": 0.2
}