{
  "fold_name": "loso_val_03",
  "val_subject_id": "03",
  "train_subject_ids": [
    "02",
    "08",
    "09",
    "12",
    "13",
    "14",
    "15",
    "16",
    "17",
    "18",
    "19",
    "20",
    "21",
    "22",
    "25",
    "27",
    "28",
    "29"
  ],
  "best_epoch": 40,
  "best_val_loss": 0.16420796513557434,
  "best_val_metrics": {
    "mae": 0.30852577029419487,
    "rmse": 0.3935007490198981,
    "rms": 0.3935007490198981,
    "r2": 0.873192849999683,
    "bias": -0.09545296869058979,
    "mape_pct": 62.251822296157044,
    "n_samples": 18450
  },
  "n_epochs_ran": 70,
  "stop_reason": "early_stopping",
  "model_type": "tcn",
  "loss": "mse",
  "learning_rate": 0.001,
  "dropout": 0.1
}