{
  "fold_name": "loso_val_12",
  "val_subject_id": "12",
  "train_subject_ids": [
    "02",
    "03",
    "08",
    "09",
    "13",
    "14",
    "15",
    "16",
    "17",
    "18",
    "19",
    "20",
    "21",
    "22",
    "25",
    "27",
    "28",
    "29"
  ],
  "best_epoch": 2,
  "best_val_loss": 0.20290136337280273,
  "best_val_metrics": {
    "mae": 0.5168351628796807,
    "rmse": 0.6467212894346339,
    "rms": 0.6467212894346339,
    "r2": 0.07206714695631,
    "bias": -0.18162718803754205,
    "mape_pct": 677.6891254394546,
    "n_samples": 3720
  },
  "n_epochs_ran": 32,
  "stop_reason": "early_stopping",
  "model_type": "tcn",
  "loss": "huber",
  "learning_rate": 0.001,
  "dropout": 0.1
}