{
  "fold_name": "loso_val_03",
  "val_subject_id": "03",
  "train_subject_ids": [
    "02",
    "08",
    "09",
    "12",
    "13",
    "14",
    "15",
    "16",
    "17",
    "18",
    "19",
    "20",
    "21",
    "22",
    "25",
    "27",
    "28",
    "29"
  ],
  "best_epoch": 56,
  "best_val_loss": 0.09973777582248051,
  "best_val_metrics": {
    "mae": 0.28294021594839597,
    "rmse": 0.37571242639316615,
    "rms": 0.37571242639316615,
    "r2": 0.874418819168017,
    "bias": -0.1255995029063585,
    "mape_pct": 65.83397311616956,
    "n_samples": 3900
  },
  "n_epochs_ran": 86,
  "stop_reason": "early_stopping",
  "model_type": "tcn",
  "loss": "huber",
  "learning_rate": 0.001,
  "dropout": 0.2
}