{
  "fold_name": "loso_val_13",
  "val_subject_id": "13",
  "train_subject_ids": [
    "02",
    "03",
    "08",
    "09",
    "12",
    "14",
    "15",
    "16",
    "17",
    "18",
    "19",
    "20",
    "21",
    "22",
    "25",
    "27",
    "28",
    "29"
  ],
  "best_epoch": 16,
  "best_val_loss": 0.22446528573830923,
  "best_val_metrics": {
    "mae": 0.5700661044406036,
    "rmse": 0.7210423416246032,
    "rms": 0.7210423416246032,
    "r2": 0.6527068004759573,
    "bias": -0.40274677748785903,
    "mape_pct": 164.57409720956878,
    "n_samples": 3900
  },
  "n_epochs_ran": 46,
  "stop_reason": "early_stopping",
  "model_type": "cnn1d",
  "loss": "huber",
  "learning_rate": 0.0005,
  "dropout": 0.1
}