{
  "fold_name": "loso_val_03",
  "val_subject_id": "03",
  "train_subject_ids": [
    "02",
    "08",
    "09",
    "12",
    "13",
    "14",
    "15",
    "16",
    "17",
    "18",
    "19",
    "20",
    "21",
    "22",
    "25",
    "27",
    "28",
    "29"
  ],
  "best_epoch": 36,
  "best_val_loss": 0.05678895302116871,
  "best_val_metrics": {
    "mae": 0.2611064266508448,
    "rmse": 0.33607731654382716,
    "rms": 0.33607731654382716,
    "r2": 0.9099309897032991,
    "bias": -0.03280966730293426,
    "mape_pct": 61.82607835852182,
    "n_samples": 10980
  },
  "n_epochs_ran": 66,
  "stop_reason": "early_stopping",
  "model_type": "cnn1d",
  "loss": "huber",
  "learning_rate": 0.001,
  "dropout": 0.1
}