{
  "fold_name": "loso_val_14",
  "val_subject_id": "14",
  "train_subject_ids": [
    "02",
    "03",
    "08",
    "09",
    "12",
    "13",
    "15",
    "16",
    "17",
    "18",
    "19",
    "20",
    "21",
    "22",
    "25",
    "27",
    "28",
    "29"
  ],
  "best_epoch": 1,
  "best_val_loss": 0.6618147790431976,
  "best_val_metrics": {
    "mae": 0.9899745020786348,
    "rmse": 1.1401870403256635,
    "rms": 1.1401870403256635,
    "r2": -0.16600195059085454,
    "bias": 0.8130281102528291,
    "mape_pct": 143.556437078179,
    "n_samples": 4320
  },
  "n_epochs_ran": 31,
  "stop_reason": "early_stopping",
  "model_type": "tcn",
  "loss": "huber",
  "learning_rate": 0.001,
  "dropout": 0.1
}