{
  "fold_name": "loso_val_22",
  "val_subject_id": "22",
  "train_subject_ids": [
    "02",
    "03",
    "08",
    "09",
    "12",
    "13",
    "14",
    "15",
    "16",
    "17",
    "18",
    "19",
    "20",
    "21",
    "25",
    "27",
    "28",
    "29"
  ],
  "best_epoch": 20,
  "best_val_loss": 0.04332032613456249,
  "best_val_metrics": {
    "mae": 0.23074232494785796,
    "rmse": 0.28652187226352704,
    "rms": 0.28652187226352704,
    "r2": 0.840489437324507,
    "bias": -0.15776073450823697,
    "mape_pct": 627.7910377867684,
    "n_samples": 18450
  },
  "n_epochs_ran": 50,
  "stop_reason": "early_stopping",
  "model_type": "tcn",
  "loss": "huber",
  "learning_rate": 0.001,
  "dropout": 0.1
}