{
  "fold_name": "loso_val_15",
  "val_subject_id": "15",
  "train_subject_ids": [
    "02",
    "03",
    "08",
    "09",
    "12",
    "13",
    "14",
    "16",
    "17",
    "18",
    "19",
    "20",
    "21",
    "22",
    "25",
    "27",
    "28",
    "29"
  ],
  "best_epoch": 42,
  "best_val_loss": 0.4737675338983536,
  "best_val_metrics": {
    "mae": 0.8210109721905173,
    "rmse": 1.0812474208975384,
    "rms": 1.0812474208975384,
    "r2": 0.2432121935633187,
    "bias": -0.5799259163835276,
    "mape_pct": 115.33838599713837,
    "n_samples": 14640
  },
  "n_epochs_ran": 72,
  "stop_reason": "early_stopping",
  "model_type": "cnn1d",
  "loss": "huber",
  "learning_rate": 0.001,
  "dropout": 0.1
}