{
  "fold_name": "loso_val_14",
  "val_subject_id": "14",
  "train_subject_ids": [
    "02",
    "03",
    "08",
    "09",
    "12",
    "13",
    "15",
    "16",
    "17",
    "18",
    "19",
    "20",
    "21",
    "22",
    "25",
    "27",
    "28",
    "29"
  ],
  "best_epoch": 9,
  "best_val_loss": 0.6487737794717153,
  "best_val_metrics": {
    "mae": 1.0059419873629418,
    "rmse": 1.131545372071214,
    "rms": 1.131545372071214,
    "r2": -0.08805585988043596,
    "bias": 0.9731344486834083,
    "mape_pct": 228.23669524991647,
    "n_samples": 20550
  },
  "n_epochs_ran": 39,
  "stop_reason": "early_stopping",
  "model_type": "tcn",
  "loss": "huber",
  "learning_rate": 0.001,
  "dropout": 0.1
}