{
  "fold_name": "loso_val_14",
  "val_subject_id": "14",
  "train_subject_ids": [
    "02",
    "03",
    "08",
    "09",
    "12",
    "13",
    "15",
    "16",
    "17",
    "18",
    "19",
    "20",
    "21",
    "22",
    "25",
    "27",
    "28",
    "29"
  ],
  "best_epoch": 34,
  "best_val_loss": 0.764801949262619,
  "best_val_metrics": {
    "mae": 1.121480901918417,
    "rmse": 1.2544977993471995,
    "rms": 1.2544977993471995,
    "r2": -0.30609337191591446,
    "bias": 1.088499920354685,
    "mape_pct": 283.3952861166745,
    "n_samples": 12240
  },
  "n_epochs_ran": 64,
  "stop_reason": "early_stopping",
  "model_type": "cnn1d",
  "loss": "huber",
  "learning_rate": 0.001,
  "dropout": 0.2
}