{
  "fold_name": "loso_val_29",
  "val_subject_id": "29",
  "train_subject_ids": [
    "02",
    "03",
    "08",
    "09",
    "12",
    "13",
    "14",
    "15",
    "16",
    "17",
    "18",
    "19",
    "20",
    "21",
    "22",
    "25",
    "27",
    "28"
  ],
  "best_epoch": 13,
  "best_val_loss": 0.058830526346961655,
  "best_val_metrics": {
    "mae": 0.27350285542944225,
    "rmse": 0.355894883531664,
    "rms": 0.355894883531664,
    "r2": 0.800951859034768,
    "bias": 0.050050658316791265,
    "mape_pct": 99.57726973903338,
    "n_samples": 3960
  },
  "n_epochs_ran": 43,
  "stop_reason": "early_stopping",
  "model_type": "tcn",
  "loss": "huber",
  "learning_rate": 0.0005,
  "dropout": 0.1
}