{
  "fold_name": "loso_val_29",
  "val_subject_id": "29",
  "train_subject_ids": [
    "02",
    "03",
    "08",
    "09",
    "12",
    "13",
    "14",
    "15",
    "16",
    "17",
    "18",
    "19",
    "20",
    "21",
    "22",
    "25",
    "27",
    "28"
  ],
  "best_epoch": 16,
  "best_val_loss": 0.034368472173810005,
  "best_val_metrics": {
    "mae": 0.18272430708571508,
    "rmse": 0.25431032601603487,
    "rms": 0.25431032601603487,
    "r2": 0.9071293314393724,
    "bias": 0.021653396937806435,
    "mape_pct": 73.57086386010067,
    "n_samples": 18900
  },
  "n_epochs_ran": 46,
  "stop_reason": "early_stopping",
  "model_type": "tcn",
  "loss": "huber",
  "learning_rate": 0.001,
  "dropout": 0.1
}