{
  "fold_name": "loso_val_22",
  "val_subject_id": "22",
  "train_subject_ids": [
    "02",
    "03",
    "08",
    "09",
    "12",
    "13",
    "14",
    "15",
    "16",
    "17",
    "18",
    "19",
    "20",
    "21",
    "25",
    "27",
    "28",
    "29"
  ],
  "best_epoch": 8,
  "best_val_loss": 0.04650285840034485,
  "best_val_metrics": {
    "mae": 0.22935509645555885,
    "rmse": 0.29716022717152074,
    "rms": 0.29716022717152074,
    "r2": 0.8293631041030372,
    "bias": -0.09157630053124606,
    "mape_pct": 518.0992940213574,
    "n_samples": 18450
  },
  "n_epochs_ran": 38,
  "stop_reason": "early_stopping",
  "model_type": "tcn",
  "loss": "huber",
  "learning_rate": 0.001,
  "dropout": 0.1
}