{
  "fold_name": "loso_val_25",
  "val_subject_id": "25",
  "train_subject_ids": [
    "02",
    "03",
    "08",
    "09",
    "12",
    "13",
    "14",
    "15",
    "16",
    "17",
    "18",
    "19",
    "20",
    "21",
    "22",
    "27",
    "28",
    "29"
  ],
  "best_epoch": 2,
  "best_val_loss": 0.11155177094042301,
  "best_val_metrics": {
    "mae": 0.37165250482735535,
    "rmse": 0.46545753186668815,
    "rms": 0.46545753186668815,
    "r2": 0.572798021083015,
    "bias": -0.15286200238881012,
    "mape_pct": 130.11484480289397,
    "n_samples": 18750
  },
  "n_epochs_ran": 32,
  "stop_reason": "early_stopping",
  "model_type": "tcn",
  "loss": "huber",
  "learning_rate": 0.001,
  "dropout": 0.1
}