{
  "fold_name": "loso_val_03",
  "val_subject_id": "03",
  "train_subject_ids": [
    "02",
    "08",
    "09",
    "12",
    "13",
    "14",
    "15",
    "16",
    "17",
    "18",
    "19",
    "20",
    "21",
    "22",
    "25",
    "27",
    "28",
    "29"
  ],
  "best_epoch": 25,
  "best_val_loss": 0.07775694876909256,
  "best_val_metrics": {
    "mae": 0.289110187924717,
    "rmse": 0.38202384442692705,
    "rms": 0.38202384442692705,
    "r2": 0.8780099497698101,
    "bias": -0.13414077477199013,
    "mape_pct": 55.52306171080814,
    "n_samples": 18450
  },
  "n_epochs_ran": 55,
  "stop_reason": "early_stopping",
  "model_type": "tcn",
  "loss": "huber",
  "learning_rate": 0.001,
  "dropout": 0.1
}