{
  "fold_name": "loso_val_17",
  "val_subject_id": "17",
  "train_subject_ids": [
    "02",
    "03",
    "08",
    "09",
    "12",
    "13",
    "14",
    "15",
    "16",
    "18",
    "19",
    "20",
    "21",
    "22",
    "25",
    "27",
    "28",
    "29"
  ],
  "best_epoch": 16,
  "best_val_loss": 0.051175026688724756,
  "best_val_metrics": {
    "mae": 0.22222571649461645,
    "rmse": 0.30885666762773445,
    "rms": 0.30885666762773445,
    "r2": 0.8568421473854962,
    "bias": -0.08807844309237294,
    "mape_pct": 88.50127598083702,
    "n_samples": 18150
  },
  "n_epochs_ran": 46,
  "stop_reason": "early_stopping",
  "model_type": "tcn",
  "loss": "huber",
  "learning_rate": 0.001,
  "dropout": 0.1
}