{
  "fold_name": "loso_val_22",
  "val_subject_id": "22",
  "train_subject_ids": [
    "02",
    "03",
    "08",
    "09",
    "12",
    "13",
    "14",
    "15",
    "16",
    "17",
    "18",
    "19",
    "20",
    "21",
    "25",
    "27",
    "28",
    "29"
  ],
  "best_epoch": 9,
  "best_val_loss": 0.08533672941848636,
  "best_val_metrics": {
    "mae": 0.2224818287211507,
    "rmse": 0.2815247087278608,
    "rms": 0.2815247087278608,
    "r2": 0.8446207187471311,
    "bias": -0.16109372974956818,
    "mape_pct": 654.1339661083615,
    "n_samples": 18450
  },
  "n_epochs_ran": 39,
  "stop_reason": "early_stopping",
  "model_type": "tcn",
  "loss": "mse",
  "learning_rate": 0.001,
  "dropout": 0.1
}