{
  "fold_name": "loso_val_02",
  "val_subject_id": "02",
  "train_subject_ids": [
    "03",
    "08",
    "09",
    "12",
    "13",
    "14",
    "15",
    "16",
    "17",
    "18",
    "19",
    "20",
    "21",
    "22",
    "25",
    "27",
    "28",
    "29"
  ],
  "best_epoch": 25,
  "best_val_loss": 0.08829981833696365,
  "best_val_metrics": {
    "mae": 0.3404689754426525,
    "rmse": 0.4123389209147745,
    "rms": 0.4123389209147745,
    "r2": 0.7331926650794116,
    "bias": 0.3024924006886593,
    "mape_pct": 219.36618388158328,
    "n_samples": 14400
  },
  "n_epochs_ran": 55,
  "stop_reason": "early_stopping",
  "model_type": "cnn1d",
  "loss": "huber",
  "learning_rate": 0.0005,
  "dropout": 0.2
}