{
  "fold_name": "loso_val_08",
  "val_subject_id": "08",
  "train_subject_ids": [
    "02",
    "03",
    "09",
    "12",
    "13",
    "14",
    "15",
    "16",
    "17",
    "18",
    "19",
    "20",
    "21",
    "22",
    "25",
    "27",
    "28",
    "29"
  ],
  "best_epoch": 29,
  "best_val_loss": 0.14316929131746292,
  "best_val_metrics": {
    "mae": 0.3043401848699015,
    "rmse": 0.36760958278307576,
    "rms": 0.36760958278307576,
    "r2": 0.8430864794314297,
    "bias": -0.21677838347185166,
    "mape_pct": 114.87841021736449,
    "n_samples": 18150
  },
  "n_epochs_ran": 59,
  "stop_reason": "early_stopping",
  "model_type": "tcn",
  "loss": "mse",
  "learning_rate": 0.001,
  "dropout": 0.1
}