{
  "fold_name": "loso_val_12",
  "val_subject_id": "12",
  "train_subject_ids": [
    "02",
    "03",
    "08",
    "09",
    "13",
    "14",
    "15",
    "16",
    "17",
    "18",
    "19",
    "20",
    "21",
    "22",
    "25",
    "27",
    "28",
    "29"
  ],
  "best_epoch": 2,
  "best_val_loss": 0.1560543030500412,
  "best_val_metrics": {
    "mae": 0.4502060560238201,
    "rmse": 0.5629054556013788,
    "rms": 0.5629054556013788,
    "r2": 0.2940794817699466,
    "bias": -0.11219984084169232,
    "mape_pct": 574.6110948831015,
    "n_samples": 10620
  },
  "n_epochs_ran": 32,
  "stop_reason": "early_stopping",
  "model_type": "tcn",
  "loss": "huber",
  "learning_rate": 0.0005,
  "dropout": 0.1
}