{
  "fold_name": "loso_val_03",
  "val_subject_id": "03",
  "train_subject_ids": [
    "02",
    "08",
    "09",
    "12",
    "13",
    "14",
    "15",
    "16",
    "17",
    "18",
    "19",
    "20",
    "21",
    "22",
    "25",
    "27",
    "28",
    "29"
  ],
  "best_epoch": 28,
  "best_val_loss": 0.06202603317797184,
  "best_val_metrics": {
    "mae": 0.27156882198030835,
    "rmse": 0.3519903972151013,
    "rms": 0.3519903972151013,
    "r2": 0.9013730119978173,
    "bias": -0.05996929935231815,
    "mape_pct": 66.28943941077786,
    "n_samples": 10980
  },
  "n_epochs_ran": 58,
  "stop_reason": "early_stopping",
  "model_type": "cnn1d",
  "loss": "huber",
  "learning_rate": 0.0005,
  "dropout": 0.1
}