{
  "fold_name": "loso_val_09",
  "val_subject_id": "09",
  "train_subject_ids": [
    "02",
    "03",
    "08",
    "12",
    "13",
    "14",
    "15",
    "16",
    "17",
    "18",
    "19",
    "20",
    "21",
    "22",
    "25",
    "27",
    "28",
    "29"
  ],
  "best_epoch": 1,
  "best_val_loss": 0.1841057762503624,
  "best_val_metrics": {
    "mae": 0.4943057085549839,
    "rmse": 0.6024206330035382,
    "rms": 0.6024206330035382,
    "r2": 0.47898777143571225,
    "bias": 0.33677344964484246,
    "mape_pct": 208.01990841279957,
    "n_samples": 10980
  },
  "n_epochs_ran": 31,
  "stop_reason": "early_stopping",
  "model_type": "tcn",
  "loss": "huber",
  "learning_rate": 0.0005,
  "dropout": 0.1
}