{
  "fold_name": "loso_val_17",
  "val_subject_id": "17",
  "train_subject_ids": [
    "02",
    "03",
    "08",
    "09",
    "12",
    "13",
    "14",
    "15",
    "16",
    "18",
    "19",
    "20",
    "21",
    "22",
    "25",
    "27",
    "28",
    "29"
  ],
  "best_epoch": 17,
  "best_val_loss": 0.06031734589487314,
  "best_val_metrics": {
    "mae": 0.24771862939255085,
    "rmse": 0.338913027848549,
    "rms": 0.338913027848549,
    "r2": 0.8288001911401962,
    "bias": -0.13186650064420763,
    "mape_pct": 78.8895053383881,
    "n_samples": 18150
  },
  "n_epochs_ran": 47,
  "stop_reason": "early_stopping",
  "model_type": "tcn",
  "loss": "huber",
  "learning_rate": 0.001,
  "dropout": 0.1
}