{
  "fold_name": "loso_val_02",
  "val_subject_id": "02",
  "train_subject_ids": [
    "03",
    "08",
    "09",
    "12",
    "13",
    "14",
    "15",
    "16",
    "17",
    "18",
    "19",
    "20",
    "21",
    "22",
    "25",
    "27",
    "28",
    "29"
  ],
  "best_epoch": 24,
  "best_val_loss": 0.16728941351175308,
  "best_val_metrics": {
    "mae": 0.3225417659147618,
    "rmse": 0.3993624008777061,
    "rms": 0.3993624008777061,
    "r2": 0.7494883949153579,
    "bias": 0.23385627999195271,
    "mape_pct": 149.9531670042964,
    "n_samples": 18900
  },
  "n_epochs_ran": 54,
  "stop_reason": "early_stopping",
  "model_type": "tcn",
  "loss": "mse",
  "learning_rate": 0.001,
  "dropout": 0.2
}