{
  "fold_name": "loso_val_12",
  "val_subject_id": "12",
  "train_subject_ids": [
    "02",
    "03",
    "08",
    "09",
    "13",
    "14",
    "15",
    "16",
    "17",
    "18",
    "19",
    "20",
    "21",
    "22",
    "25",
    "27",
    "28",
    "29"
  ],
  "best_epoch": 1,
  "best_val_loss": 0.1399616003036499,
  "best_val_metrics": {
    "mae": 0.4269159525778647,
    "rmse": 0.5263925903785398,
    "rms": 0.5263925903785398,
    "r2": 0.3703674729156726,
    "bias": 0.10750224902052583,
    "mape_pct": 517.2743869626873,
    "n_samples": 5400
  },
  "n_epochs_ran": 31,
  "stop_reason": "early_stopping",
  "model_type": "tcn",
  "loss": "huber",
  "learning_rate": 0.0005,
  "dropout": 0.1
}