{
  "fold_name": "loso_val_22",
  "val_subject_id": "22",
  "train_subject_ids": [
    "02",
    "03",
    "08",
    "09",
    "12",
    "13",
    "14",
    "15",
    "16",
    "17",
    "18",
    "19",
    "20",
    "21",
    "25",
    "27",
    "28",
    "29"
  ],
  "best_epoch": 24,
  "best_val_loss": 0.09144533053040504,
  "best_val_metrics": {
    "mae": 0.22649095229991678,
    "rmse": 0.29227207176458087,
    "rms": 0.29227207176458087,
    "r2": 0.8343901678092024,
    "bias": -0.15263550620072167,
    "mape_pct": 745.5711958741824,
    "n_samples": 18450
  },
  "n_epochs_ran": 54,
  "stop_reason": "early_stopping",
  "model_type": "tcn",
  "loss": "mse",
  "learning_rate": 0.001,
  "dropout": 0.1
}