{
  "fold_name": "loso_val_14",
  "val_subject_id": "14",
  "train_subject_ids": [
    "02",
    "03",
    "08",
    "09",
    "12",
    "13",
    "15",
    "16",
    "17",
    "18",
    "19",
    "20",
    "21",
    "22",
    "25",
    "27",
    "28",
    "29"
  ],
  "best_epoch": 16,
  "best_val_loss": 0.6526025036970774,
  "best_val_metrics": {
    "mae": 0.9862047694054868,
    "rmse": 1.115528783527259,
    "rms": 1.115528783527259,
    "r2": -0.1333634909634207,
    "bias": 0.9391544559491363,
    "mape_pct": 204.61217584438094,
    "n_samples": 4320
  },
  "n_epochs_ran": 46,
  "stop_reason": "early_stopping",
  "model_type": "tcn",
  "loss": "huber",
  "learning_rate": 0.0005,
  "dropout": 0.2
}