{
  "fold_name": "loso_val_25",
  "val_subject_id": "25",
  "train_subject_ids": [
    "02",
    "03",
    "08",
    "09",
    "12",
    "13",
    "14",
    "15",
    "16",
    "17",
    "18",
    "19",
    "20",
    "21",
    "22",
    "27",
    "28",
    "29"
  ],
  "best_epoch": 1,
  "best_val_loss": 0.09688963368535042,
  "best_val_metrics": {
    "mae": 0.3708014538411051,
    "rmse": 0.43564394014600955,
    "rms": 0.43564394014600955,
    "r2": 0.6302733215141612,
    "bias": -0.05278186026868721,
    "mape_pct": 126.45812202106698,
    "n_samples": 18750
  },
  "n_epochs_ran": 31,
  "stop_reason": "early_stopping",
  "model_type": "tcn",
  "loss": "huber",
  "learning_rate": 0.001,
  "dropout": 0.1
}