{
  "fold_name": "loso_val_03",
  "val_subject_id": "03",
  "train_subject_ids": [
    "02",
    "08",
    "09",
    "12",
    "13",
    "14",
    "15",
    "16",
    "17",
    "18",
    "19",
    "20",
    "21",
    "22",
    "25",
    "27",
    "28",
    "29"
  ],
  "best_epoch": 56,
  "best_val_loss": 0.08049111440777779,
  "best_val_metrics": {
    "mae": 0.3048425848918326,
    "rmse": 0.3944824038706626,
    "rms": 0.3944824038706626,
    "r2": 0.8718082088976585,
    "bias": -0.0834547159613368,
    "mape_pct": 55.43867406787957,
    "n_samples": 10980
  },
  "n_epochs_ran": 86,
  "stop_reason": "early_stopping",
  "model_type": "tcn",
  "loss": "huber",
  "learning_rate": 0.0005,
  "dropout": 0.2
}