{
  "fold_name": "loso_val_12",
  "val_subject_id": "12",
  "train_subject_ids": [
    "02",
    "03",
    "08",
    "09",
    "13",
    "14",
    "15",
    "16",
    "17",
    "18",
    "19",
    "20",
    "21",
    "22",
    "25",
    "27",
    "28",
    "29"
  ],
  "best_epoch": 1,
  "best_val_loss": 0.199858158826828,
  "best_val_metrics": {
    "mae": 0.5095459763087662,
    "rmse": 0.6430778807894482,
    "rms": 0.6430778807894482,
    "r2": 0.07953158674570537,
    "bias": -0.19054202028397252,
    "mape_pct": 691.7591082381491,
    "n_samples": 18000
  },
  "n_epochs_ran": 31,
  "stop_reason": "early_stopping",
  "model_type": "tcn",
  "loss": "huber",
  "learning_rate": 0.001,
  "dropout": 0.1
}