{
  "fold_name": "loso_val_08",
  "val_subject_id": "08",
  "train_subject_ids": [
    "02",
    "03",
    "09",
    "12",
    "13",
    "14",
    "15",
    "16",
    "17",
    "18",
    "19",
    "20",
    "21",
    "22",
    "25",
    "27",
    "28",
    "29"
  ],
  "best_epoch": 23,
  "best_val_loss": 0.06933464854955673,
  "best_val_metrics": {
    "mae": 0.28628033215330406,
    "rmse": 0.36370371486800723,
    "rms": 0.36370371486800723,
    "r2": 0.8469415250591557,
    "bias": -0.08060470313939731,
    "mape_pct": 135.8687469594249,
    "n_samples": 3840
  },
  "n_epochs_ran": 53,
  "stop_reason": "early_stopping",
  "model_type": "tcn",
  "loss": "huber",
  "learning_rate": 0.0005,
  "dropout": 0.2
}