{
  "fold_name": "loso_val_16",
  "val_subject_id": "16",
  "train_subject_ids": [
    "02",
    "03",
    "08",
    "09",
    "12",
    "13",
    "14",
    "15",
    "17",
    "18",
    "19",
    "20",
    "21",
    "22",
    "25",
    "27",
    "28",
    "29"
  ],
  "best_epoch": 8,
  "best_val_loss": 0.2433413378894329,
  "best_val_metrics": {
    "mae": 0.3048839241987178,
    "rmse": 0.44696669270412,
    "rms": 0.44696669270412,
    "r2": 0.5559869239727953,
    "bias": 0.14200349858830258,
    "mape_pct": 114.40781432951637,
    "n_samples": 17850
  },
  "n_epochs_ran": 38,
  "stop_reason": "early_stopping",
  "model_type": "tcn",
  "loss": "mse",
  "learning_rate": 0.001,
  "dropout": 0.1
}