{
  "fold_name": "loso_val_12",
  "val_subject_id": "12",
  "train_subject_ids": [
    "02",
    "03",
    "08",
    "09",
    "13",
    "14",
    "15",
    "16",
    "17",
    "18",
    "19",
    "20",
    "21",
    "22",
    "25",
    "27",
    "28",
    "29"
  ],
  "best_epoch": 2,
  "best_val_loss": 0.1673215925693512,
  "best_val_metrics": {
    "mae": 0.4701778907108794,
    "rmse": 0.575627482316994,
    "rms": 0.575627482316994,
    "r2": 0.24861097080418604,
    "bias": 0.12634741602837854,
    "mape_pct": 481.5411419232502,
    "n_samples": 3780
  },
  "n_epochs_ran": 32,
  "stop_reason": "early_stopping",
  "model_type": "tcn",
  "loss": "huber",
  "learning_rate": 0.0005,
  "dropout": 0.2
}