{
  "fold_name": "loso_val_13",
  "val_subject_id": "13",
  "train_subject_ids": [
    "02",
    "03",
    "08",
    "09",
    "12",
    "14",
    "15",
    "16",
    "17",
    "18",
    "19",
    "20",
    "21",
    "22",
    "25",
    "27",
    "28",
    "29"
  ],
  "best_epoch": 54,
  "best_val_loss": 0.29206569492816925,
  "best_val_metrics": {
    "mae": 0.595586342438789,
    "rmse": 0.7768354914182836,
    "rms": 0.7768354914182836,
    "r2": 0.6171823535165,
    "bias": -0.5435034441353233,
    "mape_pct": 180.07108025878057,
    "n_samples": 14160
  },
  "n_epochs_ran": 84,
  "stop_reason": "early_stopping",
  "model_type": "cnn1d",
  "loss": "huber",
  "learning_rate": 0.0005,
  "dropout": 0.2
}