{
  "fold_name": "loso_val_15",
  "val_subject_id": "15",
  "train_subject_ids": [
    "02",
    "03",
    "08",
    "09",
    "12",
    "13",
    "14",
    "16",
    "17",
    "18",
    "19",
    "20",
    "21",
    "22",
    "25",
    "27",
    "28",
    "29"
  ],
  "best_epoch": 8,
  "best_val_loss": 0.5611993471781412,
  "best_val_metrics": {
    "mae": 0.9599991701684224,
    "rmse": 1.2418010706765439,
    "rms": 1.2418010706765439,
    "r2": -0.1094868327317906,
    "bias": -0.7843236465938389,
    "mape_pct": 106.18464199137263,
    "n_samples": 7800
  },
  "n_epochs_ran": 38,
  "stop_reason": "early_stopping",
  "model_type": "tcn",
  "loss": "huber",
  "learning_rate": 0.0005,
  "dropout": 0.1
}