{
  "fold_name": "loso_val_28",
  "val_subject_id": "28",
  "train_subject_ids": [
    "02",
    "03",
    "08",
    "09",
    "12",
    "13",
    "14",
    "15",
    "16",
    "17",
    "18",
    "19",
    "20",
    "21",
    "22",
    "25",
    "27",
    "29"
  ],
  "best_epoch": 25,
  "best_val_loss": 0.10156987234950066,
  "best_val_metrics": {
    "mae": 0.3235797638199983,
    "rmse": 0.41535928800432914,
    "rms": 0.41535928800432914,
    "r2": 0.7672989525804298,
    "bias": -0.016283578904858587,
    "mape_pct": 83.20113246061123,
    "n_samples": 3840
  },
  "n_epochs_ran": 55,
  "stop_reason": "early_stopping",
  "model_type": "tcn",
  "loss": "huber",
  "learning_rate": 0.0005,
  "dropout": 0.1
}