{
  "fold_name": "loso_val_02",
  "val_subject_id": "02",
  "train_subject_ids": [
    "03",
    "08",
    "09",
    "12",
    "13",
    "14",
    "15",
    "16",
    "17",
    "18",
    "19",
    "20",
    "21",
    "22",
    "25",
    "27",
    "28",
    "29"
  ],
  "best_epoch": 26,
  "best_val_loss": 0.08579527586698532,
  "best_val_metrics": {
    "mae": 0.32381151920456736,
    "rmse": 0.39917021569226147,
    "rms": 0.39917021569226147,
    "r2": 0.7338872938741838,
    "bias": 0.26730170233061773,
    "mape_pct": 182.6450052596308,
    "n_samples": 7680
  },
  "n_epochs_ran": 56,
  "stop_reason": "early_stopping",
  "model_type": "cnn1d",
  "loss": "huber",
  "learning_rate": 0.0005,
  "dropout": 0.1
}