{
  "fold_name": "loso_val_02",
  "val_subject_id": "02",
  "train_subject_ids": [
    "03",
    "08",
    "09",
    "12",
    "13",
    "14",
    "15",
    "16",
    "17",
    "18",
    "19",
    "20",
    "21",
    "22",
    "25",
    "27",
    "28",
    "29"
  ],
  "best_epoch": 32,
  "best_val_loss": 0.1295160730369389,
  "best_val_metrics": {
    "mae": 0.2803605795058634,
    "rmse": 0.3460095650057162,
    "rms": 0.3460095650057162,
    "r2": 0.8063756381133764,
    "bias": 0.23359594590147026,
    "mape_pct": 135.451494514387,
    "n_samples": 18900
  },
  "n_epochs_ran": 62,
  "stop_reason": "early_stopping",
  "model_type": "tcn",
  "loss": "mse",
  "learning_rate": 0.001,
  "dropout": 0.1
}