{
  "fold_name": "loso_val_03",
  "val_subject_id": "03",
  "train_subject_ids": [
    "02",
    "08",
    "09",
    "12",
    "13",
    "14",
    "15",
    "16",
    "17",
    "18",
    "19",
    "20",
    "21",
    "22",
    "25",
    "27",
    "28",
    "29"
  ],
  "best_epoch": 60,
  "best_val_loss": 0.07913378874460857,
  "best_val_metrics": {
    "mae": 0.2873656783386086,
    "rmse": 0.37413155415498434,
    "rms": 0.37413155415498434,
    "r2": 0.8843076441554911,
    "bias": -0.0758728970042191,
    "mape_pct": 76.77327960543533,
    "n_samples": 3900
  },
  "n_epochs_ran": 90,
  "stop_reason": "early_stopping",
  "model_type": "cnn1d",
  "loss": "huber",
  "learning_rate": 0.0005,
  "dropout": 0.1
}