{
  "fold_name": "loso_val_02",
  "val_subject_id": "02",
  "train_subject_ids": [
    "03",
    "08",
    "09",
    "12",
    "13",
    "14",
    "15",
    "16",
    "17",
    "18",
    "19",
    "20",
    "21",
    "22",
    "25",
    "27",
    "28",
    "29"
  ],
  "best_epoch": 1,
  "best_val_loss": 0.10212676972150803,
  "best_val_metrics": {
    "mae": 0.3654413960587111,
    "rmse": 0.44594548766728836,
    "rms": 0.44594548766728836,
    "r2": 0.6923386394779787,
    "bias": 0.09079146193507116,
    "mape_pct": 168.46068618742893,
    "n_samples": 5580
  },
  "n_epochs_ran": 31,
  "stop_reason": "early_stopping",
  "model_type": "cnn1d",
  "loss": "huber",
  "learning_rate": 0.0005,
  "dropout": 0.1
}