{
  "fold_name": "loso_val_03",
  "val_subject_id": "03",
  "train_subject_ids": [
    "02",
    "08",
    "09",
    "12",
    "13",
    "14",
    "15",
    "16",
    "17",
    "18",
    "19",
    "20",
    "21",
    "22",
    "25",
    "27",
    "28",
    "29"
  ],
  "best_epoch": 19,
  "best_val_loss": 0.08951432257890701,
  "best_val_metrics": {
    "mae": 0.3356394952660594,
    "rmse": 0.41813023891313755,
    "rms": 0.41813023891313755,
    "r2": 0.8584521618788317,
    "bias": -0.06952124024771061,
    "mape_pct": 71.94435058310346,
    "n_samples": 3840
  },
  "n_epochs_ran": 49,
  "stop_reason": "early_stopping",
  "model_type": "cnn1d",
  "loss": "huber",
  "learning_rate": 0.0005,
  "dropout": 0.2
}