{
  "fold_name": "loso_val_14",
  "val_subject_id": "14",
  "train_subject_ids": [
    "02",
    "03",
    "08",
    "09",
    "12",
    "13",
    "15",
    "16",
    "17",
    "18",
    "19",
    "20",
    "21",
    "22",
    "25",
    "27",
    "28",
    "29"
  ],
  "best_epoch": 17,
  "best_val_loss": 0.6318537096182505,
  "best_val_metrics": {
    "mae": 0.9694587807489079,
    "rmse": 1.0876161904991979,
    "rms": 1.0876161904991979,
    "r2": -0.023094288035085953,
    "bias": 0.9319778861705816,
    "mape_pct": 240.23407881412885,
    "n_samples": 20550
  },
  "n_epochs_ran": 47,
  "stop_reason": "early_stopping",
  "model_type": "tcn",
  "loss": "huber",
  "learning_rate": 0.001,
  "dropout": 0.1
}