{
  "fold_name": "loso_val_09",
  "val_subject_id": "09",
  "train_subject_ids": [
    "02",
    "03",
    "08",
    "12",
    "13",
    "14",
    "15",
    "16",
    "17",
    "18",
    "19",
    "20",
    "21",
    "22",
    "25",
    "27",
    "28",
    "29"
  ],
  "best_epoch": 5,
  "best_val_loss": 0.14600174874067307,
  "best_val_metrics": {
    "mae": 0.45408957504968944,
    "rmse": 0.5308346740841033,
    "rms": 0.5308346740841033,
    "r2": 0.5898711955048166,
    "bias": 0.4121593874741502,
    "mape_pct": 211.24557799806882,
    "n_samples": 18450
  },
  "n_epochs_ran": 35,
  "stop_reason": "early_stopping",
  "model_type": "tcn",
  "loss": "huber",
  "learning_rate": 0.001,
  "dropout": 0.1
}