{
  "fold_name": "loso_val_28",
  "val_subject_id": "28",
  "train_subject_ids": [
    "02",
    "03",
    "08",
    "09",
    "12",
    "13",
    "14",
    "15",
    "16",
    "17",
    "18",
    "19",
    "20",
    "21",
    "22",
    "25",
    "27",
    "29"
  ],
  "best_epoch": 19,
  "best_val_loss": 0.04777884972281754,
  "best_val_metrics": {
    "mae": 0.2281626298269398,
    "rmse": 0.2980478008765291,
    "rms": 0.2980478008765291,
    "r2": 0.8966080527161752,
    "bias": 0.061323280197808125,
    "mape_pct": 68.1892498955684,
    "n_samples": 18150
  },
  "n_epochs_ran": 49,
  "stop_reason": "early_stopping",
  "model_type": "tcn",
  "loss": "huber",
  "learning_rate": 0.001,
  "dropout": 0.1
}