{
  "fold_name": "loso_val_02",
  "val_subject_id": "02",
  "train_subject_ids": [
    "03",
    "08",
    "09",
    "12",
    "13",
    "14",
    "15",
    "16",
    "17",
    "18",
    "19",
    "20",
    "21",
    "22",
    "25",
    "27",
    "28",
    "29"
  ],
  "best_epoch": 33,
  "best_val_loss": 0.0907486230134964,
  "best_val_metrics": {
    "mae": 0.28939270506227255,
    "rmse": 0.3764771414475426,
    "rms": 0.3764771414475426,
    "r2": 0.7639896112664722,
    "bias": 0.14272521248000858,
    "mape_pct": 128.93156069544472,
    "n_samples": 3960
  },
  "n_epochs_ran": 63,
  "stop_reason": "early_stopping",
  "model_type": "tcn",
  "loss": "huber",
  "learning_rate": 0.001,
  "dropout": 0.1
}