{
  "fold_name": "loso_val_18",
  "val_subject_id": "18",
  "train_subject_ids": [
    "02",
    "03",
    "08",
    "09",
    "12",
    "13",
    "14",
    "15",
    "16",
    "17",
    "19",
    "20",
    "21",
    "22",
    "25",
    "27",
    "28",
    "29"
  ],
  "best_epoch": 11,
  "best_val_loss": 0.3116217851638794,
  "best_val_metrics": {
    "mae": 0.44613342369398606,
    "rmse": 0.5376583005153216,
    "rms": 0.5376583005153216,
    "r2": 0.46981145614826547,
    "bias": 0.41908285623475316,
    "mape_pct": 234.28329214781618,
    "n_samples": 18150
  },
  "n_epochs_ran": 41,
  "stop_reason": "early_stopping",
  "model_type": "tcn",
  "loss": "mse",
  "learning_rate": 0.001,
  "dropout": 0.1
}