{
  "fold_name": "loso_val_18",
  "val_subject_id": "18",
  "train_subject_ids": [
    "02",
    "03",
    "08",
    "09",
    "12",
    "13",
    "14",
    "15",
    "16",
    "17",
    "19",
    "20",
    "21",
    "22",
    "25",
    "27",
    "28",
    "29"
  ],
  "best_epoch": 39,
  "best_val_loss": 0.12446990609169006,
  "best_val_metrics": {
    "mae": 0.40909375799057834,
    "rmse": 0.4872065283440912,
    "rms": 0.4872065283440912,
    "r2": 0.5600314371471087,
    "bias": 0.38236320046623323,
    "mape_pct": 201.35025569834664,
    "n_samples": 18150
  },
  "n_epochs_ran": 69,
  "stop_reason": "early_stopping",
  "model_type": "tcn",
  "loss": "huber",
  "learning_rate": 0.001,
  "dropout": 0.1
}