{
  "fold_name": "loso_val_12",
  "val_subject_id": "12",
  "train_subject_ids": [
    "02",
    "03",
    "08",
    "09",
    "13",
    "14",
    "15",
    "16",
    "17",
    "18",
    "19",
    "20",
    "21",
    "22",
    "25",
    "27",
    "28",
    "29"
  ],
  "best_epoch": 1,
  "best_val_loss": 0.16470065712928772,
  "best_val_metrics": {
    "mae": 0.46555729871168877,
    "rmse": 0.5708841781096932,
    "rms": 0.5708841781096932,
    "r2": 0.26651329448615346,
    "bias": 0.0776028309572301,
    "mape_pct": 542.5738758276659,
    "n_samples": 7320
  },
  "n_epochs_ran": 31,
  "stop_reason": "early_stopping",
  "model_type": "tcn",
  "loss": "huber",
  "learning_rate": 0.0005,
  "dropout": 0.2
}