{
  "fold_name": "loso_val_18",
  "val_subject_id": "18",
  "train_subject_ids": [
    "02",
    "03",
    "08",
    "09",
    "12",
    "13",
    "14",
    "15",
    "16",
    "17",
    "19",
    "20",
    "21",
    "22",
    "25",
    "27",
    "28",
    "29"
  ],
  "best_epoch": 20,
  "best_val_loss": 0.09720852039754391,
  "best_val_metrics": {
    "mae": 0.34849039392579173,
    "rmse": 0.43198001065908304,
    "rms": 0.43198001065908304,
    "r2": 0.646556096895304,
    "bias": 0.3134914379036593,
    "mape_pct": 148.35281780373126,
    "n_samples": 18150
  },
  "n_epochs_ran": 50,
  "stop_reason": "early_stopping",
  "model_type": "tcn",
  "loss": "huber",
  "learning_rate": 0.001,
  "dropout": 0.1
}