{
  "fold_name": "loso_val_12",
  "val_subject_id": "12",
  "train_subject_ids": [
    "02",
    "03",
    "08",
    "09",
    "13",
    "14",
    "15",
    "16",
    "17",
    "18",
    "19",
    "20",
    "21",
    "22",
    "25",
    "27",
    "28",
    "29"
  ],
  "best_epoch": 41,
  "best_val_loss": 0.04606394097208977,
  "best_val_metrics": {
    "mae": 0.2376027553768662,
    "rmse": 0.2986997078772293,
    "rms": 0.2986997078772293,
    "r2": 0.7950970902739412,
    "bias": -0.054059881814058915,
    "mape_pct": 177.68065273830348,
    "n_samples": 7320
  },
  "n_epochs_ran": 71,
  "stop_reason": "early_stopping",
  "model_type": "cnn1d",
  "loss": "huber",
  "learning_rate": 0.001,
  "dropout": 0.2
}