{
  "fold_name": "loso_val_12",
  "val_subject_id": "12",
  "train_subject_ids": [
    "02",
    "03",
    "08",
    "09",
    "13",
    "14",
    "15",
    "16",
    "17",
    "18",
    "19",
    "20",
    "21",
    "22",
    "25",
    "27",
    "28",
    "29"
  ],
  "best_epoch": 59,
  "best_val_loss": 0.2432331144809723,
  "best_val_metrics": {
    "mae": 0.3803122454287659,
    "rmse": 0.4880254216721557,
    "rms": 0.4880254216721557,
    "r2": 0.46418573102834393,
    "bias": -0.036015767602996976,
    "mape_pct": 418.1650727395472,
    "n_samples": 18000
  },
  "n_epochs_ran": 89,
  "stop_reason": "early_stopping",
  "model_type": "tcn",
  "loss": "mse",
  "learning_rate": 0.001,
  "dropout": 0.1
}