{
  "fold_name": "loso_val_08",
  "val_subject_id": "08",
  "train_subject_ids": [
    "02",
    "03",
    "09",
    "12",
    "13",
    "14",
    "15",
    "16",
    "17",
    "18",
    "19",
    "20",
    "21",
    "22",
    "25",
    "27",
    "28",
    "29"
  ],
  "best_epoch": 66,
  "best_val_loss": 0.12157484143972397,
  "best_val_metrics": {
    "mae": 0.2757016299578256,
    "rmse": 0.34283326505414236,
    "rms": 0.34283326505414236,
    "r2": 0.8661947988579304,
    "bias": -0.15660889297087494,
    "mape_pct": 119.11167630421629,
    "n_samples": 18150
  },
  "n_epochs_ran": 96,
  "stop_reason": "early_stopping",
  "model_type": "tcn",
  "loss": "mse",
  "learning_rate": 0.001,
  "dropout": 0.1
}