{
  "fold_name": "loso_val_29",
  "val_subject_id": "29",
  "train_subject_ids": [
    "02",
    "03",
    "08",
    "09",
    "12",
    "13",
    "14",
    "15",
    "16",
    "17",
    "18",
    "19",
    "20",
    "21",
    "22",
    "25",
    "27",
    "28"
  ],
  "best_epoch": 11,
  "best_val_loss": 0.05563302803784609,
  "best_val_metrics": {
    "mae": 0.32378105462024304,
    "rmse": 0.39390885438337797,
    "rms": 0.39390885438337797,
    "r2": 0.7549802579848084,
    "bias": 0.1632087342468716,
    "mape_pct": 113.73507425642866,
    "n_samples": 1980
  },
  "n_epochs_ran": 41,
  "stop_reason": "early_stopping",
  "model_type": "tcn",
  "loss": "huber",
  "learning_rate": 0.001,
  "dropout": 0.2
}