{
  "fold_name": "loso_val_14",
  "val_subject_id": "14",
  "train_subject_ids": [
    "02",
    "03",
    "08",
    "09",
    "12",
    "13",
    "15",
    "16",
    "17",
    "18",
    "19",
    "20",
    "21",
    "22",
    "25",
    "27",
    "28",
    "29"
  ],
  "best_epoch": 3,
  "best_val_loss": 1.2315462364090815,
  "best_val_metrics": {
    "mae": 0.949834816438631,
    "rmse": 1.0513785014763593,
    "rms": 1.0513785014763593,
    "r2": 0.03638047263772526,
    "bias": 0.9101912490143769,
    "mape_pct": 242.15627465477678,
    "n_samples": 20550
  },
  "n_epochs_ran": 33,
  "stop_reason": "early_stopping",
  "model_type": "tcn",
  "loss": "mse",
  "learning_rate": 0.001,
  "dropout": 0.1
}