{
  "fold_name": "loso_val_02",
  "val_subject_id": "02",
  "train_subject_ids": [
    "03",
    "08",
    "09",
    "12",
    "13",
    "14",
    "15",
    "16",
    "17",
    "18",
    "19",
    "20",
    "21",
    "22",
    "25",
    "27",
    "28",
    "29"
  ],
  "best_epoch": 8,
  "best_val_loss": 0.08351393416523933,
  "best_val_metrics": {
    "mae": 0.30634723603142117,
    "rmse": 0.3993461012848672,
    "rms": 0.3993461012848672,
    "r2": 0.734473275753941,
    "bias": 0.14946115378786257,
    "mape_pct": 127.19080415036376,
    "n_samples": 18900
  },
  "n_epochs_ran": 38,
  "stop_reason": "early_stopping",
  "model_type": "tcn",
  "loss": "huber",
  "learning_rate": 0.001,
  "dropout": 0.1
}