{
  "fold_name": "loso_val_22",
  "val_subject_id": "22",
  "train_subject_ids": [
    "02",
    "03",
    "08",
    "09",
    "12",
    "13",
    "14",
    "15",
    "16",
    "17",
    "18",
    "19",
    "20",
    "21",
    "25",
    "27",
    "28",
    "29"
  ],
  "best_epoch": 11,
  "best_val_loss": 0.04244095995090902,
  "best_val_metrics": {
    "mae": 0.21971796224459514,
    "rmse": 0.2853961935252985,
    "rms": 0.2853961935252985,
    "r2": 0.8428084469126083,
    "bias": -0.15180260981365343,
    "mape_pct": 723.7298157196524,
    "n_samples": 18450
  },
  "n_epochs_ran": 41,
  "stop_reason": "early_stopping",
  "model_type": "tcn",
  "loss": "huber",
  "learning_rate": 0.001,
  "dropout": 0.1
}