{
  "fold_name": "loso_val_09",
  "val_subject_id": "09",
  "train_subject_ids": [
    "02",
    "03",
    "08",
    "12",
    "13",
    "14",
    "15",
    "16",
    "17",
    "18",
    "19",
    "20",
    "21",
    "22",
    "25",
    "27",
    "28",
    "29"
  ],
  "best_epoch": 1,
  "best_val_loss": 0.15864016115665436,
  "best_val_metrics": {
    "mae": 0.4411103259224547,
    "rmse": 0.5644833632203738,
    "rms": 0.5644833632203738,
    "r2": 0.5258557292649093,
    "bias": -0.06944551735426406,
    "mape_pct": 156.81700459061986,
    "n_samples": 3840
  },
  "n_epochs_ran": 31,
  "stop_reason": "early_stopping",
  "model_type": "cnn1d",
  "loss": "huber",
  "learning_rate": 0.0005,
  "dropout": 0.1
}