{
  "fold_name": "loso_val_12",
  "val_subject_id": "12",
  "train_subject_ids": [
    "02",
    "03",
    "08",
    "09",
    "13",
    "14",
    "15",
    "16",
    "17",
    "18",
    "19",
    "20",
    "21",
    "22",
    "25",
    "27",
    "28",
    "29"
  ],
  "best_epoch": 2,
  "best_val_loss": 0.16342438757419586,
  "best_val_metrics": {
    "mae": 0.458945549461263,
    "rmse": 0.584411211788971,
    "rms": 0.584411211788971,
    "r2": 0.23058144268794822,
    "bias": -0.02356414590343613,
    "mape_pct": 544.2706559143271,
    "n_samples": 18000
  },
  "n_epochs_ran": 32,
  "stop_reason": "early_stopping",
  "model_type": "tcn",
  "loss": "huber",
  "learning_rate": 0.001,
  "dropout": 0.1
}