{
  "fold_name": "loso_val_09",
  "val_subject_id": "09",
  "train_subject_ids": [
    "02",
    "03",
    "08",
    "12",
    "13",
    "14",
    "15",
    "16",
    "17",
    "18",
    "19",
    "20",
    "21",
    "22",
    "25",
    "27",
    "28",
    "29"
  ],
  "best_epoch": 25,
  "best_val_loss": 0.25448207557201385,
  "best_val_metrics": {
    "mae": 0.5535275722383999,
    "rmse": 0.6259433429237156,
    "rms": 0.6259433429237156,
    "r2": 0.4111807666159901,
    "bias": 0.5131357875760668,
    "mape_pct": 246.3714642431422,
    "n_samples": 3900
  },
  "n_epochs_ran": 55,
  "stop_reason": "early_stopping",
  "model_type": "tcn",
  "loss": "huber",
  "learning_rate": 0.0005,
  "dropout": 0.2
}