{
  "fold_name": "loso_val_27",
  "val_subject_id": "27",
  "train_subject_ids": [
    "02",
    "03",
    "08",
    "09",
    "12",
    "13",
    "14",
    "15",
    "16",
    "17",
    "18",
    "19",
    "20",
    "21",
    "22",
    "25",
    "28",
    "29"
  ],
  "best_epoch": 24,
  "best_val_loss": 0.1300318588813146,
  "best_val_metrics": {
    "mae": 0.41408763875475885,
    "rmse": 0.5358465761044432,
    "rms": 0.5358465761044432,
    "r2": 0.6655928888106073,
    "bias": -0.2291775654983044,
    "mape_pct": 241.34074781114424,
    "n_samples": 3900
  },
  "n_epochs_ran": 54,
  "stop_reason": "early_stopping",
  "model_type": "tcn",
  "loss": "huber",
  "learning_rate": 0.0005,
  "dropout": 0.1
}