{
  "fold_name": "loso_val_12",
  "val_subject_id": "12",
  "train_subject_ids": [
    "02",
    "03",
    "08",
    "09",
    "13",
    "14",
    "15",
    "16",
    "17",
    "18",
    "19",
    "20",
    "21",
    "22",
    "25",
    "27",
    "28",
    "29"
  ],
  "best_epoch": 1,
  "best_val_loss": 0.14641413185745478,
  "best_val_metrics": {
    "mae": 0.43754383738413644,
    "rmse": 0.5394210946111972,
    "rms": 0.5394210946111972,
    "r2": 0.345757327178958,
    "bias": -0.0626294860651736,
    "mape_pct": 546.392832243575,
    "n_samples": 18000
  },
  "n_epochs_ran": 31,
  "stop_reason": "early_stopping",
  "model_type": "tcn",
  "loss": "huber",
  "learning_rate": 0.001,
  "dropout": 0.1
}