val_subject_id,n_train_windows,n_val_windows,best_epoch,best_val_loss,mae,rmse,rms,r2,bias,mape_pct
02,2227,126,27,0.08093512617051601,0.31741699150583585,0.392974119121037,0.392974119121037,0.7544125798773065,0.23591727838613138,143.31053801228714
03,2230,123,29,0.07253079488873482,0.2837665019879183,0.37303873088717293,0.37303873088717293,0.8843015606841205,-0.0741225097279713,52.61427989665427
08,2232,121,126,0.06366206705570221,0.2809393481769119,0.3499105706270906,0.3499105706270906,0.8588072996970744,-0.17423316080030823,118.86569342454476
09,2230,123,1,0.18704182654619217,0.5031667801604649,0.6081470340479208,0.6081470340479208,0.4692400697658716,0.3850154593164041,221.88912041786813
12,2233,120,1,0.199858158826828,0.5095459763087662,0.6430778807894482,0.6430778807894482,0.07953158674570537,-0.19054202028397252,691.7591082381491
13,2229,124,4,0.24050861597061157,0.5568108428041175,0.6960249520855857,0.6960249520855857,0.6837674565567273,-0.4369755406990542,260.9174667571771
14,2216,137,17,0.6318537096182505,0.9694587807489079,1.0876161904991979,1.0876161904991979,-0.023094288035085953,0.9319778861705816,240.23407881412885
15,2226,127,8,0.6053085625171661,0.9365780705530344,1.2946380467607295,1.2946380467607295,-0.116166396337545,-0.7283107534400004,111.87102507858239
