{
  "fold_name": "loso_val_15",
  "val_subject_id": "15",
  "train_subject_ids": [
    "02",
    "03",
    "08",
    "09",
    "12",
    "13",
    "14",
    "16",
    "17",
    "18",
    "19",
    "20",
    "21",
    "22",
    "25",
    "27",
    "28",
    "29"
  ],
  "best_epoch": 7,
  "best_val_loss": 1.731993854045868,
  "best_val_metrics": {
    "mae": 0.9507667068734257,
    "rmse": 1.2824016266024034,
    "rms": 1.2824016266024034,
    "r2": -0.10005998379798253,
    "bias": -0.7130780231982978,
    "mape_pct": 99.62961212618995,
    "n_samples": 19050
  },
  "n_epochs_ran": 37,
  "stop_reason": "early_stopping",
  "model_type": "tcn",
  "loss": "mse",
  "learning_rate": 0.001,
  "dropout": 0.1
}