{
  "fold_name": "loso_val_14",
  "val_subject_id": "14",
  "train_subject_ids": [
    "02",
    "03",
    "08",
    "09",
    "12",
    "13",
    "15",
    "16",
    "17",
    "18",
    "19",
    "20",
    "21",
    "22",
    "25",
    "27",
    "28",
    "29"
  ],
  "best_epoch": 39,
  "best_val_loss": 0.8772815465927124,
  "best_val_metrics": {
    "mae": 1.1916857078975969,
    "rmse": 1.3061027796408504,
    "rms": 1.3061027796408504,
    "r2": -0.5079570502428135,
    "bias": 1.160317216976923,
    "mape_pct": 324.22817289885364,
    "n_samples": 2160
  },
  "n_epochs_ran": 69,
  "stop_reason": "early_stopping",
  "model_type": "cnn1d",
  "loss": "huber",
  "learning_rate": 0.001,
  "dropout": 0.1
}