{
  "fold_name": "loso_val_18",
  "val_subject_id": "18",
  "train_subject_ids": [
    "02",
    "03",
    "08",
    "09",
    "12",
    "13",
    "14",
    "15",
    "16",
    "17",
    "19",
    "20",
    "21",
    "22",
    "25",
    "27",
    "28",
    "29"
  ],
  "best_epoch": 40,
  "best_val_loss": 0.13063088059425354,
  "best_val_metrics": {
    "mae": 0.41463922326678804,
    "rmse": 0.499792713710639,
    "rms": 0.499792713710639,
    "r2": 0.531565007357023,
    "bias": 0.38521544271574637,
    "mape_pct": 298.6538425537849,
    "n_samples": 18150
  },
  "n_epochs_ran": 70,
  "stop_reason": "early_stopping",
  "model_type": "tcn",
  "loss": "huber",
  "learning_rate": 0.001,
  "dropout": 0.1
}