{
  "fold_name": "loso_val_29",
  "val_subject_id": "29",
  "train_subject_ids": [
    "02",
    "03",
    "08",
    "09",
    "12",
    "13",
    "14",
    "15",
    "16",
    "17",
    "18",
    "19",
    "20",
    "21",
    "22",
    "25",
    "27",
    "28"
  ],
  "best_epoch": 23,
  "best_val_loss": 0.04185615945607424,
  "best_val_metrics": {
    "mae": 0.20164001566391168,
    "rmse": 0.2803701505521146,
    "rms": 0.2803701505521146,
    "r2": 0.8864948674909527,
    "bias": 0.011066036365184656,
    "mape_pct": 80.58312685816166,
    "n_samples": 18900
  },
  "n_epochs_ran": 53,
  "stop_reason": "early_stopping",
  "model_type": "tcn",
  "loss": "huber",
  "learning_rate": 0.001,
  "dropout": 0.1
}