{
  "fold_name": "loso_val_27",
  "val_subject_id": "27",
  "train_subject_ids": [
    "02",
    "03",
    "08",
    "09",
    "12",
    "13",
    "14",
    "15",
    "16",
    "17",
    "18",
    "19",
    "20",
    "21",
    "22",
    "25",
    "28",
    "29"
  ],
  "best_epoch": 22,
  "best_val_loss": 0.12545078247785568,
  "best_val_metrics": {
    "mae": 0.3780185722121349,
    "rmse": 0.498632418432036,
    "rms": 0.498632418432036,
    "r2": 0.7349381236569084,
    "bias": -0.2744471077581709,
    "mape_pct": 233.55717905542633,
    "n_samples": 18600
  },
  "n_epochs_ran": 52,
  "stop_reason": "early_stopping",
  "model_type": "tcn",
  "loss": "huber",
  "learning_rate": 0.001,
  "dropout": 0.1
}