{
  "fold_name": "loso_val_02",
  "val_subject_id": "02",
  "train_subject_ids": [
    "03",
    "08",
    "09",
    "12",
    "13",
    "14",
    "15",
    "16",
    "17",
    "18",
    "19",
    "20",
    "21",
    "22",
    "25",
    "27",
    "28",
    "29"
  ],
  "best_epoch": 25,
  "best_val_loss": 0.07619964145123959,
  "best_val_metrics": {
    "mae": 0.3148967800797184,
    "rmse": 0.3803450405812743,
    "rms": 0.3803450405812743,
    "r2": 0.7690429430642066,
    "bias": 0.27418412956269334,
    "mape_pct": 144.07289283363264,
    "n_samples": 18900
  },
  "n_epochs_ran": 55,
  "stop_reason": "early_stopping",
  "model_type": "tcn",
  "loss": "huber",
  "learning_rate": 0.001,
  "dropout": 0.1
}