{
  "fold_name": "loso_val_12",
  "val_subject_id": "12",
  "train_subject_ids": [
    "02",
    "03",
    "08",
    "09",
    "13",
    "14",
    "15",
    "16",
    "17",
    "18",
    "19",
    "20",
    "21",
    "22",
    "25",
    "27",
    "28",
    "29"
  ],
  "best_epoch": 1,
  "best_val_loss": 0.21573202311992645,
  "best_val_metrics": {
    "mae": 0.5317246928294157,
    "rmse": 0.6746852365178391,
    "rms": 0.6746852365178391,
    "r2": -0.01495780223673604,
    "bias": -0.2641914896204673,
    "mape_pct": 773.0881881663449,
    "n_samples": 18000
  },
  "n_epochs_ran": 31,
  "stop_reason": "early_stopping",
  "model_type": "tcn",
  "loss": "huber",
  "learning_rate": 0.001,
  "dropout": 0.1
}