{
  "fold_name": "loso_val_27",
  "val_subject_id": "27",
  "train_subject_ids": [
    "02",
    "03",
    "08",
    "09",
    "12",
    "13",
    "14",
    "15",
    "16",
    "17",
    "18",
    "19",
    "20",
    "21",
    "22",
    "25",
    "28",
    "29"
  ],
  "best_epoch": 7,
  "best_val_loss": 0.2778384815901518,
  "best_val_metrics": {
    "mae": 0.38775050745829154,
    "rmse": 0.5120197728598287,
    "rms": 0.5120197728598287,
    "r2": 0.7163051003287496,
    "bias": -0.22449307889104583,
    "mape_pct": 220.3958578875457,
    "n_samples": 18600
  },
  "n_epochs_ran": 37,
  "stop_reason": "early_stopping",
  "model_type": "tcn",
  "loss": "mse",
  "learning_rate": 0.001,
  "dropout": 0.1
}