{
  "fold_name": "loso_val_14",
  "val_subject_id": "14",
  "train_subject_ids": [
    "02",
    "03",
    "08",
    "09",
    "12",
    "13",
    "15",
    "16",
    "17",
    "18",
    "19",
    "20",
    "21",
    "22",
    "25",
    "27",
    "28",
    "29"
  ],
  "best_epoch": 31,
  "best_val_loss": 0.5934979319572449,
  "best_val_metrics": {
    "mae": 0.9301087730892119,
    "rmse": 1.039164262369048,
    "rms": 1.039164262369048,
    "r2": 0.07333236794395759,
    "bias": 0.8905121059318452,
    "mape_pct": 235.2625799716432,
    "n_samples": 12240
  },
  "n_epochs_ran": 61,
  "stop_reason": "early_stopping",
  "model_type": "tcn",
  "loss": "huber",
  "learning_rate": 0.0005,
  "dropout": 0.2
}