{
  "fold_name": "loso_val_12",
  "val_subject_id": "12",
  "train_subject_ids": [
    "02",
    "03",
    "08",
    "09",
    "13",
    "14",
    "15",
    "16",
    "17",
    "18",
    "19",
    "20",
    "21",
    "22",
    "25",
    "27",
    "28",
    "29"
  ],
  "best_epoch": 34,
  "best_val_loss": 0.09799738973379135,
  "best_val_metrics": {
    "mae": 0.33881626871047954,
    "rmse": 0.4308640007867336,
    "rms": 0.4308640007867336,
    "r2": 0.5600090210784772,
    "bias": 0.04457844556316862,
    "mape_pct": 352.7808787360146,
    "n_samples": 1920
  },
  "n_epochs_ran": 64,
  "stop_reason": "early_stopping",
  "model_type": "cnn1d",
  "loss": "huber",
  "learning_rate": 0.0005,
  "dropout": 0.1
}