{
  "fold_name": "loso_val_13",
  "val_subject_id": "13",
  "train_subject_ids": [
    "02",
    "03",
    "08",
    "09",
    "12",
    "14",
    "15",
    "16",
    "17",
    "18",
    "19",
    "20",
    "21",
    "22",
    "25",
    "27",
    "28",
    "29"
  ],
  "best_epoch": 3,
  "best_val_loss": 0.33892375230789185,
  "best_val_metrics": {
    "mae": 0.6622386514915422,
    "rmse": 0.8735754875379552,
    "rms": 0.8735754875379552,
    "r2": 0.4815936823900717,
    "bias": -0.3343708548687964,
    "mape_pct": 363.54783804849006,
    "n_samples": 5580
  },
  "n_epochs_ran": 33,
  "stop_reason": "early_stopping",
  "model_type": "cnn1d",
  "loss": "huber",
  "learning_rate": 0.0005,
  "dropout": 0.2
}