{
  "fold_name": "loso_val_16",
  "val_subject_id": "16",
  "train_subject_ids": [
    "02",
    "03",
    "08",
    "09",
    "12",
    "13",
    "14",
    "15",
    "17",
    "18",
    "19",
    "20",
    "21",
    "22",
    "25",
    "27",
    "28",
    "29"
  ],
  "best_epoch": 1,
  "best_val_loss": 0.07217174023389816,
  "best_val_metrics": {
    "mae": 0.3014916720770232,
    "rmse": 0.37387848552847047,
    "rms": 0.37387848552847047,
    "r2": 0.7095206119876754,
    "bias": 0.0884039104547409,
    "mape_pct": 75.9238698223313,
    "n_samples": 17850
  },
  "n_epochs_ran": 31,
  "stop_reason": "early_stopping",
  "model_type": "tcn",
  "loss": "huber",
  "learning_rate": 0.001,
  "dropout": 0.1
}