{
  "fold_name": "loso_val_08",
  "val_subject_id": "08",
  "train_subject_ids": [
    "02",
    "03",
    "09",
    "12",
    "13",
    "14",
    "15",
    "16",
    "17",
    "18",
    "19",
    "20",
    "21",
    "22",
    "25",
    "27",
    "28",
    "29"
  ],
  "best_epoch": 42,
  "best_val_loss": 0.059419662691652775,
  "best_val_metrics": {
    "mae": 0.2719142981209682,
    "rmse": 0.3393115609271559,
    "rms": 0.3393115609271559,
    "r2": 0.8655977553553488,
    "bias": -0.16679406658861756,
    "mape_pct": 114.09996216621663,
    "n_samples": 18150
  },
  "n_epochs_ran": 72,
  "stop_reason": "early_stopping",
  "model_type": "tcn",
  "loss": "huber",
  "learning_rate": 0.001,
  "dropout": 0.1
}