{
  "fold_name": "loso_val_15",
  "val_subject_id": "15",
  "train_subject_ids": [
    "02",
    "03",
    "08",
    "09",
    "12",
    "13",
    "14",
    "16",
    "17",
    "18",
    "19",
    "20",
    "21",
    "22",
    "25",
    "27",
    "28",
    "29"
  ],
  "best_epoch": 12,
  "best_val_loss": 0.5190650423367819,
  "best_val_metrics": {
    "mae": 0.866881467362221,
    "rmse": 1.1610927553274237,
    "rms": 1.1610927553274237,
    "r2": 0.006984215414137407,
    "bias": -0.6614027432371409,
    "mape_pct": 112.00384591617487,
    "n_samples": 7800
  },
  "n_epochs_ran": 42,
  "stop_reason": "early_stopping",
  "model_type": "tcn",
  "loss": "huber",
  "learning_rate": 0.001,
  "dropout": 0.1
}