{
  "fold_name": "loso_val_09",
  "val_subject_id": "09",
  "train_subject_ids": [
    "02",
    "03",
    "08",
    "12",
    "13",
    "14",
    "15",
    "16",
    "17",
    "18",
    "19",
    "20",
    "21",
    "22",
    "25",
    "27",
    "28",
    "29"
  ],
  "best_epoch": 3,
  "best_val_loss": 0.2951993905007839,
  "best_val_metrics": {
    "mae": 0.4653684132951148,
    "rmse": 0.5315201380706789,
    "rms": 0.5315201380706789,
    "r2": 0.5930581196131486,
    "bias": 0.4364802004173928,
    "mape_pct": 199.32652321876694,
    "n_samples": 18450
  },
  "n_epochs_ran": 33,
  "stop_reason": "early_stopping",
  "model_type": "tcn",
  "loss": "mse",
  "learning_rate": 0.001,
  "dropout": 0.1
}