{
  "fold_name": "loso_val_08",
  "val_subject_id": "08",
  "train_subject_ids": [
    "02",
    "03",
    "09",
    "12",
    "13",
    "14",
    "15",
    "16",
    "17",
    "18",
    "19",
    "20",
    "21",
    "22",
    "25",
    "27",
    "28",
    "29"
  ],
  "best_epoch": 47,
  "best_val_loss": 0.08754660189151764,
  "best_val_metrics": {
    "mae": 0.34411714804505367,
    "rmse": 0.4103821046539046,
    "rms": 0.4103821046539046,
    "r2": 0.8077320872236495,
    "bias": -0.26241198369198376,
    "mape_pct": 133.0083357623078,
    "n_samples": 5400
  },
  "n_epochs_ran": 77,
  "stop_reason": "early_stopping",
  "model_type": "tcn",
  "loss": "huber",
  "learning_rate": 0.001,
  "dropout": 0.1
}