{
  "fold_name": "loso_val_09",
  "val_subject_id": "09",
  "train_subject_ids": [
    "02",
    "03",
    "08",
    "12",
    "13",
    "14",
    "15",
    "16",
    "17",
    "18",
    "19",
    "20",
    "21",
    "22",
    "25",
    "27",
    "28",
    "29"
  ],
  "best_epoch": 3,
  "best_val_loss": 0.1545681245625019,
  "best_val_metrics": {
    "mae": 0.45854803355131823,
    "rmse": 0.5484753411075479,
    "rms": 0.5484753411075479,
    "r2": 0.5683558352351672,
    "bias": 0.3960396132137269,
    "mape_pct": 233.07628983286207,
    "n_samples": 14160
  },
  "n_epochs_ran": 33,
  "stop_reason": "early_stopping",
  "model_type": "tcn",
  "loss": "huber",
  "learning_rate": 0.001,
  "dropout": 0.2
}