{
  "fold_name": "loso_val_02",
  "val_subject_id": "02",
  "train_subject_ids": [
    "03",
    "08",
    "09",
    "12",
    "13",
    "14",
    "15",
    "16",
    "17",
    "18",
    "19",
    "20",
    "21",
    "22",
    "25",
    "27",
    "28",
    "29"
  ],
  "best_epoch": 31,
  "best_val_loss": 0.1516956565901637,
  "best_val_metrics": {
    "mae": 0.3095904254039908,
    "rmse": 0.37903906672139054,
    "rms": 0.37903906672139054,
    "r2": 0.7725163893267285,
    "bias": 0.2275309297636893,
    "mape_pct": 134.4549018371367,
    "n_samples": 18900
  },
  "n_epochs_ran": 61,
  "stop_reason": "early_stopping",
  "model_type": "tcn",
  "loss": "mse",
  "learning_rate": 0.001,
  "dropout": 0.1
}