{
  "fold_name": "loso_val_02",
  "val_subject_id": "02",
  "train_subject_ids": [
    "03",
    "08",
    "09",
    "12",
    "13",
    "14",
    "15",
    "16",
    "17",
    "18",
    "19",
    "20",
    "21",
    "22",
    "25",
    "27",
    "28",
    "29"
  ],
  "best_epoch": 36,
  "best_val_loss": 0.08696550503373146,
  "best_val_metrics": {
    "mae": 0.3384014490582098,
    "rmse": 0.40516449541778,
    "rms": 0.40516449541778,
    "r2": 0.7372318874860526,
    "bias": 0.30066751508262113,
    "mape_pct": 153.84078167690146,
    "n_samples": 18900
  },
  "n_epochs_ran": 66,
  "stop_reason": "early_stopping",
  "model_type": "tcn",
  "loss": "huber",
  "learning_rate": 0.001,
  "dropout": 0.1
}