{
  "fold_name": "loso_val_20",
  "val_subject_id": "20",
  "train_subject_ids": [
    "02",
    "03",
    "08",
    "09",
    "12",
    "13",
    "14",
    "15",
    "16",
    "17",
    "18",
    "19",
    "21",
    "22",
    "25",
    "27",
    "28",
    "29"
  ],
  "best_epoch": 9,
  "best_val_loss": 0.05037241522222757,
  "best_val_metrics": {
    "mae": 0.21244346039892614,
    "rmse": 0.29421378573061924,
    "rms": 0.29421378573061924,
    "r2": 0.8667587766595974,
    "bias": 0.0023974956700685206,
    "mape_pct": 99.2336437166538,
    "n_samples": 18300
  },
  "n_epochs_ran": 39,
  "stop_reason": "early_stopping",
  "model_type": "tcn",
  "loss": "huber",
  "learning_rate": 0.001,
  "dropout": 0.1
}