{
  "fold_name": "loso_val_17",
  "val_subject_id": "17",
  "train_subject_ids": [
    "02",
    "03",
    "08",
    "09",
    "12",
    "13",
    "14",
    "15",
    "16",
    "18",
    "19",
    "20",
    "21",
    "22",
    "25",
    "27",
    "28",
    "29"
  ],
  "best_epoch": 10,
  "best_val_loss": 0.061019882559776306,
  "best_val_metrics": {
    "mae": 0.2503731599510243,
    "rmse": 0.34149592731640904,
    "rms": 0.34149592731640904,
    "r2": 0.8289729139659645,
    "bias": -0.0411550159860478,
    "mape_pct": 120.55117042839507,
    "n_samples": 18150
  },
  "n_epochs_ran": 40,
  "stop_reason": "early_stopping",
  "model_type": "tcn",
  "loss": "huber",
  "learning_rate": 0.001,
  "dropout": 0.1
}