{
  "fold_name": "loso_val_13",
  "val_subject_id": "13",
  "train_subject_ids": [
    "02",
    "03",
    "08",
    "09",
    "12",
    "14",
    "15",
    "16",
    "17",
    "18",
    "19",
    "20",
    "21",
    "22",
    "25",
    "27",
    "28",
    "29"
  ],
  "best_epoch": 10,
  "best_val_loss": 0.260853610932827,
  "best_val_metrics": {
    "mae": 0.5575623338009476,
    "rmse": 0.7279390119764118,
    "rms": 0.7279390119764118,
    "r2": 0.649389621320732,
    "bias": -0.45748481193440965,
    "mape_pct": 270.47823037995266,
    "n_samples": 18600
  },
  "n_epochs_ran": 40,
  "stop_reason": "early_stopping",
  "model_type": "tcn",
  "loss": "huber",
  "learning_rate": 0.001,
  "dropout": 0.1
}