{
  "fold_name": "loso_val_15",
  "val_subject_id": "15",
  "train_subject_ids": [
    "02",
    "03",
    "08",
    "09",
    "12",
    "13",
    "14",
    "16",
    "17",
    "18",
    "19",
    "20",
    "21",
    "22",
    "25",
    "27",
    "28",
    "29"
  ],
  "best_epoch": 21,
  "best_val_loss": 0.501396156847477,
  "best_val_metrics": {
    "mae": 0.8082043604986874,
    "rmse": 1.152147110152225,
    "rms": 1.152147110152225,
    "r2": 0.11196237125163755,
    "bias": -0.5825614721021979,
    "mape_pct": 110.32911799275315,
    "n_samples": 19050
  },
  "n_epochs_ran": 51,
  "stop_reason": "early_stopping",
  "model_type": "tcn",
  "loss": "huber",
  "learning_rate": 0.001,
  "dropout": 0.1
}