{
  "fold_name": "loso_val_14",
  "val_subject_id": "14",
  "train_subject_ids": [
    "02",
    "03",
    "08",
    "09",
    "12",
    "13",
    "15",
    "16",
    "17",
    "18",
    "19",
    "20",
    "21",
    "22",
    "25",
    "27",
    "28",
    "29"
  ],
  "best_epoch": 9,
  "best_val_loss": 0.8693118095397949,
  "best_val_metrics": {
    "mae": 1.1339531290681386,
    "rmse": 1.3003692579789992,
    "rms": 1.3003692579789992,
    "r2": -0.4533478920495746,
    "bias": 1.073418273849557,
    "mape_pct": 247.0986186855003,
    "n_samples": 4200
  },
  "n_epochs_ran": 39,
  "stop_reason": "early_stopping",
  "model_type": "cnn1d",
  "loss": "huber",
  "learning_rate": 0.0005,
  "dropout": 0.1
}