{
  "fold_name": "loso_val_13",
  "val_subject_id": "13",
  "train_subject_ids": [
    "02",
    "03",
    "08",
    "09",
    "12",
    "14",
    "15",
    "16",
    "17",
    "18",
    "19",
    "20",
    "21",
    "22",
    "25",
    "27",
    "28",
    "29"
  ],
  "best_epoch": 26,
  "best_val_loss": 0.2122337445616722,
  "best_val_metrics": {
    "mae": 0.49963245847984944,
    "rmse": 0.6508240028358354,
    "rms": 0.6508240028358354,
    "r2": 0.7332623652343018,
    "bias": -0.4332758794623522,
    "mape_pct": 176.2449030094841,
    "n_samples": 14160
  },
  "n_epochs_ran": 56,
  "stop_reason": "early_stopping",
  "model_type": "cnn1d",
  "loss": "huber",
  "learning_rate": 0.001,
  "dropout": 0.2
}