{
  "fold_name": "loso_val_28",
  "val_subject_id": "28",
  "train_subject_ids": [
    "02",
    "03",
    "08",
    "09",
    "12",
    "13",
    "14",
    "15",
    "16",
    "17",
    "18",
    "19",
    "20",
    "21",
    "22",
    "25",
    "27",
    "29"
  ],
  "best_epoch": 17,
  "best_val_loss": 0.053698944859206676,
  "best_val_metrics": {
    "mae": 0.23998494274598692,
    "rmse": 0.314761761928659,
    "rms": 0.314761761928659,
    "r2": 0.8799731287212598,
    "bias": 0.021740639799668327,
    "mape_pct": 67.6365226716851,
    "n_samples": 18150
  },
  "n_epochs_ran": 47,
  "stop_reason": "early_stopping",
  "model_type": "tcn",
  "loss": "huber",
  "learning_rate": 0.001,
  "dropout": 0.1
}