{
  "fold_name": "loso_val_09",
  "val_subject_id": "09",
  "train_subject_ids": [
    "02",
    "03",
    "08",
    "12",
    "13",
    "14",
    "15",
    "16",
    "17",
    "18",
    "19",
    "20",
    "21",
    "22",
    "25",
    "27",
    "28",
    "29"
  ],
  "best_epoch": 2,
  "best_val_loss": 0.14418841898441315,
  "best_val_metrics": {
    "mae": 0.43490587420637894,
    "rmse": 0.5343197347996966,
    "rms": 0.5343197347996966,
    "r2": 0.5861610401451425,
    "bias": 0.29300352004102026,
    "mape_pct": 193.06586497659072,
    "n_samples": 3840
  },
  "n_epochs_ran": 32,
  "stop_reason": "early_stopping",
  "model_type": "cnn1d",
  "loss": "huber",
  "learning_rate": 0.001,
  "dropout": 0.1
}