{
  "fold_name": "loso_val_29",
  "val_subject_id": "29",
  "train_subject_ids": [
    "02",
    "03",
    "08",
    "09",
    "12",
    "13",
    "14",
    "15",
    "16",
    "17",
    "18",
    "19",
    "20",
    "21",
    "22",
    "25",
    "27",
    "28"
  ],
  "best_epoch": 7,
  "best_val_loss": 0.09684995887801051,
  "best_val_metrics": {
    "mae": 0.21739185335714542,
    "rmse": 0.29660938776045404,
    "rms": 0.29660938776045404,
    "r2": 0.8716573404602849,
    "bias": 0.046948067121018,
    "mape_pct": 89.23577006797153,
    "n_samples": 18900
  },
  "n_epochs_ran": 37,
  "stop_reason": "early_stopping",
  "model_type": "tcn",
  "loss": "mse",
  "learning_rate": 0.001,
  "dropout": 0.1
}