{
  "fold_name": "loso_val_15",
  "val_subject_id": "15",
  "train_subject_ids": [
    "02",
    "03",
    "08",
    "09",
    "12",
    "13",
    "14",
    "16",
    "17",
    "18",
    "19",
    "20",
    "21",
    "22",
    "25",
    "27",
    "28",
    "29"
  ],
  "best_epoch": 31,
  "best_val_loss": 0.5992029011249542,
  "best_val_metrics": {
    "mae": 0.9190654880141356,
    "rmse": 1.2824856144115708,
    "rms": 1.2824856144115708,
    "r2": -0.0995242495030133,
    "bias": -0.740659842362378,
    "mape_pct": 119.24808837038547,
    "n_samples": 19050
  },
  "n_epochs_ran": 61,
  "stop_reason": "early_stopping",
  "model_type": "tcn",
  "loss": "huber",
  "learning_rate": 0.001,
  "dropout": 0.1
}