{
  "fold_name": "loso_val_12",
  "val_subject_id": "12",
  "train_subject_ids": [
    "02",
    "03",
    "08",
    "09",
    "13",
    "14",
    "15",
    "16",
    "17",
    "18",
    "19",
    "20",
    "21",
    "22",
    "25",
    "27",
    "28",
    "29"
  ],
  "best_epoch": 33,
  "best_val_loss": 0.08235431462526321,
  "best_val_metrics": {
    "mae": 0.3071725938634863,
    "rmse": 0.39896023919655066,
    "rms": 0.39896023919655066,
    "r2": 0.6289998963471873,
    "bias": -0.02374201905216083,
    "mape_pct": 273.64696060625175,
    "n_samples": 3780
  },
  "n_epochs_ran": 63,
  "stop_reason": "early_stopping",
  "model_type": "cnn1d",
  "loss": "huber",
  "learning_rate": 0.0005,
  "dropout": 0.2
}