{
  "fold_name": "loso_val_15",
  "val_subject_id": "15",
  "train_subject_ids": [
    "02",
    "03",
    "08",
    "09",
    "12",
    "13",
    "14",
    "16",
    "17",
    "18",
    "19",
    "20",
    "21",
    "22",
    "25",
    "27",
    "28",
    "29"
  ],
  "best_epoch": 2,
  "best_val_loss": 0.5643812119960785,
  "best_val_metrics": {
    "mae": 0.914243682821494,
    "rmse": 1.2141162614869325,
    "rms": 1.2141162614869325,
    "r2": 0.018998207351184293,
    "bias": -0.6591811145835231,
    "mape_pct": 104.97476135876862,
    "n_samples": 19050
  },
  "n_epochs_ran": 32,
  "stop_reason": "early_stopping",
  "model_type": "tcn",
  "loss": "huber",
  "learning_rate": 0.001,
  "dropout": 0.1
}