{
  "fold_name": "loso_val_14",
  "val_subject_id": "14",
  "train_subject_ids": [
    "02",
    "03",
    "08",
    "09",
    "12",
    "13",
    "15",
    "16",
    "17",
    "18",
    "19",
    "20",
    "21",
    "22",
    "25",
    "27",
    "28",
    "29"
  ],
  "best_epoch": 36,
  "best_val_loss": 0.832085520029068,
  "best_val_metrics": {
    "mae": 1.1352076582204262,
    "rmse": 1.2469671481364657,
    "rms": 1.2469671481364657,
    "r2": -0.32911120614627176,
    "bias": 1.1029036525457854,
    "mape_pct": 319.09344530869816,
    "n_samples": 4200
  },
  "n_epochs_ran": 66,
  "stop_reason": "early_stopping",
  "model_type": "cnn1d",
  "loss": "huber",
  "learning_rate": 0.001,
  "dropout": 0.2
}