{
  "fold_name": "loso_val_13",
  "val_subject_id": "13",
  "train_subject_ids": [
    "02",
    "03",
    "08",
    "09",
    "12",
    "14",
    "15",
    "16",
    "17",
    "18",
    "19",
    "20",
    "21",
    "22",
    "25",
    "27",
    "28",
    "29"
  ],
  "best_epoch": 2,
  "best_val_loss": 0.23719698935747147,
  "best_val_metrics": {
    "mae": 0.5568045558400057,
    "rmse": 0.6995732206262727,
    "rms": 0.6995732206262727,
    "r2": 0.6898950186825021,
    "bias": -0.3816925242388212,
    "mape_pct": 408.63886696556574,
    "n_samples": 10980
  },
  "n_epochs_ran": 32,
  "stop_reason": "early_stopping",
  "model_type": "tcn",
  "loss": "huber",
  "learning_rate": 0.001,
  "dropout": 0.2
}