{
  "fold_name": "loso_val_15",
  "val_subject_id": "15",
  "train_subject_ids": [
    "02",
    "03",
    "08",
    "09",
    "12",
    "13",
    "14",
    "16",
    "17",
    "18",
    "19",
    "20",
    "21",
    "22",
    "25",
    "27",
    "28",
    "29"
  ],
  "best_epoch": 22,
  "best_val_loss": 0.5993945002555847,
  "best_val_metrics": {
    "mae": 0.9295992100355968,
    "rmse": 1.3026254128192378,
    "rms": 1.3026254128192378,
    "r2": -0.1016625647461673,
    "bias": -0.7003669456228293,
    "mape_pct": 112.07344564155797,
    "n_samples": 7440
  },
  "n_epochs_ran": 52,
  "stop_reason": "early_stopping",
  "model_type": "tcn",
  "loss": "huber",
  "learning_rate": 0.001,
  "dropout": 0.2
}