{
  "fold_name": "loso_val_13",
  "val_subject_id": "13",
  "train_subject_ids": [
    "02",
    "03",
    "08",
    "09",
    "12",
    "14",
    "15",
    "16",
    "17",
    "18",
    "19",
    "20",
    "21",
    "22",
    "25",
    "27",
    "28",
    "29"
  ],
  "best_epoch": 2,
  "best_val_loss": 0.25132429599761963,
  "best_val_metrics": {
    "mae": 0.5768532589978854,
    "rmse": 0.7147859593594187,
    "rms": 0.7147859593594187,
    "r2": 0.6682202379068181,
    "bias": -0.48008818434535083,
    "mape_pct": 374.73464134766004,
    "n_samples": 18600
  },
  "n_epochs_ran": 32,
  "stop_reason": "early_stopping",
  "model_type": "tcn",
  "loss": "huber",
  "learning_rate": 0.001,
  "dropout": 0.1
}