{
  "fold_name": "loso_val_14",
  "val_subject_id": "14",
  "train_subject_ids": [
    "02",
    "03",
    "08",
    "09",
    "12",
    "13",
    "15",
    "16",
    "17",
    "18",
    "19",
    "20",
    "21",
    "22",
    "25",
    "27",
    "28",
    "29"
  ],
  "best_epoch": 81,
  "best_val_loss": 0.7497720718383789,
  "best_val_metrics": {
    "mae": 1.077969551520352,
    "rmse": 1.2036396861886522,
    "rms": 1.2036396861886522,
    "r2": -0.19892151328759833,
    "bias": 1.03778425840628,
    "mape_pct": 293.7101886913189,
    "n_samples": 15840
  },
  "n_epochs_ran": 111,
  "stop_reason": "early_stopping",
  "model_type": "cnn1d",
  "loss": "huber",
  "learning_rate": 0.0005,
  "dropout": 0.1
}