{
  "fold_name": "loso_val_03",
  "val_subject_id": "03",
  "train_subject_ids": [
    "02",
    "08",
    "09",
    "12",
    "13",
    "14",
    "15",
    "16",
    "17",
    "18",
    "19",
    "20",
    "21",
    "22",
    "25",
    "27",
    "28",
    "29"
  ],
  "best_epoch": 28,
  "best_val_loss": 0.16699980944395065,
  "best_val_metrics": {
    "mae": 0.3035761491970228,
    "rmse": 0.3963042406473116,
    "rms": 0.3963042406473116,
    "r2": 0.8709520177803076,
    "bias": -0.13416627612315765,
    "mape_pct": 53.969613749120235,
    "n_samples": 18450
  },
  "n_epochs_ran": 58,
  "stop_reason": "early_stopping",
  "model_type": "tcn",
  "loss": "mse",
  "learning_rate": 0.001,
  "dropout": 0.1
}