{
  "fold_name": "loso_val_13",
  "val_subject_id": "13",
  "train_subject_ids": [
    "02",
    "03",
    "08",
    "09",
    "12",
    "14",
    "15",
    "16",
    "17",
    "18",
    "19",
    "20",
    "21",
    "22",
    "25",
    "27",
    "28",
    "29"
  ],
  "best_epoch": 1,
  "best_val_loss": 0.22238635023434958,
  "best_val_metrics": {
    "mae": 0.6031441032050703,
    "rmse": 0.7611784651804779,
    "rms": 0.7611784651804779,
    "r2": 0.6264482137547451,
    "bias": -0.30311331068374553,
    "mape_pct": 418.6249282839056,
    "n_samples": 3900
  },
  "n_epochs_ran": 31,
  "stop_reason": "early_stopping",
  "model_type": "tcn",
  "loss": "huber",
  "learning_rate": 0.001,
  "dropout": 0.1
}