{
  "fold_name": "loso_val_03",
  "val_subject_id": "03",
  "train_subject_ids": [
    "02",
    "08",
    "09",
    "12",
    "13",
    "14",
    "15",
    "16",
    "17",
    "18",
    "19",
    "20",
    "21",
    "22",
    "25",
    "27",
    "28",
    "29"
  ],
  "best_epoch": 29,
  "best_val_loss": 0.07253079488873482,
  "best_val_metrics": {
    "mae": 0.2837665019879183,
    "rmse": 0.37303873088717293,
    "rms": 0.37303873088717293,
    "r2": 0.8843015606841205,
    "bias": -0.0741225097279713,
    "mape_pct": 52.61427989665427,
    "n_samples": 18450
  },
  "n_epochs_ran": 59,
  "stop_reason": "early_stopping",
  "model_type": "tcn",
  "loss": "huber",
  "learning_rate": 0.001,
  "dropout": 0.1
}