{
  "fold_name": "loso_val_14",
  "val_subject_id": "14",
  "train_subject_ids": [
    "02",
    "03",
    "08",
    "09",
    "12",
    "13",
    "15",
    "16",
    "17",
    "18",
    "19",
    "20",
    "21",
    "22",
    "25",
    "27",
    "28",
    "29"
  ],
  "best_epoch": 29,
  "best_val_loss": 1.5148393114407857,
  "best_val_metrics": {
    "mae": 1.00193740984962,
    "rmse": 1.1193214734992543,
    "rms": 1.1193214734992543,
    "r2": -0.0679737263392084,
    "bias": 0.9667332215567624,
    "mape_pct": 247.0417185046614,
    "n_samples": 20550
  },
  "n_epochs_ran": 59,
  "stop_reason": "early_stopping",
  "model_type": "tcn",
  "loss": "mse",
  "learning_rate": 0.001,
  "dropout": 0.1
}