{
  "fold_name": "loso_val_08",
  "val_subject_id": "08",
  "train_subject_ids": [
    "02",
    "03",
    "09",
    "12",
    "13",
    "14",
    "15",
    "16",
    "17",
    "18",
    "19",
    "20",
    "21",
    "22",
    "25",
    "27",
    "28",
    "29"
  ],
  "best_epoch": 56,
  "best_val_loss": 0.10708480328321457,
  "best_val_metrics": {
    "mae": 0.3699367172897231,
    "rmse": 0.4564535853363842,
    "rms": 0.4564535853363842,
    "r2": 0.7639602000962766,
    "bias": -0.1453633500893678,
    "mape_pct": 110.12138234834794,
    "n_samples": 1920
  },
  "n_epochs_ran": 86,
  "stop_reason": "early_stopping",
  "model_type": "cnn1d",
  "loss": "huber",
  "learning_rate": 0.0005,
  "dropout": 0.2
}