{
  "fold_name": "loso_val_14",
  "val_subject_id": "14",
  "train_subject_ids": [
    "02",
    "03",
    "08",
    "09",
    "12",
    "13",
    "15",
    "16",
    "17",
    "18",
    "19",
    "20",
    "21",
    "22",
    "25",
    "27",
    "28",
    "29"
  ],
  "best_epoch": 7,
  "best_val_loss": 0.7650746405124664,
  "best_val_metrics": {
    "mae": 1.0276834924322567,
    "rmse": 1.1625644958965577,
    "rms": 1.1625644958965577,
    "r2": -0.14290241210153143,
    "bias": 0.9640150770642019,
    "mape_pct": 253.5554583676576,
    "n_samples": 7920
  },
  "n_epochs_ran": 37,
  "stop_reason": "early_stopping",
  "model_type": "tcn",
  "loss": "huber",
  "learning_rate": 0.001,
  "dropout": 0.1
}