{
  "fold_name": "loso_val_15",
  "val_subject_id": "15",
  "train_subject_ids": [
    "02",
    "03",
    "08",
    "09",
    "12",
    "13",
    "14",
    "16",
    "17",
    "18",
    "19",
    "20",
    "21",
    "22",
    "25",
    "27",
    "28",
    "29"
  ],
  "best_epoch": 4,
  "best_val_loss": 1.5001657381653786,
  "best_val_metrics": {
    "mae": 0.85928094655598,
    "rmse": 1.1962400937796707,
    "rms": 1.1962400937796707,
    "r2": 0.04670987950245198,
    "bias": -0.720972835252213,
    "mape_pct": 100.75985003413442,
    "n_samples": 19050
  },
  "n_epochs_ran": 34,
  "stop_reason": "early_stopping",
  "model_type": "tcn",
  "loss": "mse",
  "learning_rate": 0.001,
  "dropout": 0.1
}