{
  "fold_name": "loso_val_03",
  "val_subject_id": "03",
  "train_subject_ids": [
    "02",
    "08",
    "09",
    "12",
    "13",
    "14",
    "15",
    "16",
    "17",
    "18",
    "19",
    "20",
    "21",
    "22",
    "25",
    "27",
    "28",
    "29"
  ],
  "best_epoch": 36,
  "best_val_loss": 0.07936017960309982,
  "best_val_metrics": {
    "mae": 0.3033917022009229,
    "rmse": 0.3922950305461203,
    "rms": 0.3922950305461203,
    "r2": 0.8724153992331766,
    "bias": -0.05319394346538975,
    "mape_pct": 57.76576599842702,
    "n_samples": 5580
  },
  "n_epochs_ran": 66,
  "stop_reason": "early_stopping",
  "model_type": "tcn",
  "loss": "huber",
  "learning_rate": 0.0005,
  "dropout": 0.1
}