{
  "fold_name": "loso_val_08",
  "val_subject_id": "08",
  "train_subject_ids": [
    "02",
    "03",
    "09",
    "12",
    "13",
    "14",
    "15",
    "16",
    "17",
    "18",
    "19",
    "20",
    "21",
    "22",
    "25",
    "27",
    "28",
    "29"
  ],
  "best_epoch": 56,
  "best_val_loss": 0.1009165570139885,
  "best_val_metrics": {
    "mae": 0.3496948055838099,
    "rmse": 0.440133993295115,
    "rms": 0.440133993295115,
    "r2": 0.7776915618693888,
    "bias": -0.14148709511743315,
    "mape_pct": 118.59746255800474,
    "n_samples": 1920
  },
  "n_epochs_ran": 86,
  "stop_reason": "early_stopping",
  "model_type": "cnn1d",
  "loss": "huber",
  "learning_rate": 0.0005,
  "dropout": 0.1
}