{
  "fold_name": "loso_val_13",
  "val_subject_id": "13",
  "train_subject_ids": [
    "02",
    "03",
    "08",
    "09",
    "12",
    "14",
    "15",
    "16",
    "17",
    "18",
    "19",
    "20",
    "21",
    "22",
    "25",
    "27",
    "28",
    "29"
  ],
  "best_epoch": 3,
  "best_val_loss": 0.2912715896964073,
  "best_val_metrics": {
    "mae": 0.6054580702315201,
    "rmse": 0.7802565726977733,
    "rms": 0.7802565726977733,
    "r2": 0.5850074785914878,
    "bias": -0.24062317534080072,
    "mape_pct": 282.9278553703552,
    "n_samples": 7560
  },
  "n_epochs_ran": 33,
  "stop_reason": "early_stopping",
  "model_type": "cnn1d",
  "loss": "huber",
  "learning_rate": 0.0005,
  "dropout": 0.2
}