{
  "fold_name": "loso_val_12",
  "val_subject_id": "12",
  "train_subject_ids": [
    "02",
    "03",
    "08",
    "09",
    "13",
    "14",
    "15",
    "16",
    "17",
    "18",
    "19",
    "20",
    "21",
    "22",
    "25",
    "27",
    "28",
    "29"
  ],
  "best_epoch": 41,
  "best_val_loss": 0.055193960666656494,
  "best_val_metrics": {
    "mae": 0.25670470015685043,
    "rmse": 0.32638406993782176,
    "rms": 0.32638406993782176,
    "r2": 0.7546574885309363,
    "bias": -0.05277543976232948,
    "mape_pct": 240.68376822343413,
    "n_samples": 3720
  },
  "n_epochs_ran": 71,
  "stop_reason": "early_stopping",
  "model_type": "cnn1d",
  "loss": "huber",
  "learning_rate": 0.001,
  "dropout": 0.1
}