{
  "fold_name": "loso_val_08",
  "val_subject_id": "08",
  "train_subject_ids": [
    "02",
    "03",
    "09",
    "12",
    "13",
    "14",
    "15",
    "16",
    "17",
    "18",
    "19",
    "20",
    "21",
    "22",
    "25",
    "27",
    "28",
    "29"
  ],
  "best_epoch": 3,
  "best_val_loss": 0.10041297972202301,
  "best_val_metrics": {
    "mae": 0.3501588375467152,
    "rmse": 0.4507432024141905,
    "rms": 0.4507432024141905,
    "r2": 0.7743869879492036,
    "bias": 0.0026903123433563722,
    "mape_pct": 140.02769232589506,
    "n_samples": 5400
  },
  "n_epochs_ran": 33,
  "stop_reason": "early_stopping",
  "model_type": "cnn1d",
  "loss": "huber",
  "learning_rate": 0.001,
  "dropout": 0.2
}