{
  "fold_name": "loso_val_17",
  "val_subject_id": "17",
  "train_subject_ids": [
    "02",
    "03",
    "08",
    "09",
    "12",
    "13",
    "14",
    "15",
    "16",
    "18",
    "19",
    "20",
    "21",
    "22",
    "25",
    "27",
    "28",
    "29"
  ],
  "best_epoch": 8,
  "best_val_loss": 0.07211884949356318,
  "best_val_metrics": {
    "mae": 0.28229186189030914,
    "rmse": 0.37332435469550396,
    "rms": 0.37332435469550396,
    "r2": 0.7951259223571302,
    "bias": -0.17002500048346916,
    "mape_pct": 116.8684537372072,
    "n_samples": 18150
  },
  "n_epochs_ran": 38,
  "stop_reason": "early_stopping",
  "model_type": "tcn",
  "loss": "huber",
  "learning_rate": 0.001,
  "dropout": 0.1
}