{
  "fold_name": "loso_val_14",
  "val_subject_id": "14",
  "train_subject_ids": [
    "02",
    "03",
    "08",
    "09",
    "12",
    "13",
    "15",
    "16",
    "17",
    "18",
    "19",
    "20",
    "21",
    "22",
    "25",
    "27",
    "28",
    "29"
  ],
  "best_epoch": 43,
  "best_val_loss": 0.8189919888973236,
  "best_val_metrics": {
    "mae": 1.101650237572228,
    "rmse": 1.2284415795279062,
    "rms": 1.2284415795279062,
    "r2": -0.27130322479626967,
    "bias": 1.0618936083921167,
    "mape_pct": 303.47478874035625,
    "n_samples": 6120
  },
  "n_epochs_ran": 73,
  "stop_reason": "early_stopping",
  "model_type": "cnn1d",
  "loss": "huber",
  "learning_rate": 0.001,
  "dropout": 0.1
}