{
  "fold_name": "loso_val_17",
  "val_subject_id": "17",
  "train_subject_ids": [
    "02",
    "03",
    "08",
    "09",
    "12",
    "13",
    "14",
    "15",
    "16",
    "18",
    "19",
    "20",
    "21",
    "22",
    "25",
    "27",
    "28",
    "29"
  ],
  "best_epoch": 18,
  "best_val_loss": 0.1491650938987732,
  "best_val_metrics": {
    "mae": 0.26710769963726533,
    "rmse": 0.36619084676603886,
    "rms": 0.36619084676603886,
    "r2": 0.8005500604044873,
    "bias": -0.11612651592498638,
    "mape_pct": 90.65560941582015,
    "n_samples": 18150
  },
  "n_epochs_ran": 48,
  "stop_reason": "early_stopping",
  "model_type": "tcn",
  "loss": "mse",
  "learning_rate": 0.001,
  "dropout": 0.1
}