{
  "fold_name": "loso_val_20",
  "val_subject_id": "20",
  "train_subject_ids": [
    "02",
    "03",
    "08",
    "09",
    "12",
    "13",
    "14",
    "15",
    "16",
    "17",
    "18",
    "19",
    "21",
    "22",
    "25",
    "27",
    "28",
    "29"
  ],
  "best_epoch": 13,
  "best_val_loss": 0.05571844708174467,
  "best_val_metrics": {
    "mae": 0.2227210090588651,
    "rmse": 0.31350264975798314,
    "rms": 0.31350264975798314,
    "r2": 0.8497719863207582,
    "bias": -0.0031386883873009007,
    "mape_pct": 114.52765259224765,
    "n_samples": 18300
  },
  "n_epochs_ran": 43,
  "stop_reason": "early_stopping",
  "model_type": "tcn",
  "loss": "huber",
  "learning_rate": 0.001,
  "dropout": 0.1
}