{
  "fold_name": "loso_val_14",
  "val_subject_id": "14",
  "train_subject_ids": [
    "02",
    "03",
    "08",
    "09",
    "12",
    "13",
    "15",
    "16",
    "17",
    "18",
    "19",
    "20",
    "21",
    "22",
    "25",
    "27",
    "28",
    "29"
  ],
  "best_epoch": 7,
  "best_val_loss": 0.5437557548284531,
  "best_val_metrics": {
    "mae": 0.9506712053180049,
    "rmse": 1.0514446113149027,
    "rms": 1.0514446113149027,
    "r2": 0.039043373758572475,
    "bias": 0.9100940988412571,
    "mape_pct": 248.6558357731473,
    "n_samples": 20550
  },
  "n_epochs_ran": 37,
  "stop_reason": "early_stopping",
  "model_type": "tcn",
  "loss": "huber",
  "learning_rate": 0.001,
  "dropout": 0.1
}