{
  "fold_name": "loso_val_03",
  "val_subject_id": "03",
  "train_subject_ids": [
    "02",
    "08",
    "09",
    "12",
    "13",
    "14",
    "15",
    "16",
    "17",
    "18",
    "19",
    "20",
    "21",
    "22",
    "25",
    "27",
    "28",
    "29"
  ],
  "best_epoch": 20,
  "best_val_loss": 0.08020311314612627,
  "best_val_metrics": {
    "mae": 0.3029526186673107,
    "rmse": 0.3899209681636153,
    "rms": 0.3899209681636153,
    "r2": 0.8738245650053079,
    "bias": -0.08180223614348447,
    "mape_pct": 60.72374833295533,
    "n_samples": 18450
  },
  "n_epochs_ran": 50,
  "stop_reason": "early_stopping",
  "model_type": "tcn",
  "loss": "huber",
  "learning_rate": 0.001,
  "dropout": 0.1
}