{
  "fold_name": "loso_val_13",
  "val_subject_id": "13",
  "train_subject_ids": [
    "02",
    "03",
    "08",
    "09",
    "12",
    "14",
    "15",
    "16",
    "17",
    "18",
    "19",
    "20",
    "21",
    "22",
    "25",
    "27",
    "28",
    "29"
  ],
  "best_epoch": 9,
  "best_val_loss": 0.27995603531599045,
  "best_val_metrics": {
    "mae": 0.5901440569298138,
    "rmse": 0.7557547501551701,
    "rms": 0.7557547501551701,
    "r2": 0.6279997913719493,
    "bias": -0.5094031383968785,
    "mape_pct": 306.06289283223555,
    "n_samples": 18600
  },
  "n_epochs_ran": 39,
  "stop_reason": "early_stopping",
  "model_type": "tcn",
  "loss": "huber",
  "learning_rate": 0.001,
  "dropout": 0.1
}