{
  "fold_name": "loso_val_16",
  "val_subject_id": "16",
  "train_subject_ids": [
    "02",
    "03",
    "08",
    "09",
    "12",
    "13",
    "14",
    "15",
    "17",
    "18",
    "19",
    "20",
    "21",
    "22",
    "25",
    "27",
    "28",
    "29"
  ],
  "best_epoch": 16,
  "best_val_loss": 0.07342167943716049,
  "best_val_metrics": {
    "mae": 0.2510174586793997,
    "rmse": 0.37389332410753995,
    "rms": 0.37389332410753995,
    "r2": 0.6965696824998473,
    "bias": 0.05543164380428222,
    "mape_pct": 102.72052974469597,
    "n_samples": 17850
  },
  "n_epochs_ran": 46,
  "stop_reason": "early_stopping",
  "model_type": "tcn",
  "loss": "huber",
  "learning_rate": 0.001,
  "dropout": 0.1
}