{
  "fold_name": "loso_val_15",
  "val_subject_id": "15",
  "train_subject_ids": [
    "02",
    "03",
    "08",
    "09",
    "12",
    "13",
    "14",
    "16",
    "17",
    "18",
    "19",
    "20",
    "21",
    "22",
    "25",
    "27",
    "28",
    "29"
  ],
  "best_epoch": 37,
  "best_val_loss": 0.5792431235313416,
  "best_val_metrics": {
    "mae": 0.9019536181201047,
    "rmse": 1.2776937556049162,
    "rms": 1.2776937556049162,
    "r2": -0.05716733394931417,
    "bias": -0.6609101526553989,
    "mape_pct": 109.0343203055276,
    "n_samples": 5760
  },
  "n_epochs_ran": 67,
  "stop_reason": "early_stopping",
  "model_type": "tcn",
  "loss": "huber",
  "learning_rate": 0.001,
  "dropout": 0.1
}