{
  "fold_name": "loso_val_16",
  "val_subject_id": "16",
  "train_subject_ids": [
    "02",
    "03",
    "08",
    "09",
    "12",
    "13",
    "14",
    "15",
    "17",
    "18",
    "19",
    "20",
    "21",
    "22",
    "25",
    "27",
    "28",
    "29"
  ],
  "best_epoch": 2,
  "best_val_loss": 0.09653561189770699,
  "best_val_metrics": {
    "mae": 0.3574416705465092,
    "rmse": 0.42836541513469656,
    "rms": 0.42836541513469656,
    "r2": 0.6141882894226185,
    "bias": 0.2207370540863183,
    "mape_pct": 85.17213150760784,
    "n_samples": 7320
  },
  "n_epochs_ran": 32,
  "stop_reason": "early_stopping",
  "model_type": "cnn1d",
  "loss": "huber",
  "learning_rate": 0.001,
  "dropout": 0.1
}