{
  "fold_name": "loso_val_14",
  "val_subject_id": "14",
  "train_subject_ids": [
    "02",
    "03",
    "08",
    "09",
    "12",
    "13",
    "15",
    "16",
    "17",
    "18",
    "19",
    "20",
    "21",
    "22",
    "25",
    "27",
    "28",
    "29"
  ],
  "best_epoch": 46,
  "best_val_loss": 0.8147289752960205,
  "best_val_metrics": {
    "mae": 1.160620147490717,
    "rmse": 1.2940810776324583,
    "rms": 1.2940810776324583,
    "r2": -0.37338525345268314,
    "bias": 1.1281807079269184,
    "mape_pct": 287.42577400292333,
    "n_samples": 15840
  },
  "n_epochs_ran": 76,
  "stop_reason": "early_stopping",
  "model_type": "cnn1d",
  "loss": "huber",
  "learning_rate": 0.001,
  "dropout": 0.2
}