{
  "fold_name": "loso_val_03",
  "val_subject_id": "03",
  "train_subject_ids": [
    "02",
    "08",
    "09",
    "12",
    "13",
    "14",
    "15",
    "16",
    "17",
    "18",
    "19",
    "20",
    "21",
    "22",
    "25",
    "27",
    "28",
    "29"
  ],
  "best_epoch": 26,
  "best_val_loss": 0.037876492366194725,
  "best_val_metrics": {
    "mae": 0.21100733332517807,
    "rmse": 0.27490955745631646,
    "rms": 0.27490955745631646,
    "r2": 0.9403576949858713,
    "bias": -0.07870698154262348,
    "mape_pct": 47.26870166889358,
    "n_samples": 14160
  },
  "n_epochs_ran": 56,
  "stop_reason": "early_stopping",
  "model_type": "cnn1d",
  "loss": "huber",
  "learning_rate": 0.001,
  "dropout": 0.1
}