{
  "fold_name": "loso_val_22",
  "val_subject_id": "22",
  "train_subject_ids": [
    "02",
    "03",
    "08",
    "09",
    "12",
    "13",
    "14",
    "15",
    "16",
    "17",
    "18",
    "19",
    "20",
    "21",
    "25",
    "27",
    "28",
    "29"
  ],
  "best_epoch": 14,
  "best_val_loss": 0.044007207034155726,
  "best_val_metrics": {
    "mae": 0.2220511600948395,
    "rmse": 0.2898123318203571,
    "rms": 0.2898123318203571,
    "r2": 0.8381254074420532,
    "bias": -0.12675104090656603,
    "mape_pct": 713.6958284774995,
    "n_samples": 18450
  },
  "n_epochs_ran": 44,
  "stop_reason": "early_stopping",
  "model_type": "tcn",
  "loss": "huber",
  "learning_rate": 0.001,
  "dropout": 0.1
}