{
  "fold_name": "loso_val_22",
  "val_subject_id": "22",
  "train_subject_ids": [
    "02",
    "03",
    "08",
    "09",
    "12",
    "13",
    "14",
    "15",
    "16",
    "17",
    "18",
    "19",
    "20",
    "21",
    "25",
    "27",
    "28",
    "29"
  ],
  "best_epoch": 2,
  "best_val_loss": 0.04095260798931122,
  "best_val_metrics": {
    "mae": 0.2247278463574678,
    "rmse": 0.2806648478711213,
    "rms": 0.2806648478711213,
    "r2": 0.852154356563223,
    "bias": -0.06190578013679851,
    "mape_pct": 362.7432185736748,
    "n_samples": 7560
  },
  "n_epochs_ran": 32,
  "stop_reason": "early_stopping",
  "model_type": "cnn1d",
  "loss": "huber",
  "learning_rate": 0.001,
  "dropout": 0.1
}