{
  "fold_name": "loso_val_08",
  "val_subject_id": "08",
  "train_subject_ids": [
    "02",
    "03",
    "09",
    "12",
    "13",
    "14",
    "15",
    "16",
    "17",
    "18",
    "19",
    "20",
    "21",
    "22",
    "25",
    "27",
    "28",
    "29"
  ],
  "best_epoch": 28,
  "best_val_loss": 0.07772500813007355,
  "best_val_metrics": {
    "mae": 0.3016297456149133,
    "rmse": 0.3950028149379696,
    "rms": 0.3950028149379696,
    "r2": 0.8216174366583573,
    "bias": -0.13444146758881054,
    "mape_pct": 120.16010385312772,
    "n_samples": 10800
  },
  "n_epochs_ran": 58,
  "stop_reason": "early_stopping",
  "model_type": "cnn1d",
  "loss": "huber",
  "learning_rate": 0.001,
  "dropout": 0.1
}