{
  "fold_name": "loso_val_09",
  "val_subject_id": "09",
  "train_subject_ids": [
    "02",
    "03",
    "08",
    "12",
    "13",
    "14",
    "15",
    "16",
    "17",
    "18",
    "19",
    "20",
    "21",
    "22",
    "25",
    "27",
    "28",
    "29"
  ],
  "best_epoch": 1,
  "best_val_loss": 0.20816977322101593,
  "best_val_metrics": {
    "mae": 0.4906516364087101,
    "rmse": 0.5925048926807808,
    "rms": 0.5925048926807808,
    "r2": 0.5003414129813086,
    "bias": 0.29037536168265193,
    "mape_pct": 154.6499201940366,
    "n_samples": 1980
  },
  "n_epochs_ran": 31,
  "stop_reason": "early_stopping",
  "model_type": "tcn",
  "loss": "huber",
  "learning_rate": 0.0005,
  "dropout": 0.1
}