{
  "fold_name": "loso_val_29",
  "val_subject_id": "29",
  "train_subject_ids": [
    "02",
    "03",
    "08",
    "09",
    "12",
    "13",
    "14",
    "15",
    "16",
    "17",
    "18",
    "19",
    "20",
    "21",
    "22",
    "25",
    "27",
    "28"
  ],
  "best_epoch": 34,
  "best_val_loss": 0.07871972024440765,
  "best_val_metrics": {
    "mae": 0.1904640330753669,
    "rmse": 0.26675577247922977,
    "rms": 0.26675577247922977,
    "r2": 0.8950321073705234,
    "bias": 0.05021656679214969,
    "mape_pct": 65.40448106176304,
    "n_samples": 18900
  },
  "n_epochs_ran": 64,
  "stop_reason": "early_stopping",
  "model_type": "tcn",
  "loss": "mse",
  "learning_rate": 0.001,
  "dropout": 0.1
}