{
  "fold_name": "loso_val_02",
  "val_subject_id": "02",
  "train_subject_ids": [
    "03",
    "08",
    "09",
    "12",
    "13",
    "14",
    "15",
    "16",
    "17",
    "18",
    "19",
    "20",
    "21",
    "22",
    "25",
    "27",
    "28",
    "29"
  ],
  "best_epoch": 20,
  "best_val_loss": 0.08571829600259662,
  "best_val_metrics": {
    "mae": 0.3245250157112867,
    "rmse": 0.4060552401591663,
    "rms": 0.4060552401591663,
    "r2": 0.7370776265103629,
    "bias": 0.23817129299599585,
    "mape_pct": 152.8754043537025,
    "n_samples": 18900
  },
  "n_epochs_ran": 50,
  "stop_reason": "early_stopping",
  "model_type": "tcn",
  "loss": "huber",
  "learning_rate": 0.001,
  "dropout": 0.1
}