{
  "fold_name": "loso_val_28",
  "val_subject_id": "28",
  "train_subject_ids": [
    "02",
    "03",
    "08",
    "09",
    "12",
    "13",
    "14",
    "15",
    "16",
    "17",
    "18",
    "19",
    "20",
    "21",
    "22",
    "25",
    "27",
    "29"
  ],
  "best_epoch": 10,
  "best_val_loss": 0.05781478015705943,
  "best_val_metrics": {
    "mae": 0.24948493609395386,
    "rmse": 0.32544325927990864,
    "rms": 0.32544325927990864,
    "r2": 0.8739661449369496,
    "bias": 0.021601949649748774,
    "mape_pct": 88.28462475916118,
    "n_samples": 18150
  },
  "n_epochs_ran": 40,
  "stop_reason": "early_stopping",
  "model_type": "tcn",
  "loss": "huber",
  "learning_rate": 0.001,
  "dropout": 0.1
}