{
  "fold_name": "loso_val_18",
  "val_subject_id": "18",
  "train_subject_ids": [
    "02",
    "03",
    "08",
    "09",
    "12",
    "13",
    "14",
    "15",
    "16",
    "17",
    "19",
    "20",
    "21",
    "22",
    "25",
    "27",
    "28",
    "29"
  ],
  "best_epoch": 52,
  "best_val_loss": 0.05409415066242218,
  "best_val_metrics": {
    "mae": 0.2656715915502695,
    "rmse": 0.31574678537591394,
    "rms": 0.31574678537591394,
    "r2": 0.8156346825853055,
    "bias": 0.2119713706351186,
    "mape_pct": 194.63679162146087,
    "n_samples": 7440
  },
  "n_epochs_ran": 82,
  "stop_reason": "early_stopping",
  "model_type": "cnn1d",
  "loss": "huber",
  "learning_rate": 0.001,
  "dropout": 0.1
}