{
  "fold_name": "loso_val_14",
  "val_subject_id": "14",
  "train_subject_ids": [
    "02",
    "03",
    "08",
    "09",
    "12",
    "13",
    "15",
    "16",
    "17",
    "18",
    "19",
    "20",
    "21",
    "22",
    "25",
    "27",
    "28",
    "29"
  ],
  "best_epoch": 10,
  "best_val_loss": 0.660019447406133,
  "best_val_metrics": {
    "mae": 0.9955462027604173,
    "rmse": 1.0994060397984862,
    "rms": 1.0994060397984862,
    "r2": -0.07257350294842735,
    "bias": 0.9652407276358211,
    "mape_pct": 244.71287450023885,
    "n_samples": 8400
  },
  "n_epochs_ran": 40,
  "stop_reason": "early_stopping",
  "model_type": "tcn",
  "loss": "huber",
  "learning_rate": 0.001,
  "dropout": 0.1
}