{
  "fold_name": "loso_val_16",
  "val_subject_id": "16",
  "train_subject_ids": [
    "02",
    "03",
    "08",
    "09",
    "12",
    "13",
    "14",
    "15",
    "17",
    "18",
    "19",
    "20",
    "21",
    "22",
    "25",
    "27",
    "28",
    "29"
  ],
  "best_epoch": 2,
  "best_val_loss": 0.07662627100944519,
  "best_val_metrics": {
    "mae": 0.3073780074187605,
    "rmse": 0.38078865310298593,
    "rms": 0.38078865310298593,
    "r2": 0.6905953210317397,
    "bias": 0.15938342383482262,
    "mape_pct": 101.12597965432946,
    "n_samples": 17850
  },
  "n_epochs_ran": 32,
  "stop_reason": "early_stopping",
  "model_type": "tcn",
  "loss": "huber",
  "learning_rate": 0.001,
  "dropout": 0.1
}