{
  "fold_name": "loso_val_02",
  "val_subject_id": "02",
  "train_subject_ids": [
    "03",
    "08",
    "09",
    "12",
    "13",
    "14",
    "15",
    "16",
    "17",
    "18",
    "19",
    "20",
    "21",
    "22",
    "25",
    "27",
    "28",
    "29"
  ],
  "best_epoch": 59,
  "best_val_loss": 0.0929520484060049,
  "best_val_metrics": {
    "mae": 0.39493056290481365,
    "rmse": 0.46863686790341935,
    "rms": 0.46863686790341935,
    "r2": 0.6238079240430552,
    "bias": 0.3479230830790134,
    "mape_pct": 214.3600482109255,
    "n_samples": 1980
  },
  "n_epochs_ran": 89,
  "stop_reason": "early_stopping",
  "model_type": "cnn1d",
  "loss": "huber",
  "learning_rate": 0.0005,
  "dropout": 0.2
}