{
  "fold_name": "loso_val_15",
  "val_subject_id": "15",
  "train_subject_ids": [
    "02",
    "03",
    "08",
    "09",
    "12",
    "13",
    "14",
    "16",
    "17",
    "18",
    "19",
    "20",
    "21",
    "22",
    "25",
    "27",
    "28",
    "29"
  ],
  "best_epoch": 37,
  "best_val_loss": 0.5128543525934219,
  "best_val_metrics": {
    "mae": 0.8892545997548629,
    "rmse": 1.038359284903314,
    "rms": 1.038359284903314,
    "r2": 0.008668883676389294,
    "bias": -0.7015586392757683,
    "mape_pct": 110.34306173282731,
    "n_samples": 2040
  },
  "n_epochs_ran": 67,
  "stop_reason": "early_stopping",
  "model_type": "tcn",
  "loss": "huber",
  "learning_rate": 0.0005,
  "dropout": 0.1
}