{
  "fold_name": "loso_val_03",
  "val_subject_id": "03",
  "train_subject_ids": [
    "02",
    "08",
    "09",
    "12",
    "13",
    "14",
    "15",
    "16",
    "17",
    "18",
    "19",
    "20",
    "21",
    "22",
    "25",
    "27",
    "28",
    "29"
  ],
  "best_epoch": 25,
  "best_val_loss": 0.1652555065229535,
  "best_val_metrics": {
    "mae": 0.30488944535709034,
    "rmse": 0.3921483029953382,
    "rms": 0.3921483029953382,
    "r2": 0.8720280905577885,
    "bias": -0.1215097259788403,
    "mape_pct": 61.31082205626308,
    "n_samples": 18450
  },
  "n_epochs_ran": 55,
  "stop_reason": "early_stopping",
  "model_type": "tcn",
  "loss": "mse",
  "learning_rate": 0.001,
  "dropout": 0.1
}