{
  "fold_name": "loso_val_21",
  "val_subject_id": "21",
  "train_subject_ids": [
    "02",
    "03",
    "08",
    "09",
    "12",
    "13",
    "14",
    "15",
    "16",
    "17",
    "18",
    "19",
    "20",
    "22",
    "25",
    "27",
    "28",
    "29"
  ],
  "best_epoch": 39,
  "best_val_loss": 0.08847702667117119,
  "best_val_metrics": {
    "mae": 0.3054531893535813,
    "rmse": 0.40770691679220755,
    "rms": 0.40770691679220755,
    "r2": 0.7583030252445666,
    "bias": -0.17334413772652937,
    "mape_pct": 205.64131854151748,
    "n_samples": 18600
  },
  "n_epochs_ran": 69,
  "stop_reason": "early_stopping",
  "model_type": "tcn",
  "loss": "huber",
  "learning_rate": 0.001,
  "dropout": 0.1
}