{
  "fold_name": "loso_val_27",
  "val_subject_id": "27",
  "train_subject_ids": [
    "02",
    "03",
    "08",
    "09",
    "12",
    "13",
    "14",
    "15",
    "16",
    "17",
    "18",
    "19",
    "20",
    "21",
    "22",
    "25",
    "28",
    "29"
  ],
  "best_epoch": 16,
  "best_val_loss": 0.2511514723300934,
  "best_val_metrics": {
    "mae": 0.36555932921745815,
    "rmse": 0.4859170947407855,
    "rms": 0.4859170947407855,
    "r2": 0.7434326608698834,
    "bias": -0.19377873195973988,
    "mape_pct": 230.72671662587823,
    "n_samples": 18600
  },
  "n_epochs_ran": 46,
  "stop_reason": "early_stopping",
  "model_type": "tcn",
  "loss": "mse",
  "learning_rate": 0.001,
  "dropout": 0.1
}