{
  "fold_name": "loso_val_09",
  "val_subject_id": "09",
  "train_subject_ids": [
    "02",
    "03",
    "08",
    "12",
    "13",
    "14",
    "15",
    "16",
    "17",
    "18",
    "19",
    "20",
    "21",
    "22",
    "25",
    "27",
    "28",
    "29"
  ],
  "best_epoch": 5,
  "best_val_loss": 0.19080811738967896,
  "best_val_metrics": {
    "mae": 0.5100731578295113,
    "rmse": 0.609846889321087,
    "rms": 0.609846889321087,
    "r2": 0.463079763274715,
    "bias": 0.4496856104932452,
    "mape_pct": 256.724235888346,
    "n_samples": 14160
  },
  "n_epochs_ran": 35,
  "stop_reason": "early_stopping",
  "model_type": "tcn",
  "loss": "huber",
  "learning_rate": 0.0005,
  "dropout": 0.1
}