{
  "fold_name": "loso_val_14",
  "val_subject_id": "14",
  "train_subject_ids": [
    "02",
    "03",
    "08",
    "09",
    "12",
    "13",
    "15",
    "16",
    "17",
    "18",
    "19",
    "20",
    "21",
    "22",
    "25",
    "27",
    "28",
    "29"
  ],
  "best_epoch": 4,
  "best_val_loss": 0.6669565141201019,
  "best_val_metrics": {
    "mae": 1.05153638321188,
    "rmse": 1.1847834040947558,
    "rms": 1.1847834040947558,
    "r2": -0.1966168129190271,
    "bias": 1.0179163191357283,
    "mape_pct": 258.0151154964726,
    "n_samples": 20550
  },
  "n_epochs_ran": 34,
  "stop_reason": "early_stopping",
  "model_type": "tcn",
  "loss": "huber",
  "learning_rate": 0.001,
  "dropout": 0.1
}