{
  "fold_name": "loso_val_17",
  "val_subject_id": "17",
  "train_subject_ids": [
    "02",
    "03",
    "08",
    "09",
    "12",
    "13",
    "14",
    "15",
    "16",
    "18",
    "19",
    "20",
    "21",
    "22",
    "25",
    "27",
    "28",
    "29"
  ],
  "best_epoch": 82,
  "best_val_loss": 0.06439773552119732,
  "best_val_metrics": {
    "mae": 0.27331135248144467,
    "rmse": 0.34021548054858897,
    "rms": 0.34021548054858897,
    "r2": 0.8260430171438511,
    "bias": -0.06470565730704342,
    "mape_pct": 94.44874425108513,
    "n_samples": 3840
  },
  "n_epochs_ran": 112,
  "stop_reason": "early_stopping",
  "model_type": "cnn1d",
  "loss": "huber",
  "learning_rate": 0.001,
  "dropout": 0.1
}