{
  "fold_name": "loso_val_25",
  "val_subject_id": "25",
  "train_subject_ids": [
    "02",
    "03",
    "08",
    "09",
    "12",
    "13",
    "14",
    "15",
    "16",
    "17",
    "18",
    "19",
    "20",
    "21",
    "22",
    "27",
    "28",
    "29"
  ],
  "best_epoch": 1,
  "best_val_loss": 0.22118496894836426,
  "best_val_metrics": {
    "mae": 0.39223778051639596,
    "rmse": 0.46370154797149504,
    "rms": 0.46370154797149504,
    "r2": 0.577354928587898,
    "bias": 0.03959791603726645,
    "mape_pct": 102.0383921972749,
    "n_samples": 18750
  },
  "n_epochs_ran": 31,
  "stop_reason": "early_stopping",
  "model_type": "tcn",
  "loss": "mse",
  "learning_rate": 0.001,
  "dropout": 0.1
}