{
  "fold_name": "loso_val_08",
  "val_subject_id": "08",
  "train_subject_ids": [
    "02",
    "03",
    "09",
    "12",
    "13",
    "14",
    "15",
    "16",
    "17",
    "18",
    "19",
    "20",
    "21",
    "22",
    "25",
    "27",
    "28",
    "29"
  ],
  "best_epoch": 44,
  "best_val_loss": 0.06499075889587402,
  "best_val_metrics": {
    "mae": 0.2750272293671494,
    "rmse": 0.359361166704864,
    "rms": 0.359361166704864,
    "r2": 0.8548770385452065,
    "bias": -0.11038732962051948,
    "mape_pct": 92.56926632425996,
    "n_samples": 3720
  },
  "n_epochs_ran": 74,
  "stop_reason": "early_stopping",
  "model_type": "cnn1d",
  "loss": "huber",
  "learning_rate": 0.0005,
  "dropout": 0.1
}