{
  "fold_name": "loso_val_22",
  "val_subject_id": "22",
  "train_subject_ids": [
    "02",
    "03",
    "08",
    "09",
    "12",
    "13",
    "14",
    "15",
    "16",
    "17",
    "18",
    "19",
    "20",
    "21",
    "25",
    "27",
    "28",
    "29"
  ],
  "best_epoch": 58,
  "best_val_loss": 0.04101500939577818,
  "best_val_metrics": {
    "mae": 0.22185117657318207,
    "rmse": 0.2798767951873023,
    "rms": 0.2798767951873023,
    "r2": 0.8484452079477318,
    "bias": -0.13655740203502853,
    "mape_pct": 658.8490028532292,
    "n_samples": 18450
  },
  "n_epochs_ran": 88,
  "stop_reason": "early_stopping",
  "model_type": "tcn",
  "loss": "huber",
  "learning_rate": 0.001,
  "dropout": 0.1
}