{
  "fold_name": "loso_val_12",
  "val_subject_id": "12",
  "train_subject_ids": [
    "02",
    "03",
    "08",
    "09",
    "13",
    "14",
    "15",
    "16",
    "17",
    "18",
    "19",
    "20",
    "21",
    "22",
    "25",
    "27",
    "28",
    "29"
  ],
  "best_epoch": 1,
  "best_val_loss": 0.1846928745508194,
  "best_val_metrics": {
    "mae": 0.48941197367650624,
    "rmse": 0.6143706230996644,
    "rms": 0.6143706230996644,
    "r2": 0.1601240387994397,
    "bias": -0.12949056570248646,
    "mape_pct": 646.6235465460275,
    "n_samples": 7320
  },
  "n_epochs_ran": 31,
  "stop_reason": "early_stopping",
  "model_type": "tcn",
  "loss": "huber",
  "learning_rate": 0.001,
  "dropout": 0.2
}