{
  "fold_name": "loso_val_21",
  "val_subject_id": "21",
  "train_subject_ids": [
    "02",
    "03",
    "08",
    "09",
    "12",
    "13",
    "14",
    "15",
    "16",
    "17",
    "18",
    "19",
    "20",
    "22",
    "25",
    "27",
    "28",
    "29"
  ],
  "best_epoch": 28,
  "best_val_loss": 0.09661172330379486,
  "best_val_metrics": {
    "mae": 0.33359182989549,
    "rmse": 0.4291710991119383,
    "rms": 0.4291710991119383,
    "r2": 0.7420277906281944,
    "bias": -0.2503297190259396,
    "mape_pct": 225.98790883345066,
    "n_samples": 18600
  },
  "n_epochs_ran": 58,
  "stop_reason": "early_stopping",
  "model_type": "tcn",
  "loss": "huber",
  "learning_rate": 0.001,
  "dropout": 0.1
}