{
  "fold_name": "loso_val_19",
  "val_subject_id": "19",
  "train_subject_ids": [
    "02",
    "03",
    "08",
    "09",
    "12",
    "13",
    "14",
    "15",
    "16",
    "17",
    "18",
    "20",
    "21",
    "22",
    "25",
    "27",
    "28",
    "29"
  ],
  "best_epoch": 10,
  "best_val_loss": 0.21113530173897743,
  "best_val_metrics": {
    "mae": 0.49698415248755806,
    "rmse": 0.660817263599821,
    "rms": 0.660817263599821,
    "r2": 0.559734401604895,
    "bias": -0.04736900717310765,
    "mape_pct": 79.70277626576954,
    "n_samples": 18900
  },
  "n_epochs_ran": 40,
  "stop_reason": "early_stopping",
  "model_type": "tcn",
  "loss": "huber",
  "learning_rate": 0.001,
  "dropout": 0.1
}