{
  "fold_name": "loso_val_13",
  "val_subject_id": "13",
  "train_subject_ids": [
    "02",
    "03",
    "08",
    "09",
    "12",
    "14",
    "15",
    "16",
    "17",
    "18",
    "19",
    "20",
    "21",
    "22",
    "25",
    "27",
    "28",
    "29"
  ],
  "best_epoch": 5,
  "best_val_loss": 0.13525119237601757,
  "best_val_metrics": {
    "mae": 0.5219056041246266,
    "rmse": 0.6517627772766852,
    "rms": 0.6517627772766852,
    "r2": 0.7191544810712391,
    "bias": -0.19630631758787934,
    "mape_pct": 352.97147189088054,
    "n_samples": 1980
  },
  "n_epochs_ran": 35,
  "stop_reason": "early_stopping",
  "model_type": "tcn",
  "loss": "huber",
  "learning_rate": 0.001,
  "dropout": 0.2
}