{
  "fold_name": "loso_val_08",
  "val_subject_id": "08",
  "train_subject_ids": [
    "02",
    "03",
    "09",
    "12",
    "13",
    "14",
    "15",
    "16",
    "17",
    "18",
    "19",
    "20",
    "21",
    "22",
    "25",
    "27",
    "28",
    "29"
  ],
  "best_epoch": 42,
  "best_val_loss": 0.11537234392017126,
  "best_val_metrics": {
    "mae": 0.26152926088072176,
    "rmse": 0.3323660595540157,
    "rms": 0.3323660595540157,
    "r2": 0.8714069460666004,
    "bias": -0.13035565527735826,
    "mape_pct": 110.19144978009425,
    "n_samples": 18150
  },
  "n_epochs_ran": 72,
  "stop_reason": "early_stopping",
  "model_type": "tcn",
  "loss": "mse",
  "learning_rate": 0.001,
  "dropout": 0.1
}