{
  "fold_name": "loso_val_12",
  "val_subject_id": "12",
  "train_subject_ids": [
    "02",
    "03",
    "08",
    "09",
    "13",
    "14",
    "15",
    "16",
    "17",
    "18",
    "19",
    "20",
    "21",
    "22",
    "25",
    "27",
    "28",
    "29"
  ],
  "best_epoch": 62,
  "best_val_loss": 0.06300011277198792,
  "best_val_metrics": {
    "mae": 0.2822865569824052,
    "rmse": 0.352506503594365,
    "rms": 0.352506503594365,
    "r2": 0.7201395499215242,
    "bias": -0.11121081657801024,
    "mape_pct": 287.85154932615103,
    "n_samples": 6960
  },
  "n_epochs_ran": 92,
  "stop_reason": "early_stopping",
  "model_type": "cnn1d",
  "loss": "huber",
  "learning_rate": 0.0005,
  "dropout": 0.1
}