{
  "fold_name": "loso_val_13",
  "val_subject_id": "13",
  "train_subject_ids": [
    "02",
    "03",
    "08",
    "09",
    "12",
    "14",
    "15",
    "16",
    "17",
    "18",
    "19",
    "20",
    "21",
    "22",
    "25",
    "27",
    "28",
    "29"
  ],
  "best_epoch": 34,
  "best_val_loss": 0.21801014244556427,
  "best_val_metrics": {
    "mae": 0.5195066295764053,
    "rmse": 0.658608340116058,
    "rms": 0.658608340116058,
    "r2": 0.721439448336919,
    "bias": -0.43698643179845664,
    "mape_pct": 174.87822406656457,
    "n_samples": 7560
  },
  "n_epochs_ran": 64,
  "stop_reason": "early_stopping",
  "model_type": "cnn1d",
  "loss": "huber",
  "learning_rate": 0.001,
  "dropout": 0.1
}