{
  "fold_name": "loso_val_12",
  "val_subject_id": "12",
  "train_subject_ids": [
    "02",
    "03",
    "08",
    "09",
    "13",
    "14",
    "15",
    "16",
    "17",
    "18",
    "19",
    "20",
    "21",
    "22",
    "25",
    "27",
    "28",
    "29"
  ],
  "best_epoch": 1,
  "best_val_loss": 0.17439275979995728,
  "best_val_metrics": {
    "mae": 0.48050255944252235,
    "rmse": 0.5880835515574578,
    "rms": 0.5880835515574578,
    "r2": 0.22140080130796125,
    "bias": 0.12487907149453964,
    "mape_pct": 565.875141807091,
    "n_samples": 10620
  },
  "n_epochs_ran": 31,
  "stop_reason": "early_stopping",
  "model_type": "tcn",
  "loss": "huber",
  "learning_rate": 0.001,
  "dropout": 0.1
}