{
  "fold_name": "loso_val_08",
  "val_subject_id": "08",
  "train_subject_ids": [
    "02",
    "03",
    "09",
    "12",
    "13",
    "14",
    "15",
    "16",
    "17",
    "18",
    "19",
    "20",
    "21",
    "22",
    "25",
    "27",
    "28",
    "29"
  ],
  "best_epoch": 9,
  "best_val_loss": 0.12119561806321144,
  "best_val_metrics": {
    "mae": 0.38953840821210783,
    "rmse": 0.48691667919006265,
    "rms": 0.48691667919006265,
    "r2": 0.7254203635249513,
    "bias": -0.17098430315645602,
    "mape_pct": 137.16220472778403,
    "n_samples": 3840
  },
  "n_epochs_ran": 39,
  "stop_reason": "early_stopping",
  "model_type": "cnn1d",
  "loss": "huber",
  "learning_rate": 0.001,
  "dropout": 0.2
}