{
  "fold_name": "loso_val_13",
  "val_subject_id": "13",
  "train_subject_ids": [
    "02",
    "03",
    "08",
    "09",
    "12",
    "14",
    "15",
    "16",
    "17",
    "18",
    "19",
    "20",
    "21",
    "22",
    "25",
    "27",
    "28",
    "29"
  ],
  "best_epoch": 5,
  "best_val_loss": 0.28234325535595417,
  "best_val_metrics": {
    "mae": 0.5901077965492137,
    "rmse": 0.764642070231654,
    "rms": 0.764642070231654,
    "r2": 0.6196761742003043,
    "bias": -0.4925361320266615,
    "mape_pct": 281.29289433775784,
    "n_samples": 18600
  },
  "n_epochs_ran": 35,
  "stop_reason": "early_stopping",
  "model_type": "tcn",
  "loss": "huber",
  "learning_rate": 0.001,
  "dropout": 0.1
}