{
  "fold_name": "loso_val_03",
  "val_subject_id": "03",
  "train_subject_ids": [
    "02",
    "08",
    "09",
    "12",
    "13",
    "14",
    "15",
    "16",
    "17",
    "18",
    "19",
    "20",
    "21",
    "22",
    "25",
    "27",
    "28",
    "29"
  ],
  "best_epoch": 56,
  "best_val_loss": 0.03786713629961014,
  "best_val_metrics": {
    "mae": 0.20846277064274496,
    "rmse": 0.2745596916864492,
    "rms": 0.2745596916864492,
    "r2": 0.9402955489669241,
    "bias": -0.05859121649460617,
    "mape_pct": 44.543310155175746,
    "n_samples": 14160
  },
  "n_epochs_ran": 86,
  "stop_reason": "early_stopping",
  "model_type": "cnn1d",
  "loss": "huber",
  "learning_rate": 0.0005,
  "dropout": 0.1
}