{
  "fold_name": "loso_val_02",
  "val_subject_id": "02",
  "train_subject_ids": [
    "03",
    "08",
    "09",
    "12",
    "13",
    "14",
    "15",
    "16",
    "17",
    "18",
    "19",
    "20",
    "21",
    "22",
    "25",
    "27",
    "28",
    "29"
  ],
  "best_epoch": 33,
  "best_val_loss": 0.10465924938519795,
  "best_val_metrics": {
    "mae": 0.31590193408833006,
    "rmse": 0.4014774505883159,
    "rms": 0.4014774505883159,
    "r2": 0.7168326080300218,
    "bias": 0.1842403200401212,
    "mape_pct": 130.87232486235033,
    "n_samples": 3960
  },
  "n_epochs_ran": 63,
  "stop_reason": "early_stopping",
  "model_type": "tcn",
  "loss": "huber",
  "learning_rate": 0.001,
  "dropout": 0.2
}