{
  "fold_name": "loso_val_14",
  "val_subject_id": "14",
  "train_subject_ids": [
    "02",
    "03",
    "08",
    "09",
    "12",
    "13",
    "15",
    "16",
    "17",
    "18",
    "19",
    "20",
    "21",
    "22",
    "25",
    "27",
    "28",
    "29"
  ],
  "best_epoch": 17,
  "best_val_loss": 1.3095052672757044,
  "best_val_metrics": {
    "mae": 0.9885049946784946,
    "rmse": 1.0740548012209383,
    "rms": 1.0740548012209383,
    "r2": -0.02248381551945755,
    "bias": 0.9650387690283716,
    "mape_pct": 290.94064546153584,
    "n_samples": 20550
  },
  "n_epochs_ran": 47,
  "stop_reason": "early_stopping",
  "model_type": "tcn",
  "loss": "mse",
  "learning_rate": 0.001,
  "dropout": 0.1
}