{
  "fold_name": "loso_val_27",
  "val_subject_id": "27",
  "train_subject_ids": [
    "02",
    "03",
    "08",
    "09",
    "12",
    "13",
    "14",
    "15",
    "16",
    "17",
    "18",
    "19",
    "20",
    "21",
    "22",
    "25",
    "28",
    "29"
  ],
  "best_epoch": 15,
  "best_val_loss": 0.1497700959444046,
  "best_val_metrics": {
    "mae": 0.41435803457648446,
    "rmse": 0.5462704167660961,
    "rms": 0.5462704167660961,
    "r2": 0.6829293108237112,
    "bias": -0.29383353186698985,
    "mape_pct": 258.28354358055645,
    "n_samples": 5580
  },
  "n_epochs_ran": 45,
  "stop_reason": "early_stopping",
  "model_type": "tcn",
  "loss": "huber",
  "learning_rate": 0.001,
  "dropout": 0.2
}