{
  "fold_name": "loso_val_14",
  "val_subject_id": "14",
  "train_subject_ids": [
    "02",
    "03",
    "08",
    "09",
    "12",
    "13",
    "15",
    "16",
    "17",
    "18",
    "19",
    "20",
    "21",
    "22",
    "25",
    "27",
    "28",
    "29"
  ],
  "best_epoch": 35,
  "best_val_loss": 0.6874070763587952,
  "best_val_metrics": {
    "mae": 0.963150861469683,
    "rmse": 1.0667699533866257,
    "rms": 1.0667699533866257,
    "r2": 0.03639272423720974,
    "bias": 0.9307360300867739,
    "mape_pct": 275.9647969852601,
    "n_samples": 7920
  },
  "n_epochs_ran": 65,
  "stop_reason": "early_stopping",
  "model_type": "tcn",
  "loss": "huber",
  "learning_rate": 0.001,
  "dropout": 0.2
}