{
  "fold_name": "loso_val_09",
  "val_subject_id": "09",
  "train_subject_ids": [
    "02",
    "03",
    "08",
    "12",
    "13",
    "14",
    "15",
    "16",
    "17",
    "18",
    "19",
    "20",
    "21",
    "22",
    "25",
    "27",
    "28",
    "29"
  ],
  "best_epoch": 8,
  "best_val_loss": 0.1798391193151474,
  "best_val_metrics": {
    "mae": 0.5043673261976509,
    "rmse": 0.5975702768121443,
    "rms": 0.5975702768121443,
    "r2": 0.4849777591292058,
    "bias": 0.45398131334537883,
    "mape_pct": 264.8603095527806,
    "n_samples": 5580
  },
  "n_epochs_ran": 38,
  "stop_reason": "early_stopping",
  "model_type": "tcn",
  "loss": "huber",
  "learning_rate": 0.001,
  "dropout": 0.2
}