{
  "fold_name": "loso_val_19",
  "val_subject_id": "19",
  "train_subject_ids": [
    "02",
    "03",
    "08",
    "09",
    "12",
    "13",
    "14",
    "15",
    "16",
    "17",
    "18",
    "20",
    "21",
    "22",
    "25",
    "27",
    "28",
    "29"
  ],
  "best_epoch": 10,
  "best_val_loss": 0.21645625680685043,
  "best_val_metrics": {
    "mae": 0.5224867167619239,
    "rmse": 0.6667796755526784,
    "rms": 0.6667796755526784,
    "r2": 0.5615808142600667,
    "bias": 0.06427933624640068,
    "mape_pct": 105.46780805552504,
    "n_samples": 18900
  },
  "n_epochs_ran": 40,
  "stop_reason": "early_stopping",
  "model_type": "tcn",
  "loss": "huber",
  "learning_rate": 0.001,
  "dropout": 0.1
}