{
  "fold_name": "loso_val_02",
  "val_subject_id": "02",
  "train_subject_ids": [
    "03",
    "08",
    "09",
    "12",
    "13",
    "14",
    "15",
    "16",
    "17",
    "18",
    "19",
    "20",
    "21",
    "22",
    "25",
    "27",
    "28",
    "29"
  ],
  "best_epoch": 59,
  "best_val_loss": 0.09343898668885231,
  "best_val_metrics": {
    "mae": 0.33717320025947545,
    "rmse": 0.4240317746774019,
    "rms": 0.4240317746774019,
    "r2": 0.7082306355246937,
    "bias": 0.25692451880704636,
    "mape_pct": 212.52907347012973,
    "n_samples": 11160
  },
  "n_epochs_ran": 89,
  "stop_reason": "early_stopping",
  "model_type": "cnn1d",
  "loss": "huber",
  "learning_rate": 0.0005,
  "dropout": 0.1
}