{
  "fold_name": "loso_val_25",
  "val_subject_id": "25",
  "train_subject_ids": [
    "02",
    "03",
    "08",
    "09",
    "12",
    "13",
    "14",
    "15",
    "16",
    "17",
    "18",
    "19",
    "20",
    "21",
    "22",
    "27",
    "28",
    "29"
  ],
  "best_epoch": 2,
  "best_val_loss": 0.12811323907226324,
  "best_val_metrics": {
    "mae": 0.40916532505172,
    "rmse": 0.5018541769282446,
    "rms": 0.5018541769282446,
    "r2": 0.5086060784499384,
    "bias": -0.1022743731864045,
    "mape_pct": 120.5217563145311,
    "n_samples": 18750
  },
  "n_epochs_ran": 32,
  "stop_reason": "early_stopping",
  "model_type": "tcn",
  "loss": "huber",
  "learning_rate": 0.001,
  "dropout": 0.1
}