{
  "fold_name": "loso_val_20",
  "val_subject_id": "20",
  "train_subject_ids": [
    "02",
    "03",
    "08",
    "09",
    "12",
    "13",
    "14",
    "15",
    "16",
    "17",
    "18",
    "19",
    "21",
    "22",
    "25",
    "27",
    "28",
    "29"
  ],
  "best_epoch": 25,
  "best_val_loss": 0.05102757550776005,
  "best_val_metrics": {
    "mae": 0.2128668574840365,
    "rmse": 0.2983175460861057,
    "rms": 0.2983175460861057,
    "r2": 0.8606367369304463,
    "bias": -0.07595196592928129,
    "mape_pct": 132.3439676823825,
    "n_samples": 18300
  },
  "n_epochs_ran": 55,
  "stop_reason": "early_stopping",
  "model_type": "tcn",
  "loss": "huber",
  "learning_rate": 0.001,
  "dropout": 0.1
}