{
  "fold_name": "loso_val_08",
  "val_subject_id": "08",
  "train_subject_ids": [
    "02",
    "03",
    "09",
    "12",
    "13",
    "14",
    "15",
    "16",
    "17",
    "18",
    "19",
    "20",
    "21",
    "22",
    "25",
    "27",
    "28",
    "29"
  ],
  "best_epoch": 3,
  "best_val_loss": 0.15722017735242844,
  "best_val_metrics": {
    "mae": 0.31757183303753783,
    "rmse": 0.3930610422865128,
    "rms": 0.3930610422865128,
    "r2": 0.8260545107621201,
    "bias": -0.14679540658990542,
    "mape_pct": 119.12937075520954,
    "n_samples": 18150
  },
  "n_epochs_ran": 33,
  "stop_reason": "early_stopping",
  "model_type": "tcn",
  "loss": "mse",
  "learning_rate": 0.001,
  "dropout": 0.1
}