{
  "fold_name": "loso_val_14",
  "val_subject_id": "14",
  "train_subject_ids": [
    "02",
    "03",
    "08",
    "09",
    "12",
    "13",
    "15",
    "16",
    "17",
    "18",
    "19",
    "20",
    "21",
    "22",
    "25",
    "27",
    "28",
    "29"
  ],
  "best_epoch": 91,
  "best_val_loss": 0.8011274536450704,
  "best_val_metrics": {
    "mae": 1.1668921237772365,
    "rmse": 1.2906258063130245,
    "rms": 1.2906258063130245,
    "r2": -0.41590268820374443,
    "bias": 1.135882466746483,
    "mape_pct": 303.7111485601363,
    "n_samples": 8400
  },
  "n_epochs_ran": 121,
  "stop_reason": "early_stopping",
  "model_type": "cnn1d",
  "loss": "huber",
  "learning_rate": 0.0005,
  "dropout": 0.2
}