{
  "fold_name": "loso_val_25",
  "val_subject_id": "25",
  "train_subject_ids": [
    "02",
    "03",
    "08",
    "09",
    "12",
    "13",
    "14",
    "15",
    "16",
    "17",
    "18",
    "19",
    "20",
    "21",
    "22",
    "27",
    "28",
    "29"
  ],
  "best_epoch": 3,
  "best_val_loss": 0.21655642241239548,
  "best_val_metrics": {
    "mae": 0.3911428450576961,
    "rmse": 0.46190184757029884,
    "rms": 0.46190184757029884,
    "r2": 0.5855769212730171,
    "bias": -0.04483402557946742,
    "mape_pct": 119.90489381865497,
    "n_samples": 18750
  },
  "n_epochs_ran": 33,
  "stop_reason": "early_stopping",
  "model_type": "tcn",
  "loss": "mse",
  "learning_rate": 0.001,
  "dropout": 0.1
}