{
  "fold_name": "loso_val_02",
  "val_subject_id": "02",
  "train_subject_ids": [
    "03",
    "08",
    "09",
    "12",
    "13",
    "14",
    "15",
    "16",
    "17",
    "18",
    "19",
    "20",
    "21",
    "22",
    "25",
    "27",
    "28",
    "29"
  ],
  "best_epoch": 22,
  "best_val_loss": 0.07709399610757828,
  "best_val_metrics": {
    "mae": 0.29809844342459757,
    "rmse": 0.38553858022730686,
    "rms": 0.38553858022730686,
    "r2": 0.7640142841483684,
    "bias": 0.17861685117163384,
    "mape_pct": 123.83431338003837,
    "n_samples": 14400
  },
  "n_epochs_ran": 52,
  "stop_reason": "early_stopping",
  "model_type": "tcn",
  "loss": "huber",
  "learning_rate": 0.001,
  "dropout": 0.1
}