{
  "fold_name": "loso_val_08",
  "val_subject_id": "08",
  "train_subject_ids": [
    "02",
    "03",
    "09",
    "12",
    "13",
    "14",
    "15",
    "16",
    "17",
    "18",
    "19",
    "20",
    "21",
    "22",
    "25",
    "27",
    "28",
    "29"
  ],
  "best_epoch": 16,
  "best_val_loss": 0.112967349588871,
  "best_val_metrics": {
    "mae": 0.3915460166110467,
    "rmse": 0.47802879091297723,
    "rms": 0.47802879091297723,
    "r2": 0.7427030682135725,
    "bias": -0.1781201042700559,
    "mape_pct": 114.05237019529011,
    "n_samples": 10800
  },
  "n_epochs_ran": 46,
  "stop_reason": "early_stopping",
  "model_type": "cnn1d",
  "loss": "huber",
  "learning_rate": 0.0005,
  "dropout": 0.2
}