{
  "fold_name": "loso_val_12",
  "val_subject_id": "12",
  "train_subject_ids": [
    "02",
    "03",
    "08",
    "09",
    "13",
    "14",
    "15",
    "16",
    "17",
    "18",
    "19",
    "20",
    "21",
    "22",
    "25",
    "27",
    "28",
    "29"
  ],
  "best_epoch": 40,
  "best_val_loss": 0.06034183129668236,
  "best_val_metrics": {
    "mae": 0.26772701464274884,
    "rmse": 0.3443314049967222,
    "rms": 0.3443314049967222,
    "r2": 0.7306482568159373,
    "bias": -0.10317736594498489,
    "mape_pct": 268.74428685814405,
    "n_samples": 5400
  },
  "n_epochs_ran": 70,
  "stop_reason": "early_stopping",
  "model_type": "cnn1d",
  "loss": "huber",
  "learning_rate": 0.0005,
  "dropout": 0.2
}