{
  "fold_name": "loso_val_08",
  "val_subject_id": "08",
  "train_subject_ids": [
    "02",
    "03",
    "09",
    "12",
    "13",
    "14",
    "15",
    "16",
    "17",
    "18",
    "19",
    "20",
    "21",
    "22",
    "25",
    "27",
    "28",
    "29"
  ],
  "best_epoch": 36,
  "best_val_loss": 0.08770610019564629,
  "best_val_metrics": {
    "mae": 0.34352035110357393,
    "rmse": 0.40886456094886464,
    "rms": 0.40886456094886464,
    "r2": 0.8067631791311012,
    "bias": -0.272595435527726,
    "mape_pct": 140.63854109563152,
    "n_samples": 13920
  },
  "n_epochs_ran": 66,
  "stop_reason": "early_stopping",
  "model_type": "tcn",
  "loss": "huber",
  "learning_rate": 0.0005,
  "dropout": 0.2
}