{
  "fold_name": "loso_val_29",
  "val_subject_id": "29",
  "train_subject_ids": [
    "02",
    "03",
    "08",
    "09",
    "12",
    "13",
    "14",
    "15",
    "16",
    "17",
    "18",
    "19",
    "20",
    "21",
    "22",
    "25",
    "27",
    "28"
  ],
  "best_epoch": 27,
  "best_val_loss": 0.07801905926316977,
  "best_val_metrics": {
    "mae": 0.18500441759173075,
    "rmse": 0.26760460310951084,
    "rms": 0.26760460310951084,
    "r2": 0.8956752723105359,
    "bias": 0.04691950625871806,
    "mape_pct": 84.53705876066883,
    "n_samples": 18900
  },
  "n_epochs_ran": 57,
  "stop_reason": "early_stopping",
  "model_type": "tcn",
  "loss": "mse",
  "learning_rate": 0.001,
  "dropout": 0.1
}