{
  "fold_name": "loso_val_09",
  "val_subject_id": "09",
  "train_subject_ids": [
    "02",
    "03",
    "08",
    "12",
    "13",
    "14",
    "15",
    "16",
    "17",
    "18",
    "19",
    "20",
    "21",
    "22",
    "25",
    "27",
    "28",
    "29"
  ],
  "best_epoch": 2,
  "best_val_loss": 0.1602419912815094,
  "best_val_metrics": {
    "mae": 0.47925289544782573,
    "rmse": 0.5627890856529008,
    "rms": 0.5627890856529008,
    "r2": 0.5431400111563962,
    "bias": 0.41463854731440125,
    "mape_pct": 215.2115090895035,
    "n_samples": 3840
  },
  "n_epochs_ran": 32,
  "stop_reason": "early_stopping",
  "model_type": "cnn1d",
  "loss": "huber",
  "learning_rate": 0.001,
  "dropout": 0.2
}