{
  "fold_name": "loso_val_13",
  "val_subject_id": "13",
  "train_subject_ids": [
    "02",
    "03",
    "08",
    "09",
    "12",
    "14",
    "15",
    "16",
    "17",
    "18",
    "19",
    "20",
    "21",
    "22",
    "25",
    "27",
    "28",
    "29"
  ],
  "best_epoch": 14,
  "best_val_loss": 0.2844519764184952,
  "best_val_metrics": {
    "mae": 0.5968875492441652,
    "rmse": 0.7624896201710116,
    "rms": 0.7624896201710116,
    "r2": 0.6208897504927329,
    "bias": -0.4926283231740492,
    "mape_pct": 272.66840703355325,
    "n_samples": 18600
  },
  "n_epochs_ran": 44,
  "stop_reason": "early_stopping",
  "model_type": "tcn",
  "loss": "huber",
  "learning_rate": 0.001,
  "dropout": 0.1
}