{
  "fold_name": "loso_val_09",
  "val_subject_id": "09",
  "train_subject_ids": [
    "02",
    "03",
    "08",
    "12",
    "13",
    "14",
    "15",
    "16",
    "17",
    "18",
    "19",
    "20",
    "21",
    "22",
    "25",
    "27",
    "28",
    "29"
  ],
  "best_epoch": 13,
  "best_val_loss": 0.2248009294271469,
  "best_val_metrics": {
    "mae": 0.5156458256301135,
    "rmse": 0.6009058694390932,
    "rms": 0.6009058694390932,
    "r2": 0.4586903674290215,
    "bias": 0.45519051815818945,
    "mape_pct": 237.2384333991277,
    "n_samples": 3900
  },
  "n_epochs_ran": 43,
  "stop_reason": "early_stopping",
  "model_type": "tcn",
  "loss": "huber",
  "learning_rate": 0.001,
  "dropout": 0.2
}