{
  "fold_name": "loso_val_09",
  "val_subject_id": "09",
  "train_subject_ids": [
    "02",
    "03",
    "08",
    "12",
    "13",
    "14",
    "15",
    "16",
    "17",
    "18",
    "19",
    "20",
    "21",
    "22",
    "25",
    "27",
    "28",
    "29"
  ],
  "best_epoch": 1,
  "best_val_loss": 0.22336895763874054,
  "best_val_metrics": {
    "mae": 0.45018883568165363,
    "rmse": 0.5683451959637723,
    "rms": 0.5683451959637723,
    "r2": 0.5128168954592935,
    "bias": 0.12932076626322045,
    "mape_pct": 178.67765221030422,
    "n_samples": 1980
  },
  "n_epochs_ran": 31,
  "stop_reason": "early_stopping",
  "model_type": "cnn1d",
  "loss": "huber",
  "learning_rate": 0.001,
  "dropout": 0.2
}