{
  "fold_name": "loso_val_12",
  "val_subject_id": "12",
  "train_subject_ids": [
    "02",
    "03",
    "08",
    "09",
    "13",
    "14",
    "15",
    "16",
    "17",
    "18",
    "19",
    "20",
    "21",
    "22",
    "25",
    "27",
    "28",
    "29"
  ],
  "best_epoch": 27,
  "best_val_loss": 0.05397671088576317,
  "best_val_metrics": {
    "mae": 0.25073522694372785,
    "rmse": 0.32513113185908155,
    "rms": 0.32513113185908155,
    "r2": 0.7589973771614742,
    "bias": 0.04709149150828361,
    "mape_pct": 213.42167121499673,
    "n_samples": 5400
  },
  "n_epochs_ran": 57,
  "stop_reason": "early_stopping",
  "model_type": "cnn1d",
  "loss": "huber",
  "learning_rate": 0.001,
  "dropout": 0.2
}