{
  "fold_name": "loso_val_27",
  "val_subject_id": "27",
  "train_subject_ids": [
    "02",
    "03",
    "08",
    "09",
    "12",
    "13",
    "14",
    "15",
    "16",
    "17",
    "18",
    "19",
    "20",
    "21",
    "22",
    "25",
    "28",
    "29"
  ],
  "best_epoch": 21,
  "best_val_loss": 0.24099788069725037,
  "best_val_metrics": {
    "mae": 0.36168520365373835,
    "rmse": 0.4788667003780641,
    "rms": 0.4788667003780641,
    "r2": 0.7545822563743558,
    "bias": -0.21009538720469853,
    "mape_pct": 199.55124030985485,
    "n_samples": 18600
  },
  "n_epochs_ran": 51,
  "stop_reason": "early_stopping",
  "model_type": "tcn",
  "loss": "mse",
  "learning_rate": 0.001,
  "dropout": 0.1
}