{
  "fold_name": "loso_val_15",
  "val_subject_id": "15",
  "train_subject_ids": [
    "02",
    "03",
    "08",
    "09",
    "12",
    "13",
    "14",
    "16",
    "17",
    "18",
    "19",
    "20",
    "21",
    "22",
    "25",
    "27",
    "28",
    "29"
  ],
  "best_epoch": 7,
  "best_val_loss": 1.609503597021103,
  "best_val_metrics": {
    "mae": 0.8841008072026231,
    "rmse": 1.235520118710186,
    "rms": 1.235520118710186,
    "r2": -0.022129671672216578,
    "bias": -0.6778331397187326,
    "mape_pct": 106.57589801368943,
    "n_samples": 19050
  },
  "n_epochs_ran": 37,
  "stop_reason": "early_stopping",
  "model_type": "tcn",
  "loss": "mse",
  "learning_rate": 0.001,
  "dropout": 0.1
}