{
  "fold_name": "loso_val_13",
  "val_subject_id": "13",
  "train_subject_ids": [
    "02",
    "03",
    "08",
    "09",
    "12",
    "14",
    "15",
    "16",
    "17",
    "18",
    "19",
    "20",
    "21",
    "22",
    "25",
    "27",
    "28",
    "29"
  ],
  "best_epoch": 46,
  "best_val_loss": 0.2872721925377846,
  "best_val_metrics": {
    "mae": 0.5848332966478093,
    "rmse": 0.7729961890657517,
    "rms": 0.7729961890657517,
    "r2": 0.6188979830943511,
    "bias": -0.49535135902953803,
    "mape_pct": 193.39013272923455,
    "n_samples": 10980
  },
  "n_epochs_ran": 76,
  "stop_reason": "early_stopping",
  "model_type": "cnn1d",
  "loss": "huber",
  "learning_rate": 0.0005,
  "dropout": 0.2
}