{
  "fold_name": "loso_val_19",
  "val_subject_id": "19",
  "train_subject_ids": [
    "02",
    "03",
    "08",
    "09",
    "12",
    "13",
    "14",
    "15",
    "16",
    "17",
    "18",
    "20",
    "21",
    "22",
    "25",
    "27",
    "28",
    "29"
  ],
  "best_epoch": 26,
  "best_val_loss": 0.454593189060688,
  "best_val_metrics": {
    "mae": 0.5164220285296648,
    "rmse": 0.6550819387276376,
    "rms": 0.6550819387276376,
    "r2": 0.5732955119653974,
    "bias": -0.008013835896604827,
    "mape_pct": 76.2382718809547,
    "n_samples": 18900
  },
  "n_epochs_ran": 56,
  "stop_reason": "early_stopping",
  "model_type": "tcn",
  "loss": "mse",
  "learning_rate": 0.001,
  "dropout": 0.1
}