{
  "fold_name": "loso_val_25",
  "val_subject_id": "25",
  "train_subject_ids": [
    "02",
    "03",
    "08",
    "09",
    "12",
    "13",
    "14",
    "15",
    "16",
    "17",
    "18",
    "19",
    "20",
    "21",
    "22",
    "27",
    "28",
    "29"
  ],
  "best_epoch": 4,
  "best_val_loss": 0.2432186473160982,
  "best_val_metrics": {
    "mae": 0.3954086231667051,
    "rmse": 0.4844554796560802,
    "rms": 0.4844554796560802,
    "r2": 0.5397622138264419,
    "bias": -0.10933745545503994,
    "mape_pct": 132.9655488119583,
    "n_samples": 18750
  },
  "n_epochs_ran": 34,
  "stop_reason": "early_stopping",
  "model_type": "tcn",
  "loss": "mse",
  "learning_rate": 0.001,
  "dropout": 0.1
}