{
  "fold_name": "loso_val_14",
  "val_subject_id": "14",
  "train_subject_ids": [
    "02",
    "03",
    "08",
    "09",
    "12",
    "13",
    "15",
    "16",
    "17",
    "18",
    "19",
    "20",
    "21",
    "22",
    "25",
    "27",
    "28",
    "29"
  ],
  "best_epoch": 21,
  "best_val_loss": 0.6936048567295074,
  "best_val_metrics": {
    "mae": 0.9610605241767523,
    "rmse": 1.0753700323331756,
    "rms": 1.0753700323331756,
    "r2": 0.007043491852424255,
    "bias": 0.9122497196419787,
    "mape_pct": 232.4296780364727,
    "n_samples": 6120
  },
  "n_epochs_ran": 51,
  "stop_reason": "early_stopping",
  "model_type": "tcn",
  "loss": "huber",
  "learning_rate": 0.001,
  "dropout": 0.2
}