{
  "fold_name": "loso_val_27",
  "val_subject_id": "27",
  "train_subject_ids": [
    "02",
    "03",
    "08",
    "09",
    "12",
    "13",
    "14",
    "15",
    "16",
    "17",
    "18",
    "19",
    "20",
    "21",
    "22",
    "25",
    "28",
    "29"
  ],
  "best_epoch": 17,
  "best_val_loss": 0.11536965891718864,
  "best_val_metrics": {
    "mae": 0.3626880825724814,
    "rmse": 0.4742889313050108,
    "rms": 0.4742889313050108,
    "r2": 0.7562682810530401,
    "bias": -0.26205988146662923,
    "mape_pct": 256.91797548298797,
    "n_samples": 18600
  },
  "n_epochs_ran": 47,
  "stop_reason": "early_stopping",
  "model_type": "tcn",
  "loss": "huber",
  "learning_rate": 0.001,
  "dropout": 0.1
}