{
  "fold_name": "loso_val_21",
  "val_subject_id": "21",
  "train_subject_ids": [
    "02",
    "03",
    "08",
    "09",
    "12",
    "13",
    "14",
    "15",
    "16",
    "17",
    "18",
    "19",
    "20",
    "22",
    "25",
    "27",
    "28",
    "29"
  ],
  "best_epoch": 18,
  "best_val_loss": 0.08284336235374212,
  "best_val_metrics": {
    "mae": 0.29153678682170847,
    "rmse": 0.39496126442017415,
    "rms": 0.39496126442017415,
    "r2": 0.7739015269104318,
    "bias": -0.16137136550263442,
    "mape_pct": 201.43309120199143,
    "n_samples": 18600
  },
  "n_epochs_ran": 48,
  "stop_reason": "early_stopping",
  "model_type": "tcn",
  "loss": "huber",
  "learning_rate": 0.001,
  "dropout": 0.1
}