level,mae,rmse,rms,r2,bias,mape_pct,n_samples
window,1.1716235766664094,1.6221594602531564,1.6221594602531564,0.6588055048251252,-0.34533601569667827,75336.63476832156,141150
