{
  "fold_name": "loso_val_14",
  "val_subject_id": "14",
  "train_subject_ids": [
    "02",
    "03",
    "08",
    "09",
    "12",
    "13",
    "15",
    "16",
    "17",
    "18",
    "19",
    "20",
    "21",
    "22",
    "25",
    "27",
    "28",
    "29"
  ],
  "best_epoch": 19,
  "best_val_loss": 0.47002982795238496,
  "best_val_metrics": {
    "mae": 0.8359713552334094,
    "rmse": 0.9310152469918982,
    "rms": 0.9310152469918982,
    "r2": 0.23741509736963073,
    "bias": 0.7856486274626836,
    "mape_pct": 204.26576465032778,
    "n_samples": 20550
  },
  "n_epochs_ran": 49,
  "stop_reason": "early_stopping",
  "model_type": "tcn",
  "loss": "huber",
  "learning_rate": 0.001,
  "dropout": 0.1
}