{
  "fold_name": "loso_val_20",
  "val_subject_id": "20",
  "train_subject_ids": [
    "02",
    "03",
    "08",
    "09",
    "12",
    "13",
    "14",
    "15",
    "16",
    "17",
    "18",
    "19",
    "21",
    "22",
    "25",
    "27",
    "28",
    "29"
  ],
  "best_epoch": 16,
  "best_val_loss": 0.05370884947478771,
  "best_val_metrics": {
    "mae": 0.22372110325220945,
    "rmse": 0.3079019083174995,
    "rms": 0.3079019083174995,
    "r2": 0.8551653350845766,
    "bias": -0.01325546941863719,
    "mape_pct": 109.6391980877248,
    "n_samples": 18300
  },
  "n_epochs_ran": 46,
  "stop_reason": "early_stopping",
  "model_type": "tcn",
  "loss": "huber",
  "learning_rate": 0.001,
  "dropout": 0.1
}