{
  "fold_name": "loso_val_13",
  "val_subject_id": "13",
  "train_subject_ids": [
    "02",
    "03",
    "08",
    "09",
    "12",
    "14",
    "15",
    "16",
    "17",
    "18",
    "19",
    "20",
    "21",
    "22",
    "25",
    "27",
    "28",
    "29"
  ],
  "best_epoch": 2,
  "best_val_loss": 0.22658804804086685,
  "best_val_metrics": {
    "mae": 0.6111792185693645,
    "rmse": 0.7720511536091147,
    "rms": 0.7720511536091147,
    "r2": 0.6139973294682741,
    "bias": -0.35790326197267486,
    "mape_pct": 399.1244219265373,
    "n_samples": 3900
  },
  "n_epochs_ran": 32,
  "stop_reason": "early_stopping",
  "model_type": "tcn",
  "loss": "huber",
  "learning_rate": 0.0005,
  "dropout": 0.2
}