{
  "fold_name": "loso_val_28",
  "val_subject_id": "28",
  "train_subject_ids": [
    "02",
    "03",
    "08",
    "09",
    "12",
    "13",
    "14",
    "15",
    "16",
    "17",
    "18",
    "19",
    "20",
    "21",
    "22",
    "25",
    "27",
    "29"
  ],
  "best_epoch": 13,
  "best_val_loss": 0.1321025863289833,
  "best_val_metrics": {
    "mae": 0.27832142103638513,
    "rmse": 0.3496064182482333,
    "rms": 0.3496064182482333,
    "r2": 0.8605316420064273,
    "bias": -0.020764760189547305,
    "mape_pct": 78.45699749935106,
    "n_samples": 18150
  },
  "n_epochs_ran": 43,
  "stop_reason": "early_stopping",
  "model_type": "tcn",
  "loss": "mse",
  "learning_rate": 0.001,
  "dropout": 0.1
}