{
  "fold_name": "loso_val_08",
  "val_subject_id": "08",
  "train_subject_ids": [
    "02",
    "03",
    "09",
    "12",
    "13",
    "14",
    "15",
    "16",
    "17",
    "18",
    "19",
    "20",
    "21",
    "22",
    "25",
    "27",
    "28",
    "29"
  ],
  "best_epoch": 21,
  "best_val_loss": 0.08819868415594101,
  "best_val_metrics": {
    "mae": 0.3406346972967083,
    "rmse": 0.4124895140504099,
    "rms": 0.4124895140504099,
    "r2": 0.8063988254789598,
    "bias": -0.25994611283005387,
    "mape_pct": 119.66624047839414,
    "n_samples": 5400
  },
  "n_epochs_ran": 51,
  "stop_reason": "early_stopping",
  "model_type": "tcn",
  "loss": "huber",
  "learning_rate": 0.0005,
  "dropout": 0.2
}