{
  "fold_name": "loso_val_22",
  "val_subject_id": "22",
  "train_subject_ids": [
    "02",
    "03",
    "08",
    "09",
    "12",
    "13",
    "14",
    "15",
    "16",
    "17",
    "18",
    "19",
    "20",
    "21",
    "25",
    "27",
    "28",
    "29"
  ],
  "best_epoch": 13,
  "best_val_loss": 0.04157381132245064,
  "best_val_metrics": {
    "mae": 0.22159897094313952,
    "rmse": 0.27991796776800065,
    "rms": 0.27991796776800065,
    "r2": 0.8481150257294152,
    "bias": -0.15677847525312236,
    "mape_pct": 644.8809091273971,
    "n_samples": 18450
  },
  "n_epochs_ran": 43,
  "stop_reason": "early_stopping",
  "model_type": "tcn",
  "loss": "huber",
  "learning_rate": 0.001,
  "dropout": 0.1
}