{
  "fold_name": "loso_val_02",
  "val_subject_id": "02",
  "train_subject_ids": [
    "03",
    "08",
    "09",
    "12",
    "13",
    "14",
    "15",
    "16",
    "17",
    "18",
    "19",
    "20",
    "21",
    "22",
    "25",
    "27",
    "28",
    "29"
  ],
  "best_epoch": 41,
  "best_val_loss": 0.08383097127079964,
  "best_val_metrics": {
    "mae": 0.3129325842073206,
    "rmse": 0.3996774246552459,
    "rms": 0.3996774246552459,
    "r2": 0.7419639427127419,
    "bias": 0.21939290462237637,
    "mape_pct": 131.81517950716554,
    "n_samples": 11160
  },
  "n_epochs_ran": 71,
  "stop_reason": "early_stopping",
  "model_type": "tcn",
  "loss": "huber",
  "learning_rate": 0.0005,
  "dropout": 0.1
}