{
  "fold_name": "loso_val_03",
  "val_subject_id": "03",
  "train_subject_ids": [
    "02",
    "08",
    "09",
    "12",
    "13",
    "14",
    "15",
    "16",
    "17",
    "18",
    "19",
    "20",
    "21",
    "22",
    "25",
    "27",
    "28",
    "29"
  ],
  "best_epoch": 43,
  "best_val_loss": 0.06689265370368958,
  "best_val_metrics": {
    "mae": 0.27199991910225424,
    "rmse": 0.35757975218284516,
    "rms": 0.35757975218284516,
    "r2": 0.8954848913905564,
    "bias": -0.06433253643817549,
    "mape_pct": 51.71351974875134,
    "n_samples": 14160
  },
  "n_epochs_ran": 73,
  "stop_reason": "early_stopping",
  "model_type": "tcn",
  "loss": "huber",
  "learning_rate": 0.001,
  "dropout": 0.1
}