{
  "fold_name": "loso_val_08",
  "val_subject_id": "08",
  "train_subject_ids": [
    "02",
    "03",
    "09",
    "12",
    "13",
    "14",
    "15",
    "16",
    "17",
    "18",
    "19",
    "20",
    "21",
    "22",
    "25",
    "27",
    "28",
    "29"
  ],
  "best_epoch": 41,
  "best_val_loss": 0.08565375208854675,
  "best_val_metrics": {
    "mae": 0.3212548536387342,
    "rmse": 0.4130567945128623,
    "rms": 0.4130567945128623,
    "r2": 0.8076394123521395,
    "bias": -0.17560273142755722,
    "mape_pct": 121.48265848005104,
    "n_samples": 5400
  },
  "n_epochs_ran": 71,
  "stop_reason": "early_stopping",
  "model_type": "cnn1d",
  "loss": "huber",
  "learning_rate": 0.0005,
  "dropout": 0.1
}