{
  "fold_name": "loso_val_12",
  "val_subject_id": "12",
  "train_subject_ids": [
    "02",
    "03",
    "08",
    "09",
    "13",
    "14",
    "15",
    "16",
    "17",
    "18",
    "19",
    "20",
    "21",
    "22",
    "25",
    "27",
    "28",
    "29"
  ],
  "best_epoch": 1,
  "best_val_loss": 0.15370271354913712,
  "best_val_metrics": {
    "mae": 0.44672362457021436,
    "rmse": 0.560182972510754,
    "rms": 0.560182972510754,
    "r2": 0.2942714520216996,
    "bias": -0.07454915186847857,
    "mape_pct": 582.3952991743747,
    "n_samples": 18000
  },
  "n_epochs_ran": 31,
  "stop_reason": "early_stopping",
  "model_type": "tcn",
  "loss": "huber",
  "learning_rate": 0.001,
  "dropout": 0.1
}