{
  "fold_name": "loso_val_13",
  "val_subject_id": "13",
  "train_subject_ids": [
    "02",
    "03",
    "08",
    "09",
    "12",
    "14",
    "15",
    "16",
    "17",
    "18",
    "19",
    "20",
    "21",
    "22",
    "25",
    "27",
    "28",
    "29"
  ],
  "best_epoch": 5,
  "best_val_loss": 0.25937992334365845,
  "best_val_metrics": {
    "mae": 0.5894249305015669,
    "rmse": 0.7302846467193898,
    "rms": 0.7302846467193898,
    "r2": 0.656614791322423,
    "bias": -0.41625226714040764,
    "mape_pct": 378.4354114345401,
    "n_samples": 3840
  },
  "n_epochs_ran": 35,
  "stop_reason": "early_stopping",
  "model_type": "tcn",
  "loss": "huber",
  "learning_rate": 0.001,
  "dropout": 0.2
}