{
  "fold_name": "loso_val_02",
  "val_subject_id": "02",
  "train_subject_ids": [
    "03",
    "08",
    "09",
    "12",
    "13",
    "14",
    "15",
    "16",
    "17",
    "18",
    "19",
    "20",
    "21",
    "22",
    "25",
    "27",
    "28",
    "29"
  ],
  "best_epoch": 12,
  "best_val_loss": 0.1829659901559353,
  "best_val_metrics": {
    "mae": 0.34404653431928994,
    "rmse": 0.4158458862919093,
    "rms": 0.4158458862919093,
    "r2": 0.7265583453057358,
    "bias": 0.27167064851241696,
    "mape_pct": 143.93706172129276,
    "n_samples": 18900
  },
  "n_epochs_ran": 42,
  "stop_reason": "early_stopping",
  "model_type": "tcn",
  "loss": "mse",
  "learning_rate": 0.001,
  "dropout": 0.1
}