{
  "fold_name": "loso_val_02",
  "val_subject_id": "02",
  "train_subject_ids": [
    "03",
    "08",
    "09",
    "12",
    "13",
    "14",
    "15",
    "16",
    "17",
    "18",
    "19",
    "20",
    "21",
    "22",
    "25",
    "27",
    "28",
    "29"
  ],
  "best_epoch": 85,
  "best_val_loss": 0.0728322733193636,
  "best_val_metrics": {
    "mae": 0.3179786407762393,
    "rmse": 0.408985188687942,
    "rms": 0.408985188687942,
    "r2": 0.7111656806924205,
    "bias": 0.22356004921952852,
    "mape_pct": 130.8515039157769,
    "n_samples": 1980
  },
  "n_epochs_ran": 115,
  "stop_reason": "early_stopping",
  "model_type": "tcn",
  "loss": "huber",
  "learning_rate": 0.0005,
  "dropout": 0.1
}