{
  "fold_name": "loso_val_02",
  "val_subject_id": "02",
  "train_subject_ids": [
    "03",
    "08",
    "09",
    "12",
    "13",
    "14",
    "15",
    "16",
    "17",
    "18",
    "19",
    "20",
    "21",
    "22",
    "25",
    "27",
    "28",
    "29"
  ],
  "best_epoch": 30,
  "best_val_loss": 0.18262062221765518,
  "best_val_metrics": {
    "mae": 0.339538380502749,
    "rmse": 0.41415645238100984,
    "rms": 0.41415645238100984,
    "r2": 0.727477502289287,
    "bias": 0.2969205973461263,
    "mape_pct": 159.41416220888001,
    "n_samples": 18900
  },
  "n_epochs_ran": 60,
  "stop_reason": "early_stopping",
  "model_type": "tcn",
  "loss": "mse",
  "learning_rate": 0.001,
  "dropout": 0.1
}