{
  "fold_name": "loso_val_09",
  "val_subject_id": "09",
  "train_subject_ids": [
    "02",
    "03",
    "08",
    "12",
    "13",
    "14",
    "15",
    "16",
    "17",
    "18",
    "19",
    "20",
    "21",
    "22",
    "25",
    "27",
    "28",
    "29"
  ],
  "best_epoch": 1,
  "best_val_loss": 0.13151206821203232,
  "best_val_metrics": {
    "mae": 0.42463576231301503,
    "rmse": 0.5070581845403782,
    "rms": 0.5070581845403782,
    "r2": 0.6264061099443916,
    "bias": 0.34798813372894766,
    "mape_pct": 194.69507340704274,
    "n_samples": 7560
  },
  "n_epochs_ran": 31,
  "stop_reason": "early_stopping",
  "model_type": "cnn1d",
  "loss": "huber",
  "learning_rate": 0.001,
  "dropout": 0.2
}