{
  "fold_name": "loso_val_12",
  "val_subject_id": "12",
  "train_subject_ids": [
    "02",
    "03",
    "08",
    "09",
    "13",
    "14",
    "15",
    "16",
    "17",
    "18",
    "19",
    "20",
    "21",
    "22",
    "25",
    "27",
    "28",
    "29"
  ],
  "best_epoch": 40,
  "best_val_loss": 0.07653442025184631,
  "best_val_metrics": {
    "mae": 0.30412132657873037,
    "rmse": 0.38836476083612587,
    "rms": 0.38836476083612587,
    "r2": 0.6591136076381328,
    "bias": -0.06605017536369916,
    "mape_pct": 353.1632693397176,
    "n_samples": 5400
  },
  "n_epochs_ran": 70,
  "stop_reason": "early_stopping",
  "model_type": "cnn1d",
  "loss": "huber",
  "learning_rate": 0.0005,
  "dropout": 0.1
}