{
  "fold_name": "loso_val_09",
  "val_subject_id": "09",
  "train_subject_ids": [
    "02",
    "03",
    "08",
    "12",
    "13",
    "14",
    "15",
    "16",
    "17",
    "18",
    "19",
    "20",
    "21",
    "22",
    "25",
    "27",
    "28",
    "29"
  ],
  "best_epoch": 1,
  "best_val_loss": 0.10984910279512405,
  "best_val_metrics": {
    "mae": 0.3682098976691716,
    "rmse": 0.4680587350540029,
    "rms": 0.4680587350540029,
    "r2": 0.6833603926606869,
    "bias": -0.012763106124329557,
    "mape_pct": 147.14824108371567,
    "n_samples": 5580
  },
  "n_epochs_ran": 31,
  "stop_reason": "early_stopping",
  "model_type": "cnn1d",
  "loss": "huber",
  "learning_rate": 0.0005,
  "dropout": 0.2
}