{
  "fold_name": "loso_val_13",
  "val_subject_id": "13",
  "train_subject_ids": [
    "02",
    "03",
    "08",
    "09",
    "12",
    "14",
    "15",
    "16",
    "17",
    "18",
    "19",
    "20",
    "21",
    "22",
    "25",
    "27",
    "28",
    "29"
  ],
  "best_epoch": 7,
  "best_val_loss": 0.20462877303361893,
  "best_val_metrics": {
    "mae": 0.4939967474815012,
    "rmse": 0.6357653939049367,
    "rms": 0.6357653939049367,
    "r2": 0.7404551057483686,
    "bias": -0.3970518791968349,
    "mape_pct": 199.36951969824287,
    "n_samples": 14160
  },
  "n_epochs_ran": 37,
  "stop_reason": "early_stopping",
  "model_type": "cnn1d",
  "loss": "huber",
  "learning_rate": 0.001,
  "dropout": 0.1
}