{
  "fold_name": "loso_val_12",
  "val_subject_id": "12",
  "train_subject_ids": [
    "02",
    "03",
    "08",
    "09",
    "13",
    "14",
    "15",
    "16",
    "17",
    "18",
    "19",
    "20",
    "21",
    "22",
    "25",
    "27",
    "28",
    "29"
  ],
  "best_epoch": 1,
  "best_val_loss": 0.13753445446491241,
  "best_val_metrics": {
    "mae": 0.4276073833981324,
    "rmse": 0.5158729414793543,
    "rms": 0.5158729414793543,
    "r2": 0.3916951884509646,
    "bias": 0.21202029874167844,
    "mape_pct": 168.9070324736887,
    "n_samples": 1920
  },
  "n_epochs_ran": 31,
  "stop_reason": "early_stopping",
  "model_type": "tcn",
  "loss": "huber",
  "learning_rate": 0.0005,
  "dropout": 0.1
}