{
  "fold_name": "loso_val_29",
  "val_subject_id": "29",
  "train_subject_ids": [
    "02",
    "03",
    "08",
    "09",
    "12",
    "13",
    "14",
    "15",
    "16",
    "17",
    "18",
    "19",
    "20",
    "21",
    "22",
    "25",
    "27",
    "28"
  ],
  "best_epoch": 29,
  "best_val_loss": 0.03835226548835635,
  "best_val_metrics": {
    "mae": 0.19333361997766788,
    "rmse": 0.2686431638639472,
    "rms": 0.2686431638639472,
    "r2": 0.8963616502692532,
    "bias": 0.08317272915203056,
    "mape_pct": 69.72463782117545,
    "n_samples": 18900
  },
  "n_epochs_ran": 59,
  "stop_reason": "early_stopping",
  "model_type": "tcn",
  "loss": "huber",
  "learning_rate": 0.001,
  "dropout": 0.1
}