{
  "fold_name": "loso_val_09",
  "val_subject_id": "09",
  "train_subject_ids": [
    "02",
    "03",
    "08",
    "12",
    "13",
    "14",
    "15",
    "16",
    "17",
    "18",
    "19",
    "20",
    "21",
    "22",
    "25",
    "27",
    "28",
    "29"
  ],
  "best_epoch": 28,
  "best_val_loss": 0.1108909510076046,
  "best_val_metrics": {
    "mae": 0.3925122961501416,
    "rmse": 0.45638389549979597,
    "rms": 0.45638389549979597,
    "r2": 0.6884325547914315,
    "bias": 0.36145917510332926,
    "mape_pct": 162.95495995602022,
    "n_samples": 7560
  },
  "n_epochs_ran": 58,
  "stop_reason": "early_stopping",
  "model_type": "cnn1d",
  "loss": "huber",
  "learning_rate": 0.001,
  "dropout": 0.1
}