{
  "fold_name": "loso_val_13",
  "val_subject_id": "13",
  "train_subject_ids": [
    "02",
    "03",
    "08",
    "09",
    "12",
    "14",
    "15",
    "16",
    "17",
    "18",
    "19",
    "20",
    "21",
    "22",
    "25",
    "27",
    "28",
    "29"
  ],
  "best_epoch": 10,
  "best_val_loss": 0.5697158426046371,
  "best_val_metrics": {
    "mae": 0.5744941657844567,
    "rmse": 0.7323571395652534,
    "rms": 0.7323571395652534,
    "r2": 0.6523178065827816,
    "bias": -0.49385913685128163,
    "mape_pct": 281.8856274437469,
    "n_samples": 18600
  },
  "n_epochs_ran": 40,
  "stop_reason": "early_stopping",
  "model_type": "tcn",
  "loss": "mse",
  "learning_rate": 0.001,
  "dropout": 0.1
}