{
  "fold_name": "loso_val_03",
  "val_subject_id": "03",
  "train_subject_ids": [
    "02",
    "08",
    "09",
    "12",
    "13",
    "14",
    "15",
    "16",
    "17",
    "18",
    "19",
    "20",
    "21",
    "22",
    "25",
    "27",
    "28",
    "29"
  ],
  "best_epoch": 93,
  "best_val_loss": 0.08412445336580276,
  "best_val_metrics": {
    "mae": 0.31142052493163247,
    "rmse": 0.4059755142212501,
    "rms": 0.4059755142212501,
    "r2": 0.8654172815606084,
    "bias": -0.08874046767364942,
    "mape_pct": 54.07645790291782,
    "n_samples": 7200
  },
  "n_epochs_ran": 123,
  "stop_reason": "early_stopping",
  "model_type": "tcn",
  "loss": "huber",
  "learning_rate": 0.0005,
  "dropout": 0.2
}