{
  "fold_name": "loso_val_09",
  "val_subject_id": "09",
  "train_subject_ids": [
    "02",
    "03",
    "08",
    "12",
    "13",
    "14",
    "15",
    "16",
    "17",
    "18",
    "19",
    "20",
    "21",
    "22",
    "25",
    "27",
    "28",
    "29"
  ],
  "best_epoch": 7,
  "best_val_loss": 0.13692301139235497,
  "best_val_metrics": {
    "mae": 0.4420199078992943,
    "rmse": 0.5131361247003996,
    "rms": 0.5131361247003996,
    "r2": 0.6152680448825327,
    "bias": 0.3970951463285263,
    "mape_pct": 196.83115693817018,
    "n_samples": 18450
  },
  "n_epochs_ran": 37,
  "stop_reason": "early_stopping",
  "model_type": "tcn",
  "loss": "huber",
  "learning_rate": 0.001,
  "dropout": 0.1
}