{
  "fold_name": "loso_val_13",
  "val_subject_id": "13",
  "train_subject_ids": [
    "02",
    "03",
    "08",
    "09",
    "12",
    "14",
    "15",
    "16",
    "17",
    "18",
    "19",
    "20",
    "21",
    "22",
    "25",
    "27",
    "28",
    "29"
  ],
  "best_epoch": 56,
  "best_val_loss": 0.3380959928035736,
  "best_val_metrics": {
    "mae": 0.6663569730770355,
    "rmse": 0.8512718591075046,
    "rms": 0.8512718591075046,
    "r2": 0.538547907146229,
    "bias": -0.6000402017095123,
    "mape_pct": 184.56306613137673,
    "n_samples": 5580
  },
  "n_epochs_ran": 86,
  "stop_reason": "early_stopping",
  "model_type": "cnn1d",
  "loss": "huber",
  "learning_rate": 0.0005,
  "dropout": 0.1
}