{
  "fold_name": "loso_val_14",
  "val_subject_id": "14",
  "train_subject_ids": [
    "02",
    "03",
    "08",
    "09",
    "12",
    "13",
    "15",
    "16",
    "17",
    "18",
    "19",
    "20",
    "21",
    "22",
    "25",
    "27",
    "28",
    "29"
  ],
  "best_epoch": 17,
  "best_val_loss": 0.5970132847627004,
  "best_val_metrics": {
    "mae": 0.9365935817745694,
    "rmse": 1.0492293235253756,
    "rms": 1.0492293235253756,
    "r2": 0.05872573329362518,
    "bias": 0.9034466375746145,
    "mape_pct": 230.6679377736567,
    "n_samples": 12240
  },
  "n_epochs_ran": 47,
  "stop_reason": "early_stopping",
  "model_type": "tcn",
  "loss": "huber",
  "learning_rate": 0.001,
  "dropout": 0.1
}