{
  "fold_name": "loso_val_08",
  "val_subject_id": "08",
  "train_subject_ids": [
    "02",
    "03",
    "09",
    "12",
    "13",
    "14",
    "15",
    "16",
    "17",
    "18",
    "19",
    "20",
    "21",
    "22",
    "25",
    "27",
    "28",
    "29"
  ],
  "best_epoch": 21,
  "best_val_loss": 0.09241709485650063,
  "best_val_metrics": {
    "mae": 0.35384272566573977,
    "rmse": 0.42004339483070674,
    "rms": 0.42004339483070674,
    "r2": 0.7957751372406301,
    "bias": -0.2771520410374635,
    "mape_pct": 137.4957789303782,
    "n_samples": 10800
  },
  "n_epochs_ran": 51,
  "stop_reason": "early_stopping",
  "model_type": "tcn",
  "loss": "huber",
  "learning_rate": 0.0005,
  "dropout": 0.2
}