{
  "fold_name": "loso_val_19",
  "val_subject_id": "19",
  "train_subject_ids": [
    "02",
    "03",
    "08",
    "09",
    "12",
    "13",
    "14",
    "15",
    "16",
    "17",
    "18",
    "20",
    "21",
    "22",
    "25",
    "27",
    "28",
    "29"
  ],
  "best_epoch": 47,
  "best_val_loss": 0.30253930886586505,
  "best_val_metrics": {
    "mae": 0.6114571011127818,
    "rmse": 0.7481422064576634,
    "rms": 0.7481422064576634,
    "r2": 0.4213998766164122,
    "bias": 0.046862935528718876,
    "mape_pct": 104.45313518226469,
    "n_samples": 3960
  },
  "n_epochs_ran": 77,
  "stop_reason": "early_stopping",
  "model_type": "tcn",
  "loss": "huber",
  "learning_rate": 0.0005,
  "dropout": 0.1
}