{
  "fold_name": "loso_val_12",
  "val_subject_id": "12",
  "train_subject_ids": [
    "02",
    "03",
    "08",
    "09",
    "13",
    "14",
    "15",
    "16",
    "17",
    "18",
    "19",
    "20",
    "21",
    "22",
    "25",
    "27",
    "28",
    "29"
  ],
  "best_epoch": 25,
  "best_val_loss": 0.06319349259138107,
  "best_val_metrics": {
    "mae": 0.2755915311149663,
    "rmse": 0.3522912374647671,
    "rms": 0.3522912374647671,
    "r2": 0.7187177095180497,
    "bias": -0.09713439212622864,
    "mape_pct": 252.65599517439546,
    "n_samples": 3720
  },
  "n_epochs_ran": 55,
  "stop_reason": "early_stopping",
  "model_type": "cnn1d",
  "loss": "huber",
  "learning_rate": 0.001,
  "dropout": 0.2
}