{
  "fold_name": "loso_val_15",
  "val_subject_id": "15",
  "train_subject_ids": [
    "02",
    "03",
    "08",
    "09",
    "12",
    "13",
    "14",
    "16",
    "17",
    "18",
    "19",
    "20",
    "21",
    "22",
    "25",
    "27",
    "28",
    "29"
  ],
  "best_epoch": 16,
  "best_val_loss": 0.6157946884632111,
  "best_val_metrics": {
    "mae": 0.962406613168121,
    "rmse": 1.314493994066813,
    "rms": 1.314493994066813,
    "r2": -0.12572621310359078,
    "bias": -0.6871066129178602,
    "mape_pct": 112.53908997203138,
    "n_samples": 14640
  },
  "n_epochs_ran": 46,
  "stop_reason": "early_stopping",
  "model_type": "tcn",
  "loss": "huber",
  "learning_rate": 0.0005,
  "dropout": 0.1
}