{
  "fold_name": "loso_val_29",
  "val_subject_id": "29",
  "train_subject_ids": [
    "02",
    "03",
    "08",
    "09",
    "12",
    "13",
    "14",
    "15",
    "16",
    "17",
    "18",
    "19",
    "20",
    "21",
    "22",
    "25",
    "27",
    "28"
  ],
  "best_epoch": 13,
  "best_val_loss": 0.0897764265537262,
  "best_val_metrics": {
    "mae": 0.21662764203324475,
    "rmse": 0.288908515499988,
    "rms": 0.288908515499988,
    "r2": 0.8804755887762065,
    "bias": 0.05524590321918752,
    "mape_pct": 86.80093226061678,
    "n_samples": 18900
  },
  "n_epochs_ran": 43,
  "stop_reason": "early_stopping",
  "model_type": "tcn",
  "loss": "mse",
  "learning_rate": 0.001,
  "dropout": 0.1
}