{
  "fold_name": "loso_val_14",
  "val_subject_id": "14",
  "train_subject_ids": [
    "02",
    "03",
    "08",
    "09",
    "12",
    "13",
    "15",
    "16",
    "17",
    "18",
    "19",
    "20",
    "21",
    "22",
    "25",
    "27",
    "28",
    "29"
  ],
  "best_epoch": 49,
  "best_val_loss": 0.7288757761319479,
  "best_val_metrics": {
    "mae": 1.0680937344927586,
    "rmse": 1.1983838594183143,
    "rms": 1.1983838594183143,
    "r2": -0.20325264596151782,
    "bias": 1.0274466560657625,
    "mape_pct": 286.13814940395434,
    "n_samples": 12240
  },
  "n_epochs_ran": 79,
  "stop_reason": "early_stopping",
  "model_type": "cnn1d",
  "loss": "huber",
  "learning_rate": 0.0005,
  "dropout": 0.1
}