{
  "fold_name": "loso_val_12",
  "val_subject_id": "12",
  "train_subject_ids": [
    "02",
    "03",
    "08",
    "09",
    "13",
    "14",
    "15",
    "16",
    "17",
    "18",
    "19",
    "20",
    "21",
    "22",
    "25",
    "27",
    "28",
    "29"
  ],
  "best_epoch": 41,
  "best_val_loss": 0.11558634415268898,
  "best_val_metrics": {
    "mae": 0.38250125966179704,
    "rmse": 0.4810585224060142,
    "rms": 0.4810585224060142,
    "r2": 0.48077533889775603,
    "bias": -0.04724205854651195,
    "mape_pct": 455.6987510411669,
    "n_samples": 18000
  },
  "n_epochs_ran": 71,
  "stop_reason": "early_stopping",
  "model_type": "tcn",
  "loss": "huber",
  "learning_rate": 0.001,
  "dropout": 0.1
}