{
  "fold_name": "loso_val_12",
  "val_subject_id": "12",
  "train_subject_ids": [
    "02",
    "03",
    "08",
    "09",
    "13",
    "14",
    "15",
    "16",
    "17",
    "18",
    "19",
    "20",
    "21",
    "22",
    "25",
    "27",
    "28",
    "29"
  ],
  "best_epoch": 33,
  "best_val_loss": 0.04432210512459278,
  "best_val_metrics": {
    "mae": 0.23241552307267513,
    "rmse": 0.29559782363651127,
    "rms": 0.29559782363651127,
    "r2": 0.8024784248778141,
    "bias": -0.032057577014025763,
    "mape_pct": 205.12653369383696,
    "n_samples": 10620
  },
  "n_epochs_ran": 63,
  "stop_reason": "early_stopping",
  "model_type": "cnn1d",
  "loss": "huber",
  "learning_rate": 0.001,
  "dropout": 0.2
}