{
  "fold_name": "loso_val_18",
  "val_subject_id": "18",
  "train_subject_ids": [
    "02",
    "03",
    "08",
    "09",
    "12",
    "13",
    "14",
    "15",
    "16",
    "17",
    "19",
    "20",
    "21",
    "22",
    "25",
    "27",
    "28",
    "29"
  ],
  "best_epoch": 5,
  "best_val_loss": 0.2558201290667057,
  "best_val_metrics": {
    "mae": 0.38099429728866097,
    "rmse": 0.48292508595492256,
    "rms": 0.48292508595492256,
    "r2": 0.5602601343830346,
    "bias": 0.3361275066862514,
    "mape_pct": 193.33738240138166,
    "n_samples": 18150
  },
  "n_epochs_ran": 35,
  "stop_reason": "early_stopping",
  "model_type": "tcn",
  "loss": "mse",
  "learning_rate": 0.001,
  "dropout": 0.1
}