{
  "fold_name": "loso_val_16",
  "val_subject_id": "16",
  "train_subject_ids": [
    "02",
    "03",
    "08",
    "09",
    "12",
    "13",
    "14",
    "15",
    "17",
    "18",
    "19",
    "20",
    "21",
    "22",
    "25",
    "27",
    "28",
    "29"
  ],
  "best_epoch": 1,
  "best_val_loss": 0.07661943137645721,
  "best_val_metrics": {
    "mae": 0.3030423867752181,
    "rmse": 0.3791948117164663,
    "rms": 0.3791948117164663,
    "r2": 0.6993654255508968,
    "bias": 0.12014325768059428,
    "mape_pct": 94.25112861295526,
    "n_samples": 17850
  },
  "n_epochs_ran": 31,
  "stop_reason": "early_stopping",
  "model_type": "tcn",
  "loss": "huber",
  "learning_rate": 0.001,
  "dropout": 0.1
}