{
  "fold_name": "loso_val_02",
  "val_subject_id": "02",
  "train_subject_ids": [
    "03",
    "08",
    "09",
    "12",
    "13",
    "14",
    "15",
    "16",
    "17",
    "18",
    "19",
    "20",
    "21",
    "22",
    "25",
    "27",
    "28",
    "29"
  ],
  "best_epoch": 38,
  "best_val_loss": 0.09780789352953434,
  "best_val_metrics": {
    "mae": 0.35356437160995696,
    "rmse": 0.4355294686263338,
    "rms": 0.4355294686263338,
    "r2": 0.7019851283260111,
    "bias": 0.3197409298692069,
    "mape_pct": 181.16308768652365,
    "n_samples": 18900
  },
  "n_epochs_ran": 68,
  "stop_reason": "early_stopping",
  "model_type": "tcn",
  "loss": "huber",
  "learning_rate": 0.001,
  "dropout": 0.1
}