{
  "fold_name": "loso_val_13",
  "val_subject_id": "13",
  "train_subject_ids": [
    "02",
    "03",
    "08",
    "09",
    "12",
    "14",
    "15",
    "16",
    "17",
    "18",
    "19",
    "20",
    "21",
    "22",
    "25",
    "27",
    "28",
    "29"
  ],
  "best_epoch": 30,
  "best_val_loss": 0.24145521223545074,
  "best_val_metrics": {
    "mae": 0.5331223741579396,
    "rmse": 0.7000723187051389,
    "rms": 0.7000723187051389,
    "r2": 0.6883878398443661,
    "bias": -0.4520194755335939,
    "mape_pct": 186.13323843523514,
    "n_samples": 10980
  },
  "n_epochs_ran": 60,
  "stop_reason": "early_stopping",
  "model_type": "cnn1d",
  "loss": "huber",
  "learning_rate": 0.001,
  "dropout": 0.2
}