{
  "fold_name": "loso_val_12",
  "val_subject_id": "12",
  "train_subject_ids": [
    "02",
    "03",
    "08",
    "09",
    "13",
    "14",
    "15",
    "16",
    "17",
    "18",
    "19",
    "20",
    "21",
    "22",
    "25",
    "27",
    "28",
    "29"
  ],
  "best_epoch": 3,
  "best_val_loss": 0.3330913186073303,
  "best_val_metrics": {
    "mae": 0.4713651383512155,
    "rmse": 0.5755294085502217,
    "rms": 0.5755294085502217,
    "r2": 0.25838931632541673,
    "bias": -0.1660180561044997,
    "mape_pct": 613.3915903378256,
    "n_samples": 18000
  },
  "n_epochs_ran": 33,
  "stop_reason": "early_stopping",
  "model_type": "tcn",
  "loss": "mse",
  "learning_rate": 0.001,
  "dropout": 0.1
}