{
  "fold_name": "loso_val_12",
  "val_subject_id": "12",
  "train_subject_ids": [
    "02",
    "03",
    "08",
    "09",
    "13",
    "14",
    "15",
    "16",
    "17",
    "18",
    "19",
    "20",
    "21",
    "22",
    "25",
    "27",
    "28",
    "29"
  ],
  "best_epoch": 51,
  "best_val_loss": 0.11273178830742836,
  "best_val_metrics": {
    "mae": 0.37779693965230643,
    "rmse": 0.47511290410190055,
    "rms": 0.47511290410190055,
    "r2": 0.49387226209290114,
    "bias": -0.10598813532978077,
    "mape_pct": 522.4830818431038,
    "n_samples": 18000
  },
  "n_epochs_ran": 81,
  "stop_reason": "early_stopping",
  "model_type": "tcn",
  "loss": "huber",
  "learning_rate": 0.001,
  "dropout": 0.1
}