{
  "fold_name": "loso_val_28",
  "val_subject_id": "28",
  "train_subject_ids": [
    "02",
    "03",
    "08",
    "09",
    "12",
    "13",
    "14",
    "15",
    "16",
    "17",
    "18",
    "19",
    "20",
    "21",
    "22",
    "25",
    "27",
    "29"
  ],
  "best_epoch": 21,
  "best_val_loss": 0.12478283792734146,
  "best_val_metrics": {
    "mae": 0.25698599575791053,
    "rmse": 0.3348769331684503,
    "rms": 0.3348769331684503,
    "r2": 0.8682624142551618,
    "bias": 0.05869642732416718,
    "mape_pct": 105.13151758910672,
    "n_samples": 18150
  },
  "n_epochs_ran": 51,
  "stop_reason": "early_stopping",
  "model_type": "tcn",
  "loss": "mse",
  "learning_rate": 0.001,
  "dropout": 0.1
}