{
  "fold_name": "loso_val_13",
  "val_subject_id": "13",
  "train_subject_ids": [
    "02",
    "03",
    "08",
    "09",
    "12",
    "14",
    "15",
    "16",
    "17",
    "18",
    "19",
    "20",
    "21",
    "22",
    "25",
    "27",
    "28",
    "29"
  ],
  "best_epoch": 8,
  "best_val_loss": 0.5294289123266935,
  "best_val_metrics": {
    "mae": 0.5498273846616603,
    "rmse": 0.7071577080766783,
    "rms": 0.7071577080766783,
    "r2": 0.6752913219307535,
    "bias": -0.448440715747933,
    "mape_pct": 246.05541197813915,
    "n_samples": 18600
  },
  "n_epochs_ran": 38,
  "stop_reason": "early_stopping",
  "model_type": "tcn",
  "loss": "mse",
  "learning_rate": 0.001,
  "dropout": 0.1
}