{
  "fold_name": "loso_val_13",
  "val_subject_id": "13",
  "train_subject_ids": [
    "02",
    "03",
    "08",
    "09",
    "12",
    "14",
    "15",
    "16",
    "17",
    "18",
    "19",
    "20",
    "21",
    "22",
    "25",
    "27",
    "28",
    "29"
  ],
  "best_epoch": 3,
  "best_val_loss": 0.3110191871722539,
  "best_val_metrics": {
    "mae": 0.6614353952418941,
    "rmse": 0.8237656576919727,
    "rms": 0.8237656576919727,
    "r2": 0.5225411725853479,
    "bias": -0.18473416509005264,
    "mape_pct": 355.5450407383744,
    "n_samples": 3900
  },
  "n_epochs_ran": 33,
  "stop_reason": "early_stopping",
  "model_type": "cnn1d",
  "loss": "huber",
  "learning_rate": 0.0005,
  "dropout": 0.2
}