{
  "fold_name": "loso_val_09",
  "val_subject_id": "09",
  "train_subject_ids": [
    "02",
    "03",
    "08",
    "12",
    "13",
    "14",
    "15",
    "16",
    "17",
    "18",
    "19",
    "20",
    "21",
    "22",
    "25",
    "27",
    "28",
    "29"
  ],
  "best_epoch": 1,
  "best_val_loss": 0.43651412427425385,
  "best_val_metrics": {
    "mae": 0.541208033809668,
    "rmse": 0.6514607341647571,
    "rms": 0.6514607341647571,
    "r2": 0.3912935353080763,
    "bias": 0.43194589397823313,
    "mape_pct": 240.63645517010568,
    "n_samples": 18450
  },
  "n_epochs_ran": 31,
  "stop_reason": "early_stopping",
  "model_type": "tcn",
  "loss": "mse",
  "learning_rate": 0.001,
  "dropout": 0.1
}