{
  "fold_name": "loso_val_21",
  "val_subject_id": "21",
  "train_subject_ids": [
    "02",
    "03",
    "08",
    "09",
    "12",
    "13",
    "14",
    "15",
    "16",
    "17",
    "18",
    "19",
    "20",
    "22",
    "25",
    "27",
    "28",
    "29"
  ],
  "best_epoch": 30,
  "best_val_loss": 0.0955103412270546,
  "best_val_metrics": {
    "mae": 0.32892102220402386,
    "rmse": 0.4264688642299744,
    "rms": 0.4264688642299744,
    "r2": 0.7448685622280335,
    "bias": -0.2109472819342984,
    "mape_pct": 232.88920003890792,
    "n_samples": 18600
  },
  "n_epochs_ran": 60,
  "stop_reason": "early_stopping",
  "model_type": "tcn",
  "loss": "huber",
  "learning_rate": 0.001,
  "dropout": 0.1
}