{
  "fold_name": "loso_val_14",
  "val_subject_id": "14",
  "train_subject_ids": [
    "02",
    "03",
    "08",
    "09",
    "12",
    "13",
    "15",
    "16",
    "17",
    "18",
    "19",
    "20",
    "21",
    "22",
    "25",
    "27",
    "28",
    "29"
  ],
  "best_epoch": 17,
  "best_val_loss": 1.4809641440709431,
  "best_val_metrics": {
    "mae": 0.9709322868065836,
    "rmse": 1.0912192473439906,
    "rms": 1.0912192473439906,
    "r2": -0.03222262995685776,
    "bias": 0.930639324601402,
    "mape_pct": 232.1192040614204,
    "n_samples": 20550
  },
  "n_epochs_ran": 47,
  "stop_reason": "early_stopping",
  "model_type": "tcn",
  "loss": "mse",
  "learning_rate": 0.001,
  "dropout": 0.1
}