{
  "fold_name": "loso_val_09",
  "val_subject_id": "09",
  "train_subject_ids": [
    "02",
    "03",
    "08",
    "12",
    "13",
    "14",
    "15",
    "16",
    "17",
    "18",
    "19",
    "20",
    "21",
    "22",
    "25",
    "27",
    "28",
    "29"
  ],
  "best_epoch": 43,
  "best_val_loss": 0.12666306644678116,
  "best_val_metrics": {
    "mae": 0.4249925673354031,
    "rmse": 0.49225385350471645,
    "rms": 0.49225385350471645,
    "r2": 0.6456376607861862,
    "bias": 0.3920211225098554,
    "mape_pct": 186.7259551954096,
    "n_samples": 10980
  },
  "n_epochs_ran": 73,
  "stop_reason": "early_stopping",
  "model_type": "cnn1d",
  "loss": "huber",
  "learning_rate": 0.0005,
  "dropout": 0.1
}