{
  "fold_name": "loso_val_09",
  "val_subject_id": "09",
  "train_subject_ids": [
    "02",
    "03",
    "08",
    "12",
    "13",
    "14",
    "15",
    "16",
    "17",
    "18",
    "19",
    "20",
    "21",
    "22",
    "25",
    "27",
    "28",
    "29"
  ],
  "best_epoch": 1,
  "best_val_loss": 0.09824053198099136,
  "best_val_metrics": {
    "mae": 0.34817945867889644,
    "rmse": 0.4390111356235822,
    "rms": 0.4390111356235822,
    "r2": 0.7212227584694495,
    "bias": 0.06586879970594357,
    "mape_pct": 141.9008652282304,
    "n_samples": 3840
  },
  "n_epochs_ran": 31,
  "stop_reason": "early_stopping",
  "model_type": "cnn1d",
  "loss": "huber",
  "learning_rate": 0.0005,
  "dropout": 0.2
}