{
  "fold_name": "loso_val_14",
  "val_subject_id": "14",
  "train_subject_ids": [
    "02",
    "03",
    "08",
    "09",
    "12",
    "13",
    "15",
    "16",
    "17",
    "18",
    "19",
    "20",
    "21",
    "22",
    "25",
    "27",
    "28",
    "29"
  ],
  "best_epoch": 26,
  "best_val_loss": 0.6024315655231476,
  "best_val_metrics": {
    "mae": 0.9229167035683687,
    "rmse": 1.0160436193711764,
    "rms": 1.0160436193711764,
    "r2": 0.11934233264192784,
    "bias": 0.8843831729811776,
    "mape_pct": 253.3528195366051,
    "n_samples": 15840
  },
  "n_epochs_ran": 56,
  "stop_reason": "early_stopping",
  "model_type": "tcn",
  "loss": "huber",
  "learning_rate": 0.0005,
  "dropout": 0.2
}