{
  "fold_name": "loso_val_19",
  "val_subject_id": "19",
  "train_subject_ids": [
    "02",
    "03",
    "08",
    "09",
    "12",
    "13",
    "14",
    "15",
    "16",
    "17",
    "18",
    "20",
    "21",
    "22",
    "25",
    "27",
    "28",
    "29"
  ],
  "best_epoch": 26,
  "best_val_loss": 0.4431967716664076,
  "best_val_metrics": {
    "mae": 0.5170789192947586,
    "rmse": 0.6444787129962136,
    "rms": 0.6444787129962136,
    "r2": 0.5854488054425813,
    "bias": 0.1507296119631815,
    "mape_pct": 99.37685256332185,
    "n_samples": 18900
  },
  "n_epochs_ran": 56,
  "stop_reason": "early_stopping",
  "model_type": "tcn",
  "loss": "mse",
  "learning_rate": 0.001,
  "dropout": 0.1
}