{
  "fold_name": "loso_val_08",
  "val_subject_id": "08",
  "train_subject_ids": [
    "02",
    "03",
    "09",
    "12",
    "13",
    "14",
    "15",
    "16",
    "17",
    "18",
    "19",
    "20",
    "21",
    "22",
    "25",
    "27",
    "28",
    "29"
  ],
  "best_epoch": 18,
  "best_val_loss": 0.0826856903731823,
  "best_val_metrics": {
    "mae": 0.32750537087176984,
    "rmse": 0.39680516457772774,
    "rms": 0.39680516457772774,
    "r2": 0.8176038824030705,
    "bias": -0.22098813793692057,
    "mape_pct": 139.9128365632831,
    "n_samples": 7440
  },
  "n_epochs_ran": 48,
  "stop_reason": "early_stopping",
  "model_type": "tcn",
  "loss": "huber",
  "learning_rate": 0.0005,
  "dropout": 0.1
}