{
  "fold_name": "loso_val_02",
  "val_subject_id": "02",
  "train_subject_ids": [
    "03",
    "08",
    "09",
    "12",
    "13",
    "14",
    "15",
    "16",
    "17",
    "18",
    "19",
    "20",
    "21",
    "22",
    "25",
    "27",
    "28",
    "29"
  ],
  "best_epoch": 17,
  "best_val_loss": 0.10067776838938396,
  "best_val_metrics": {
    "mae": 0.3456989804863097,
    "rmse": 0.4191643758164859,
    "rms": 0.4191643758164859,
    "r2": 0.6969445533983636,
    "bias": 0.2587739057099856,
    "mape_pct": 167.51071588300272,
    "n_samples": 3960
  },
  "n_epochs_ran": 47,
  "stop_reason": "early_stopping",
  "model_type": "cnn1d",
  "loss": "huber",
  "learning_rate": 0.0005,
  "dropout": 0.1
}