{
  "fold_name": "loso_val_09",
  "val_subject_id": "09",
  "train_subject_ids": [
    "02",
    "03",
    "08",
    "12",
    "13",
    "14",
    "15",
    "16",
    "17",
    "18",
    "19",
    "20",
    "21",
    "22",
    "25",
    "27",
    "28",
    "29"
  ],
  "best_epoch": 1,
  "best_val_loss": 0.15331169962882996,
  "best_val_metrics": {
    "mae": 0.4387854859397177,
    "rmse": 0.5612872409455657,
    "rms": 0.5612872409455657,
    "r2": 0.5434569908076046,
    "bias": 0.0010243503878720932,
    "mape_pct": 169.97498473649003,
    "n_samples": 7200
  },
  "n_epochs_ran": 31,
  "stop_reason": "early_stopping",
  "model_type": "cnn1d",
  "loss": "huber",
  "learning_rate": 0.0005,
  "dropout": 0.1
}