{
  "fold_name": "loso_val_18",
  "val_subject_id": "18",
  "train_subject_ids": [
    "02",
    "03",
    "08",
    "09",
    "12",
    "13",
    "14",
    "15",
    "16",
    "17",
    "19",
    "20",
    "21",
    "22",
    "25",
    "27",
    "28",
    "29"
  ],
  "best_epoch": 29,
  "best_val_loss": 0.27795347571372986,
  "best_val_metrics": {
    "mae": 0.41198092428384964,
    "rmse": 0.49816505390529087,
    "rms": 0.49816505390529087,
    "r2": 0.5304269232605912,
    "bias": 0.389595092034029,
    "mape_pct": 298.30734375635376,
    "n_samples": 18150
  },
  "n_epochs_ran": 59,
  "stop_reason": "early_stopping",
  "model_type": "tcn",
  "loss": "mse",
  "learning_rate": 0.001,
  "dropout": 0.1
}