{
  "fold_name": "loso_val_14",
  "val_subject_id": "14",
  "train_subject_ids": [
    "02",
    "03",
    "08",
    "09",
    "12",
    "13",
    "15",
    "16",
    "17",
    "18",
    "19",
    "20",
    "21",
    "22",
    "25",
    "27",
    "28",
    "29"
  ],
  "best_epoch": 3,
  "best_val_loss": 0.6788762807846069,
  "best_val_metrics": {
    "mae": 0.9557307702918748,
    "rmse": 1.0972056480884336,
    "rms": 1.0972056480884336,
    "r2": -0.0944632382433479,
    "bias": 0.7851617072850651,
    "mape_pct": 149.40445132624933,
    "n_samples": 2160
  },
  "n_epochs_ran": 33,
  "stop_reason": "early_stopping",
  "model_type": "tcn",
  "loss": "huber",
  "learning_rate": 0.001,
  "dropout": 0.1
}