val_subject_id,n_train_windows,n_val_windows,best_epoch,best_val_loss,mae,rmse,rms,r2,bias,mape_pct
02,2227,126,24,0.15514481626451015,0.30398789406978277,0.3824364641087875,0.3824364641087875,0.7681911892129712,0.2101244982805352,146.42214119049365
03,2230,123,12,0.13279868476092815,0.266996173251819,0.3512705112744826,0.3512705112744826,0.8972136616502064,-0.02046918638048032,54.941504040574074
08,2232,121,30,0.10997675079852343,0.25463248249435844,0.3271481573288749,0.3271481573288749,0.8781728459929601,-0.07237398694287318,108.8753923074646
09,2230,123,9,0.42275430634617805,0.5711410386884727,0.6304233341132612,0.6304233341132612,0.4209868312393529,0.5327339344723201,257.4927249209412
12,2233,120,33,0.3257004953920841,0.447542978447005,0.5639454838496047,0.5639454838496047,0.28826444864421674,-0.1428316418293883,619.0069171889618
13,2229,124,2,0.576510488986969,0.5737041877307654,0.7350454069593025,0.7350454069593025,0.6479047762668433,-0.4753881262697815,230.97242851392298
14,2216,137,17,1.3095052672757044,0.9885049946784946,1.0740548012209383,1.0740548012209383,-0.02248381551945755,0.9650387690283716,290.94064546153584
15,2226,127,2,1.4759542047977448,0.9044726480965032,1.1877414359431933,1.1877414359431933,0.06168368919992262,-0.6271438688547241,102.28752911592758
