{
  "fold_name": "loso_val_15",
  "val_subject_id": "15",
  "train_subject_ids": [
    "02",
    "03",
    "08",
    "09",
    "12",
    "13",
    "14",
    "16",
    "17",
    "18",
    "19",
    "20",
    "21",
    "22",
    "25",
    "27",
    "28",
    "29"
  ],
  "best_epoch": 16,
  "best_val_loss": 1.5626413226127625,
  "best_val_metrics": {
    "mae": 0.8720980318405437,
    "rmse": 1.2161058951573762,
    "rms": 1.2161058951573762,
    "r2": 0.007388367596559697,
    "bias": -0.6409985374640722,
    "mape_pct": 102.29022176321926,
    "n_samples": 19050
  },
  "n_epochs_ran": 46,
  "stop_reason": "early_stopping",
  "model_type": "tcn",
  "loss": "mse",
  "learning_rate": 0.001,
  "dropout": 0.1
}