{
  "fold_name": "loso_val_02",
  "val_subject_id": "02",
  "train_subject_ids": [
    "03",
    "08",
    "09",
    "12",
    "13",
    "14",
    "15",
    "16",
    "17",
    "18",
    "19",
    "20",
    "21",
    "22",
    "25",
    "27",
    "28",
    "29"
  ],
  "best_epoch": 26,
  "best_val_loss": 0.09712722897529602,
  "best_val_metrics": {
    "mae": 0.34717753347725494,
    "rmse": 0.4269000806684072,
    "rms": 0.4269000806684072,
    "r2": 0.7007967047017973,
    "bias": 0.30087075443713424,
    "mape_pct": 191.42795133819808,
    "n_samples": 3840
  },
  "n_epochs_ran": 56,
  "stop_reason": "early_stopping",
  "model_type": "cnn1d",
  "loss": "huber",
  "learning_rate": 0.001,
  "dropout": 0.1
}