{
  "fold_name": "loso_val_13",
  "val_subject_id": "13",
  "train_subject_ids": [
    "02",
    "03",
    "08",
    "09",
    "12",
    "14",
    "15",
    "16",
    "17",
    "18",
    "19",
    "20",
    "21",
    "22",
    "25",
    "27",
    "28",
    "29"
  ],
  "best_epoch": 15,
  "best_val_loss": 0.2623444199562073,
  "best_val_metrics": {
    "mae": 0.5705724461974568,
    "rmse": 0.7355469645358561,
    "rms": 0.7355469645358561,
    "r2": 0.6556523925346324,
    "bias": -0.43913792536856516,
    "mape_pct": 155.80326211335904,
    "n_samples": 3840
  },
  "n_epochs_ran": 45,
  "stop_reason": "early_stopping",
  "model_type": "cnn1d",
  "loss": "huber",
  "learning_rate": 0.001,
  "dropout": 0.1
}