{
  "fold_name": "loso_val_08",
  "val_subject_id": "08",
  "train_subject_ids": [
    "02",
    "03",
    "09",
    "12",
    "13",
    "14",
    "15",
    "16",
    "17",
    "18",
    "19",
    "20",
    "21",
    "22",
    "25",
    "27",
    "28",
    "29"
  ],
  "best_epoch": 79,
  "best_val_loss": 0.10451477393507957,
  "best_val_metrics": {
    "mae": 0.35218009893772734,
    "rmse": 0.446313670099307,
    "rms": 0.446313670099307,
    "r2": 0.7662634718242664,
    "bias": -0.22215342939452967,
    "mape_pct": 126.25860135229112,
    "n_samples": 3840
  },
  "n_epochs_ran": 109,
  "stop_reason": "early_stopping",
  "model_type": "cnn1d",
  "loss": "huber",
  "learning_rate": 0.0005,
  "dropout": 0.1
}