{
  "fold_name": "loso_val_13",
  "val_subject_id": "13",
  "train_subject_ids": [
    "02",
    "03",
    "08",
    "09",
    "12",
    "14",
    "15",
    "16",
    "17",
    "18",
    "19",
    "20",
    "21",
    "22",
    "25",
    "27",
    "28",
    "29"
  ],
  "best_epoch": 22,
  "best_val_loss": 0.6195241808891296,
  "best_val_metrics": {
    "mae": 0.5936090047136876,
    "rmse": 0.7630571796425116,
    "rms": 0.7630571796425116,
    "r2": 0.6208712095028139,
    "bias": -0.4846098566432208,
    "mape_pct": 244.38969917327552,
    "n_samples": 18600
  },
  "n_epochs_ran": 52,
  "stop_reason": "early_stopping",
  "model_type": "tcn",
  "loss": "mse",
  "learning_rate": 0.001,
  "dropout": 0.1
}