{
  "fold_name": "loso_val_13",
  "val_subject_id": "13",
  "train_subject_ids": [
    "02",
    "03",
    "08",
    "09",
    "12",
    "14",
    "15",
    "16",
    "17",
    "18",
    "19",
    "20",
    "21",
    "22",
    "25",
    "27",
    "28",
    "29"
  ],
  "best_epoch": 39,
  "best_val_loss": 0.2402355968952179,
  "best_val_metrics": {
    "mae": 0.5374968429701403,
    "rmse": 0.703880699520541,
    "rms": 0.703880699520541,
    "r2": 0.6812752355260069,
    "bias": -0.42049364589924354,
    "mape_pct": 263.3122790661761,
    "n_samples": 7200
  },
  "n_epochs_ran": 69,
  "stop_reason": "early_stopping",
  "model_type": "tcn",
  "loss": "huber",
  "learning_rate": 0.0005,
  "dropout": 0.1
}