{
  "fold_name": "loso_val_13",
  "val_subject_id": "13",
  "train_subject_ids": [
    "02",
    "03",
    "08",
    "09",
    "12",
    "14",
    "15",
    "16",
    "17",
    "18",
    "19",
    "20",
    "21",
    "22",
    "25",
    "27",
    "28",
    "29"
  ],
  "best_epoch": 2,
  "best_val_loss": 0.576510488986969,
  "best_val_metrics": {
    "mae": 0.5737041877307654,
    "rmse": 0.7350454069593025,
    "rms": 0.7350454069593025,
    "r2": 0.6479047762668433,
    "bias": -0.4753881262697815,
    "mape_pct": 230.97242851392298,
    "n_samples": 18600
  },
  "n_epochs_ran": 32,
  "stop_reason": "early_stopping",
  "model_type": "tcn",
  "loss": "mse",
  "learning_rate": 0.001,
  "dropout": 0.1
}