{
  "fold_name": "loso_val_03",
  "val_subject_id": "03",
  "train_subject_ids": [
    "02",
    "08",
    "09",
    "12",
    "13",
    "14",
    "15",
    "16",
    "17",
    "18",
    "19",
    "20",
    "21",
    "22",
    "25",
    "27",
    "28",
    "29"
  ],
  "best_epoch": 53,
  "best_val_loss": 0.15177328512072563,
  "best_val_metrics": {
    "mae": 0.33329336727502507,
    "rmse": 0.43616832814593676,
    "rms": 0.43616832814593676,
    "r2": 0.8290596626701083,
    "bias": -0.1295029876509686,
    "mape_pct": 86.95971378866855,
    "n_samples": 1980
  },
  "n_epochs_ran": 83,
  "stop_reason": "early_stopping",
  "model_type": "tcn",
  "loss": "huber",
  "learning_rate": 0.0005,
  "dropout": 0.2
}