{
  "fold_name": "loso_val_21",
  "val_subject_id": "21",
  "train_subject_ids": [
    "02",
    "03",
    "08",
    "09",
    "12",
    "13",
    "14",
    "15",
    "16",
    "17",
    "18",
    "19",
    "20",
    "22",
    "25",
    "27",
    "28",
    "29"
  ],
  "best_epoch": 50,
  "best_val_loss": 0.10898887366056442,
  "best_val_metrics": {
    "mae": 0.3964823408032922,
    "rmse": 0.48249403834433136,
    "rms": 0.48249403834433136,
    "r2": 0.565964750265067,
    "bias": -0.284120448838362,
    "mape_pct": 226.8977967350953,
    "n_samples": 1980
  },
  "n_epochs_ran": 80,
  "stop_reason": "early_stopping",
  "model_type": "tcn",
  "loss": "huber",
  "learning_rate": 0.001,
  "dropout": 0.1
}