{
  "fold_name": "loso_val_08",
  "val_subject_id": "08",
  "train_subject_ids": [
    "02",
    "03",
    "09",
    "12",
    "13",
    "14",
    "15",
    "16",
    "17",
    "18",
    "19",
    "20",
    "21",
    "22",
    "25",
    "27",
    "28",
    "29"
  ],
  "best_epoch": 10,
  "best_val_loss": 0.09673986583948135,
  "best_val_metrics": {
    "mae": 0.3457929282424151,
    "rmse": 0.4370069663087023,
    "rms": 0.4370069663087023,
    "r2": 0.7830203665767022,
    "bias": -0.21144429738733478,
    "mape_pct": 136.80038677937299,
    "n_samples": 3720
  },
  "n_epochs_ran": 40,
  "stop_reason": "early_stopping",
  "model_type": "cnn1d",
  "loss": "huber",
  "learning_rate": 0.001,
  "dropout": 0.2
}