{
  "fold_name": "loso_val_02",
  "val_subject_id": "02",
  "train_subject_ids": [
    "03",
    "08",
    "09",
    "12",
    "13",
    "14",
    "15",
    "16",
    "17",
    "18",
    "19",
    "20",
    "21",
    "22",
    "25",
    "27",
    "28",
    "29"
  ],
  "best_epoch": 41,
  "best_val_loss": 0.07144231628626585,
  "best_val_metrics": {
    "mae": 0.2865648216991956,
    "rmse": 0.36972179626020374,
    "rms": 0.36972179626020374,
    "r2": 0.7769631968875959,
    "bias": 0.026129124637270622,
    "mape_pct": 114.92065645847174,
    "n_samples": 18900
  },
  "n_epochs_ran": 71,
  "stop_reason": "early_stopping",
  "model_type": "tcn",
  "loss": "huber",
  "learning_rate": 0.001,
  "dropout": 0.1
}