{
  "fold_name": "loso_val_02",
  "val_subject_id": "02",
  "train_subject_ids": [
    "03",
    "08",
    "09",
    "12",
    "13",
    "14",
    "15",
    "16",
    "17",
    "18",
    "19",
    "20",
    "21",
    "22",
    "25",
    "27",
    "28",
    "29"
  ],
  "best_epoch": 37,
  "best_val_loss": 0.08889560401439667,
  "best_val_metrics": {
    "mae": 0.3282269450206109,
    "rmse": 0.415346285317369,
    "rms": 0.415346285317369,
    "r2": 0.7277586982093588,
    "bias": 0.21146553859376582,
    "mape_pct": 146.36166147768284,
    "n_samples": 7200
  },
  "n_epochs_ran": 67,
  "stop_reason": "early_stopping",
  "model_type": "tcn",
  "loss": "huber",
  "learning_rate": 0.001,
  "dropout": 0.2
}