{
  "fold_name": "loso_val_22",
  "val_subject_id": "22",
  "train_subject_ids": [
    "02",
    "03",
    "08",
    "09",
    "12",
    "13",
    "14",
    "15",
    "16",
    "17",
    "18",
    "19",
    "20",
    "21",
    "25",
    "27",
    "28",
    "29"
  ],
  "best_epoch": 11,
  "best_val_loss": 0.04815295152366161,
  "best_val_metrics": {
    "mae": 0.24440649365395867,
    "rmse": 0.30247068751733597,
    "rms": 0.30247068751733597,
    "r2": 0.8231472233354313,
    "bias": -0.15522263096822542,
    "mape_pct": 721.563850416826,
    "n_samples": 18450
  },
  "n_epochs_ran": 41,
  "stop_reason": "early_stopping",
  "model_type": "tcn",
  "loss": "huber",
  "learning_rate": 0.001,
  "dropout": 0.1
}