{
  "fold_name": "loso_val_21",
  "val_subject_id": "21",
  "train_subject_ids": [
    "02",
    "03",
    "08",
    "09",
    "12",
    "13",
    "14",
    "15",
    "16",
    "17",
    "18",
    "19",
    "20",
    "22",
    "25",
    "27",
    "28",
    "29"
  ],
  "best_epoch": 15,
  "best_val_loss": 0.10474629420787096,
  "best_val_metrics": {
    "mae": 0.34021808489349725,
    "rmse": 0.44358242932852116,
    "rms": 0.44358242932852116,
    "r2": 0.7194745550372885,
    "bias": -0.25392768296236623,
    "mape_pct": 230.91883982737778,
    "n_samples": 18600
  },
  "n_epochs_ran": 45,
  "stop_reason": "early_stopping",
  "model_type": "tcn",
  "loss": "huber",
  "learning_rate": 0.001,
  "dropout": 0.1
}