{
  "fold_name": "loso_val_13",
  "val_subject_id": "13",
  "train_subject_ids": [
    "02",
    "03",
    "08",
    "09",
    "12",
    "14",
    "15",
    "16",
    "17",
    "18",
    "19",
    "20",
    "21",
    "22",
    "25",
    "27",
    "28",
    "29"
  ],
  "best_epoch": 6,
  "best_val_loss": 0.2432846501469612,
  "best_val_metrics": {
    "mae": 0.5603692374934403,
    "rmse": 0.7041264336116795,
    "rms": 0.7041264336116795,
    "r2": 0.6749256220197126,
    "bias": -0.430372333818512,
    "mape_pct": 291.3085745179573,
    "n_samples": 7560
  },
  "n_epochs_ran": 36,
  "stop_reason": "early_stopping",
  "model_type": "tcn",
  "loss": "huber",
  "learning_rate": 0.0005,
  "dropout": 0.2
}