{
  "fold_name": "loso_val_03",
  "val_subject_id": "03",
  "train_subject_ids": [
    "02",
    "08",
    "09",
    "12",
    "13",
    "14",
    "15",
    "16",
    "17",
    "18",
    "19",
    "20",
    "21",
    "22",
    "25",
    "27",
    "28",
    "29"
  ],
  "best_epoch": 22,
  "best_val_loss": 0.16186263412237167,
  "best_val_metrics": {
    "mae": 0.3029925958691341,
    "rmse": 0.38954135869573,
    "rms": 0.38954135869573,
    "r2": 0.8750812885116074,
    "bias": -0.13444954850413107,
    "mape_pct": 56.12340842436875,
    "n_samples": 18450
  },
  "n_epochs_ran": 52,
  "stop_reason": "early_stopping",
  "model_type": "tcn",
  "loss": "mse",
  "learning_rate": 0.001,
  "dropout": 0.1
}