{
  "fold_name": "loso_val_14",
  "val_subject_id": "14",
  "train_subject_ids": [
    "02",
    "03",
    "08",
    "09",
    "12",
    "13",
    "15",
    "16",
    "17",
    "18",
    "19",
    "20",
    "21",
    "22",
    "25",
    "27",
    "28",
    "29"
  ],
  "best_epoch": 63,
  "best_val_loss": 0.8705457746982574,
  "best_val_metrics": {
    "mae": 1.1767740208075181,
    "rmse": 1.2856918435234237,
    "rms": 1.2856918435234237,
    "r2": -0.41545599893564833,
    "bias": 1.1490346188685259,
    "mape_pct": 330.2574375826268,
    "n_samples": 4200
  },
  "n_epochs_ran": 93,
  "stop_reason": "early_stopping",
  "model_type": "cnn1d",
  "loss": "huber",
  "learning_rate": 0.0005,
  "dropout": 0.2
}