{
  "fold_name": "loso_val_25",
  "val_subject_id": "25",
  "train_subject_ids": [
    "02",
    "03",
    "08",
    "09",
    "12",
    "13",
    "14",
    "15",
    "16",
    "17",
    "18",
    "19",
    "20",
    "21",
    "22",
    "27",
    "28",
    "29"
  ],
  "best_epoch": 2,
  "best_val_loss": 0.11167142540216446,
  "best_val_metrics": {
    "mae": 0.3946714891364922,
    "rmse": 0.467629136670987,
    "rms": 0.467629136670987,
    "r2": 0.5717479977461264,
    "bias": -0.13273628832377493,
    "mape_pct": 121.74988441138954,
    "n_samples": 18750
  },
  "n_epochs_ran": 32,
  "stop_reason": "early_stopping",
  "model_type": "tcn",
  "loss": "huber",
  "learning_rate": 0.001,
  "dropout": 0.1
}