{
  "fold_name": "loso_val_22",
  "val_subject_id": "22",
  "train_subject_ids": [
    "02",
    "03",
    "08",
    "09",
    "12",
    "13",
    "14",
    "15",
    "16",
    "17",
    "18",
    "19",
    "20",
    "21",
    "25",
    "27",
    "28",
    "29"
  ],
  "best_epoch": 11,
  "best_val_loss": 0.08838145807385445,
  "best_val_metrics": {
    "mae": 0.22949383212460805,
    "rmse": 0.28839636915502886,
    "rms": 0.28839636915502886,
    "r2": 0.8397281448605556,
    "bias": -0.1529936938256388,
    "mape_pct": 615.1219205153068,
    "n_samples": 18450
  },
  "n_epochs_ran": 41,
  "stop_reason": "early_stopping",
  "model_type": "tcn",
  "loss": "mse",
  "learning_rate": 0.001,
  "dropout": 0.1
}