{
  "fold_name": "loso_val_03",
  "val_subject_id": "03",
  "train_subject_ids": [
    "02",
    "08",
    "09",
    "12",
    "13",
    "14",
    "15",
    "16",
    "17",
    "18",
    "19",
    "20",
    "21",
    "22",
    "25",
    "27",
    "28",
    "29"
  ],
  "best_epoch": 40,
  "best_val_loss": 0.07707469910383224,
  "best_val_metrics": {
    "mae": 0.30038178280416616,
    "rmse": 0.38766328161877833,
    "rms": 0.38766328161877833,
    "r2": 0.8761090262572522,
    "bias": -0.028937225482117374,
    "mape_pct": 58.695237737306684,
    "n_samples": 7560
  },
  "n_epochs_ran": 70,
  "stop_reason": "early_stopping",
  "model_type": "tcn",
  "loss": "huber",
  "learning_rate": 0.0005,
  "dropout": 0.2
}