{
  "fold_name": "loso_val_08",
  "val_subject_id": "08",
  "train_subject_ids": [
    "02",
    "03",
    "09",
    "12",
    "13",
    "14",
    "15",
    "16",
    "17",
    "18",
    "19",
    "20",
    "21",
    "22",
    "25",
    "27",
    "28",
    "29"
  ],
  "best_epoch": 13,
  "best_val_loss": 0.09282265603542328,
  "best_val_metrics": {
    "mae": 0.33942491059148966,
    "rmse": 0.4307206686620283,
    "rms": 0.4307206686620283,
    "r2": 0.7888380843150335,
    "bias": -0.16495214319820467,
    "mape_pct": 117.15349588770833,
    "n_samples": 7440
  },
  "n_epochs_ran": 43,
  "stop_reason": "early_stopping",
  "model_type": "cnn1d",
  "loss": "huber",
  "learning_rate": 0.0005,
  "dropout": 0.2
}