{
  "fold_name": "loso_val_17",
  "val_subject_id": "17",
  "train_subject_ids": [
    "02",
    "03",
    "08",
    "09",
    "12",
    "13",
    "14",
    "15",
    "16",
    "18",
    "19",
    "20",
    "21",
    "22",
    "25",
    "27",
    "28",
    "29"
  ],
  "best_epoch": 27,
  "best_val_loss": 0.05753432586789131,
  "best_val_metrics": {
    "mae": 0.2368199810607823,
    "rmse": 0.3265692426190035,
    "rms": 0.3265692426190035,
    "r2": 0.836242016571873,
    "bias": -0.138261962157322,
    "mape_pct": 71.97944429519657,
    "n_samples": 18150
  },
  "n_epochs_ran": 57,
  "stop_reason": "early_stopping",
  "model_type": "tcn",
  "loss": "huber",
  "learning_rate": 0.001,
  "dropout": 0.1
}