{
  "fold_name": "loso_val_22",
  "val_subject_id": "22",
  "train_subject_ids": [
    "02",
    "03",
    "08",
    "09",
    "12",
    "13",
    "14",
    "15",
    "16",
    "17",
    "18",
    "19",
    "20",
    "21",
    "25",
    "27",
    "28",
    "29"
  ],
  "best_epoch": 16,
  "best_val_loss": 0.04455306256810824,
  "best_val_metrics": {
    "mae": 0.2573654297593636,
    "rmse": 0.30383596870787105,
    "rms": 0.30383596870787105,
    "r2": 0.8169369566406369,
    "bias": -0.18395071676037145,
    "mape_pct": 543.3606471732221,
    "n_samples": 3900
  },
  "n_epochs_ran": 46,
  "stop_reason": "early_stopping",
  "model_type": "cnn1d",
  "loss": "huber",
  "learning_rate": 0.001,
  "dropout": 0.1
}