{
  "fold_name": "loso_val_17",
  "val_subject_id": "17",
  "train_subject_ids": [
    "02",
    "03",
    "08",
    "09",
    "12",
    "13",
    "14",
    "15",
    "16",
    "18",
    "19",
    "20",
    "21",
    "22",
    "25",
    "27",
    "28",
    "29"
  ],
  "best_epoch": 6,
  "best_val_loss": 0.06527623115107417,
  "best_val_metrics": {
    "mae": 0.2532051915370188,
    "rmse": 0.34884605046386125,
    "rms": 0.34884605046386125,
    "r2": 0.8156642953466504,
    "bias": -0.15054891012048094,
    "mape_pct": 94.47388395965663,
    "n_samples": 18150
  },
  "n_epochs_ran": 36,
  "stop_reason": "early_stopping",
  "model_type": "tcn",
  "loss": "huber",
  "learning_rate": 0.001,
  "dropout": 0.1
}