{
  "fold_name": "loso_val_21",
  "val_subject_id": "21",
  "train_subject_ids": [
    "02",
    "03",
    "08",
    "09",
    "12",
    "13",
    "14",
    "15",
    "16",
    "17",
    "18",
    "19",
    "20",
    "22",
    "25",
    "27",
    "28",
    "29"
  ],
  "best_epoch": 14,
  "best_val_loss": 0.18054344784468412,
  "best_val_metrics": {
    "mae": 0.3146803023593414,
    "rmse": 0.40822991860714253,
    "rms": 0.40822991860714253,
    "r2": 0.7681568174608271,
    "bias": -0.21167593146077238,
    "mape_pct": 223.5877305454111,
    "n_samples": 18600
  },
  "n_epochs_ran": 44,
  "stop_reason": "early_stopping",
  "model_type": "tcn",
  "loss": "mse",
  "learning_rate": 0.001,
  "dropout": 0.1
}