{
  "fold_name": "loso_val_03",
  "val_subject_id": "03",
  "train_subject_ids": [
    "02",
    "08",
    "09",
    "12",
    "13",
    "14",
    "15",
    "16",
    "17",
    "18",
    "19",
    "20",
    "21",
    "22",
    "25",
    "27",
    "28",
    "29"
  ],
  "best_epoch": 31,
  "best_val_loss": 0.07299242541193962,
  "best_val_metrics": {
    "mae": 0.28610650116702,
    "rmse": 0.373771400112711,
    "rms": 0.373771400112711,
    "r2": 0.883506015918263,
    "bias": -0.06573200657260171,
    "mape_pct": 55.67510007160923,
    "n_samples": 10980
  },
  "n_epochs_ran": 61,
  "stop_reason": "early_stopping",
  "model_type": "tcn",
  "loss": "huber",
  "learning_rate": 0.001,
  "dropout": 0.2
}