{
  "fold_name": "loso_val_14",
  "val_subject_id": "14",
  "train_subject_ids": [
    "02",
    "03",
    "08",
    "09",
    "12",
    "13",
    "15",
    "16",
    "17",
    "18",
    "19",
    "20",
    "21",
    "22",
    "25",
    "27",
    "28",
    "29"
  ],
  "best_epoch": 3,
  "best_val_loss": 0.8199057181676229,
  "best_val_metrics": {
    "mae": 1.1491077206529545,
    "rmse": 1.314732011878763,
    "rms": 1.314732011878763,
    "r2": -0.42501855937246513,
    "bias": 1.0934407960378325,
    "mape_pct": 256.85091581916095,
    "n_samples": 15840
  },
  "n_epochs_ran": 33,
  "stop_reason": "early_stopping",
  "model_type": "cnn1d",
  "loss": "huber",
  "learning_rate": 0.001,
  "dropout": 0.1
}