{
  "fold_name": "loso_val_13",
  "val_subject_id": "13",
  "train_subject_ids": [
    "02",
    "03",
    "08",
    "09",
    "12",
    "14",
    "15",
    "16",
    "17",
    "18",
    "19",
    "20",
    "21",
    "22",
    "25",
    "27",
    "28",
    "29"
  ],
  "best_epoch": 6,
  "best_val_loss": 0.22643312066793442,
  "best_val_metrics": {
    "mae": 0.5350874610095551,
    "rmse": 0.6779117953057239,
    "rms": 0.6779117953057239,
    "r2": 0.6985904011691597,
    "bias": -0.40264977060680934,
    "mape_pct": 298.5398420555888,
    "n_samples": 7560
  },
  "n_epochs_ran": 36,
  "stop_reason": "early_stopping",
  "model_type": "tcn",
  "loss": "huber",
  "learning_rate": 0.0005,
  "dropout": 0.1
}