{
  "fold_name": "loso_val_09",
  "val_subject_id": "09",
  "train_subject_ids": [
    "02",
    "03",
    "08",
    "12",
    "13",
    "14",
    "15",
    "16",
    "17",
    "18",
    "19",
    "20",
    "21",
    "22",
    "25",
    "27",
    "28",
    "29"
  ],
  "best_epoch": 23,
  "best_val_loss": 0.18144412338733673,
  "best_val_metrics": {
    "mae": 0.5211322491990387,
    "rmse": 0.5941781704690005,
    "rms": 0.5941781704690005,
    "r2": 0.4853641212314821,
    "bias": 0.4548142202444271,
    "mape_pct": 241.22476364480838,
    "n_samples": 7560
  },
  "n_epochs_ran": 53,
  "stop_reason": "early_stopping",
  "model_type": "tcn",
  "loss": "huber",
  "learning_rate": 0.001,
  "dropout": 0.2
}