{
  "fold_name": "loso_val_08",
  "val_subject_id": "08",
  "train_subject_ids": [
    "02",
    "03",
    "09",
    "12",
    "13",
    "14",
    "15",
    "16",
    "17",
    "18",
    "19",
    "20",
    "21",
    "22",
    "25",
    "27",
    "28",
    "29"
  ],
  "best_epoch": 34,
  "best_val_loss": 0.05464268662035465,
  "best_val_metrics": {
    "mae": 0.25784772178917587,
    "rmse": 0.3267244766534289,
    "rms": 0.3267244766534289,
    "r2": 0.8769690964628655,
    "bias": -0.10094675425245085,
    "mape_pct": 106.3462965062606,
    "n_samples": 18150
  },
  "n_epochs_ran": 64,
  "stop_reason": "early_stopping",
  "model_type": "tcn",
  "loss": "huber",
  "learning_rate": 0.001,
  "dropout": 0.1
}