{
  "fold_name": "loso_val_18",
  "val_subject_id": "18",
  "train_subject_ids": [
    "02",
    "03",
    "08",
    "09",
    "12",
    "13",
    "14",
    "15",
    "16",
    "17",
    "19",
    "20",
    "21",
    "22",
    "25",
    "27",
    "28",
    "29"
  ],
  "best_epoch": 54,
  "best_val_loss": 0.13637618720531464,
  "best_val_metrics": {
    "mae": 0.42968315998320805,
    "rmse": 0.511265688677913,
    "rms": 0.511265688677913,
    "r2": 0.5081028149370653,
    "bias": 0.401450751420602,
    "mape_pct": 196.056855011307,
    "n_samples": 5400
  },
  "n_epochs_ran": 84,
  "stop_reason": "early_stopping",
  "model_type": "tcn",
  "loss": "huber",
  "learning_rate": 0.001,
  "dropout": 0.2
}