{
  "fold_name": "loso_val_21",
  "val_subject_id": "21",
  "train_subject_ids": [
    "02",
    "03",
    "08",
    "09",
    "12",
    "13",
    "14",
    "15",
    "16",
    "17",
    "18",
    "19",
    "20",
    "22",
    "25",
    "27",
    "28",
    "29"
  ],
  "best_epoch": 5,
  "best_val_loss": 0.18390481639653444,
  "best_val_metrics": {
    "mae": 0.3193192291791145,
    "rmse": 0.4091602110778087,
    "rms": 0.4091602110778087,
    "r2": 0.7633654196129619,
    "bias": -0.19453288544323646,
    "mape_pct": 208.72173294671853,
    "n_samples": 18600
  },
  "n_epochs_ran": 35,
  "stop_reason": "early_stopping",
  "model_type": "tcn",
  "loss": "mse",
  "learning_rate": 0.001,
  "dropout": 0.1
}