{
  "fold_name": "loso_val_12",
  "val_subject_id": "12",
  "train_subject_ids": [
    "02",
    "03",
    "08",
    "09",
    "13",
    "14",
    "15",
    "16",
    "17",
    "18",
    "19",
    "20",
    "21",
    "22",
    "25",
    "27",
    "28",
    "29"
  ],
  "best_epoch": 27,
  "best_val_loss": 0.13797970209270716,
  "best_val_metrics": {
    "mae": 0.4154446189590542,
    "rmse": 0.5222921388200794,
    "rms": 0.5222921388200794,
    "r2": 0.389375417936758,
    "bias": -0.1097755138666285,
    "mape_pct": 466.9501855122985,
    "n_samples": 18000
  },
  "n_epochs_ran": 57,
  "stop_reason": "early_stopping",
  "model_type": "tcn",
  "loss": "huber",
  "learning_rate": 0.001,
  "dropout": 0.1
}