{
  "fold_name": "loso_val_03",
  "val_subject_id": "03",
  "train_subject_ids": [
    "02",
    "08",
    "09",
    "12",
    "13",
    "14",
    "15",
    "16",
    "17",
    "18",
    "19",
    "20",
    "21",
    "22",
    "25",
    "27",
    "28",
    "29"
  ],
  "best_epoch": 10,
  "best_val_loss": 0.18236776255071163,
  "best_val_metrics": {
    "mae": 0.3169764283625787,
    "rmse": 0.4113923689965524,
    "rms": 0.4113923689965524,
    "r2": 0.8592765766642598,
    "bias": -0.089686185792669,
    "mape_pct": 60.5347474044281,
    "n_samples": 18450
  },
  "n_epochs_ran": 40,
  "stop_reason": "early_stopping",
  "model_type": "tcn",
  "loss": "mse",
  "learning_rate": 0.001,
  "dropout": 0.1
}