{
  "fold_name": "loso_val_19",
  "val_subject_id": "19",
  "train_subject_ids": [
    "02",
    "03",
    "08",
    "09",
    "12",
    "13",
    "14",
    "15",
    "16",
    "17",
    "18",
    "20",
    "21",
    "22",
    "25",
    "27",
    "28",
    "29"
  ],
  "best_epoch": 37,
  "best_val_loss": 0.44414184987545013,
  "best_val_metrics": {
    "mae": 0.5169807574200498,
    "rmse": 0.6460343393046198,
    "rms": 0.6460343393046198,
    "r2": 0.5851032109728611,
    "bias": 0.053861282269800546,
    "mape_pct": 84.77454000223861,
    "n_samples": 18900
  },
  "n_epochs_ran": 67,
  "stop_reason": "early_stopping",
  "model_type": "tcn",
  "loss": "mse",
  "learning_rate": 0.001,
  "dropout": 0.1
}