{
  "fold_name": "loso_val_19",
  "val_subject_id": "19",
  "train_subject_ids": [
    "02",
    "03",
    "08",
    "09",
    "12",
    "13",
    "14",
    "15",
    "16",
    "17",
    "18",
    "20",
    "21",
    "22",
    "25",
    "27",
    "28",
    "29"
  ],
  "best_epoch": 17,
  "best_val_loss": 0.1942933164536953,
  "best_val_metrics": {
    "mae": 0.49665301854810895,
    "rmse": 0.6224391879209726,
    "rms": 0.6224391879209726,
    "r2": 0.6111316667906597,
    "bias": 0.11913081185690191,
    "mape_pct": 89.3537390311066,
    "n_samples": 18900
  },
  "n_epochs_ran": 47,
  "stop_reason": "early_stopping",
  "model_type": "tcn",
  "loss": "huber",
  "learning_rate": 0.001,
  "dropout": 0.1
}