{
  "fold_name": "loso_val_12",
  "val_subject_id": "12",
  "train_subject_ids": [
    "02",
    "03",
    "08",
    "09",
    "13",
    "14",
    "15",
    "16",
    "17",
    "18",
    "19",
    "20",
    "21",
    "22",
    "25",
    "27",
    "28",
    "29"
  ],
  "best_epoch": 1,
  "best_val_loss": 0.13918618857860565,
  "best_val_metrics": {
    "mae": 0.43132209627806334,
    "rmse": 0.519254681759223,
    "rms": 0.519254681759223,
    "r2": 0.3846321908855431,
    "bias": 0.20768276870374697,
    "mape_pct": 163.96557524646474,
    "n_samples": 1920
  },
  "n_epochs_ran": 31,
  "stop_reason": "early_stopping",
  "model_type": "tcn",
  "loss": "huber",
  "learning_rate": 0.0005,
  "dropout": 0.2
}