{
  "fold_name": "loso_val_16",
  "val_subject_id": "16",
  "train_subject_ids": [
    "02",
    "03",
    "08",
    "09",
    "12",
    "13",
    "14",
    "15",
    "17",
    "18",
    "19",
    "20",
    "21",
    "22",
    "25",
    "27",
    "28",
    "29"
  ],
  "best_epoch": 2,
  "best_val_loss": 0.09037202224135399,
  "best_val_metrics": {
    "mae": 0.343756156496675,
    "rmse": 0.41765530616138047,
    "rms": 0.41765530616138047,
    "r2": 0.6336141882887529,
    "bias": 0.22739402181347598,
    "mape_pct": 104.38418683916868,
    "n_samples": 17850
  },
  "n_epochs_ran": 32,
  "stop_reason": "early_stopping",
  "model_type": "tcn",
  "loss": "huber",
  "learning_rate": 0.001,
  "dropout": 0.1
}