{
  "fold_name": "loso_val_03",
  "val_subject_id": "03",
  "train_subject_ids": [
    "02",
    "08",
    "09",
    "12",
    "13",
    "14",
    "15",
    "16",
    "17",
    "18",
    "19",
    "20",
    "21",
    "22",
    "25",
    "27",
    "28",
    "29"
  ],
  "best_epoch": 37,
  "best_val_loss": 0.07959774881601334,
  "best_val_metrics": {
    "mae": 0.30039931561038125,
    "rmse": 0.38937824635384854,
    "rms": 0.38937824635384854,
    "r2": 0.8712654153846565,
    "bias": -0.05070218598366409,
    "mape_pct": 60.40406877726111,
    "n_samples": 3840
  },
  "n_epochs_ran": 67,
  "stop_reason": "early_stopping",
  "model_type": "tcn",
  "loss": "huber",
  "learning_rate": 0.001,
  "dropout": 0.2
}