{
  "fold_name": "loso_val_18",
  "val_subject_id": "18",
  "train_subject_ids": [
    "02",
    "03",
    "08",
    "09",
    "12",
    "13",
    "14",
    "15",
    "16",
    "17",
    "19",
    "20",
    "21",
    "22",
    "25",
    "27",
    "28",
    "29"
  ],
  "best_epoch": 21,
  "best_val_loss": 0.11871976591646671,
  "best_val_metrics": {
    "mae": 0.3949182486992339,
    "rmse": 0.47047555070559965,
    "rms": 0.47047555070559965,
    "r2": 0.5903283643230037,
    "bias": 0.3652801474243577,
    "mape_pct": 187.20372826056152,
    "n_samples": 18150
  },
  "n_epochs_ran": 51,
  "stop_reason": "early_stopping",
  "model_type": "tcn",
  "loss": "huber",
  "learning_rate": 0.001,
  "dropout": 0.1
}