{
  "fold_name": "loso_val_21",
  "val_subject_id": "21",
  "train_subject_ids": [
    "02",
    "03",
    "08",
    "09",
    "12",
    "13",
    "14",
    "15",
    "16",
    "17",
    "18",
    "19",
    "20",
    "22",
    "25",
    "27",
    "28",
    "29"
  ],
  "best_epoch": 62,
  "best_val_loss": 0.10692558561762174,
  "best_val_metrics": {
    "mae": 0.409964177129038,
    "rmse": 0.4832908353023375,
    "rms": 0.4832908353023375,
    "r2": 0.6585176581981542,
    "bias": -0.3593189861600956,
    "mape_pct": 264.55742720265135,
    "n_samples": 3900
  },
  "n_epochs_ran": 92,
  "stop_reason": "early_stopping",
  "model_type": "cnn1d",
  "loss": "huber",
  "learning_rate": 0.001,
  "dropout": 0.1
}