{
  "fold_name": "loso_val_20",
  "val_subject_id": "20",
  "train_subject_ids": [
    "02",
    "03",
    "08",
    "09",
    "12",
    "13",
    "14",
    "15",
    "16",
    "17",
    "18",
    "19",
    "21",
    "22",
    "25",
    "27",
    "28",
    "29"
  ],
  "best_epoch": 15,
  "best_val_loss": 0.04737914353609085,
  "best_val_metrics": {
    "mae": 0.21420484268260467,
    "rmse": 0.29254674357211546,
    "rms": 0.29254674357211546,
    "r2": 0.8700173883396559,
    "bias": -0.04898019968960791,
    "mape_pct": 97.28280936061631,
    "n_samples": 18300
  },
  "n_epochs_ran": 45,
  "stop_reason": "early_stopping",
  "model_type": "tcn",
  "loss": "huber",
  "learning_rate": 0.001,
  "dropout": 0.1
}