{
  "fold_name": "loso_val_14",
  "val_subject_id": "14",
  "train_subject_ids": [
    "02",
    "03",
    "08",
    "09",
    "12",
    "13",
    "15",
    "16",
    "17",
    "18",
    "19",
    "20",
    "21",
    "22",
    "25",
    "27",
    "28",
    "29"
  ],
  "best_epoch": 11,
  "best_val_loss": 0.7314435541629791,
  "best_val_metrics": {
    "mae": 0.9948258441071847,
    "rmse": 1.1042195978207128,
    "rms": 1.1042195978207128,
    "r2": -0.08638976393921083,
    "bias": 0.9518295568748311,
    "mape_pct": 238.10777265017057,
    "n_samples": 4200
  },
  "n_epochs_ran": 41,
  "stop_reason": "early_stopping",
  "model_type": "tcn",
  "loss": "huber",
  "learning_rate": 0.001,
  "dropout": 0.2
}