{
  "fold_name": "loso_val_13",
  "val_subject_id": "13",
  "train_subject_ids": [
    "02",
    "03",
    "08",
    "09",
    "12",
    "14",
    "15",
    "16",
    "17",
    "18",
    "19",
    "20",
    "21",
    "22",
    "25",
    "27",
    "28",
    "29"
  ],
  "best_epoch": 4,
  "best_val_loss": 0.16313457489013672,
  "best_val_metrics": {
    "mae": 0.5726443890057095,
    "rmse": 0.7173073445495349,
    "rms": 0.7173073445495349,
    "r2": 0.6689790131491442,
    "bias": -0.2837563042523636,
    "mape_pct": 370.8251530127262,
    "n_samples": 1980
  },
  "n_epochs_ran": 34,
  "stop_reason": "early_stopping",
  "model_type": "tcn",
  "loss": "huber",
  "learning_rate": 0.0005,
  "dropout": 0.1
}