{
  "fold_name": "loso_val_03",
  "val_subject_id": "03",
  "train_subject_ids": [
    "02",
    "08",
    "09",
    "12",
    "13",
    "14",
    "15",
    "16",
    "17",
    "18",
    "19",
    "20",
    "21",
    "22",
    "25",
    "27",
    "28",
    "29"
  ],
  "best_epoch": 36,
  "best_val_loss": 0.061124950647354126,
  "best_val_metrics": {
    "mae": 0.26992520052578894,
    "rmse": 0.3498272194270244,
    "rms": 0.3498272194270244,
    "r2": 0.9035256350448848,
    "bias": -0.15790293913525016,
    "mape_pct": 49.89558742632685,
    "n_samples": 14160
  },
  "n_epochs_ran": 66,
  "stop_reason": "early_stopping",
  "model_type": "cnn1d",
  "loss": "huber",
  "learning_rate": 0.0005,
  "dropout": 0.2
}