{
  "fold_name": "loso_val_28",
  "val_subject_id": "28",
  "train_subject_ids": [
    "02",
    "03",
    "08",
    "09",
    "12",
    "13",
    "14",
    "15",
    "16",
    "17",
    "18",
    "19",
    "20",
    "21",
    "22",
    "25",
    "27",
    "29"
  ],
  "best_epoch": 28,
  "best_val_loss": 0.057234990410506725,
  "best_val_metrics": {
    "mae": 0.2589753308254243,
    "rmse": 0.33023478854905375,
    "rms": 0.33023478854905375,
    "r2": 0.8744338663578265,
    "bias": -0.006029474067446563,
    "mape_pct": 94.57504357626321,
    "n_samples": 18150
  },
  "n_epochs_ran": 58,
  "stop_reason": "early_stopping",
  "model_type": "tcn",
  "loss": "huber",
  "learning_rate": 0.001,
  "dropout": 0.1
}