{
  "fold_name": "loso_val_20",
  "val_subject_id": "20",
  "train_subject_ids": [
    "02",
    "03",
    "08",
    "09",
    "12",
    "13",
    "14",
    "15",
    "16",
    "17",
    "18",
    "19",
    "21",
    "22",
    "25",
    "27",
    "28",
    "29"
  ],
  "best_epoch": 19,
  "best_val_loss": 0.09529816824942827,
  "best_val_metrics": {
    "mae": 0.19777073240690088,
    "rmse": 0.2820859071745759,
    "rms": 0.2820859071745759,
    "r2": 0.8765650679296678,
    "bias": -0.02459506141079101,
    "mape_pct": 116.00186808585089,
    "n_samples": 18300
  },
  "n_epochs_ran": 49,
  "stop_reason": "early_stopping",
  "model_type": "tcn",
  "loss": "mse",
  "learning_rate": 0.001,
  "dropout": 0.1
}