{
  "fold_name": "loso_val_19",
  "val_subject_id": "19",
  "train_subject_ids": [
    "02",
    "03",
    "08",
    "09",
    "12",
    "13",
    "14",
    "15",
    "16",
    "17",
    "18",
    "20",
    "21",
    "22",
    "25",
    "27",
    "28",
    "29"
  ],
  "best_epoch": 130,
  "best_val_loss": 0.1463521122932434,
  "best_val_metrics": {
    "mae": 0.44217374245575536,
    "rmse": 0.535172869844853,
    "rms": 0.535172869844853,
    "r2": 0.7221501504162056,
    "bias": 0.08680353986455884,
    "mape_pct": 59.73443586920022,
    "n_samples": 7680
  },
  "n_epochs_ran": 160,
  "stop_reason": "early_stopping",
  "model_type": "cnn1d",
  "loss": "huber",
  "learning_rate": 0.001,
  "dropout": 0.1
}