{
  "fold_name": "loso_val_15",
  "val_subject_id": "15",
  "train_subject_ids": [
    "02",
    "03",
    "08",
    "09",
    "12",
    "13",
    "14",
    "16",
    "17",
    "18",
    "19",
    "20",
    "21",
    "22",
    "25",
    "27",
    "28",
    "29"
  ],
  "best_epoch": 17,
  "best_val_loss": 0.6021181046962738,
  "best_val_metrics": {
    "mae": 0.9423991088990169,
    "rmse": 1.2995246400303264,
    "rms": 1.2995246400303264,
    "r2": -0.10078063384060298,
    "bias": -0.6824110584460769,
    "mape_pct": 110.90699268815656,
    "n_samples": 14640
  },
  "n_epochs_ran": 47,
  "stop_reason": "early_stopping",
  "model_type": "tcn",
  "loss": "huber",
  "learning_rate": 0.0005,
  "dropout": 0.2
}