{
  "fold_name": "loso_val_18",
  "val_subject_id": "18",
  "train_subject_ids": [
    "02",
    "03",
    "08",
    "09",
    "12",
    "13",
    "14",
    "15",
    "16",
    "17",
    "19",
    "20",
    "21",
    "22",
    "25",
    "27",
    "28",
    "29"
  ],
  "best_epoch": 44,
  "best_val_loss": 0.11127251386642456,
  "best_val_metrics": {
    "mae": 0.39637372543790356,
    "rmse": 0.4568421439935931,
    "rms": 0.4568421439935931,
    "r2": 0.613323916430938,
    "bias": 0.3474486922260743,
    "mape_pct": 395.6084760878442,
    "n_samples": 3840
  },
  "n_epochs_ran": 74,
  "stop_reason": "early_stopping",
  "model_type": "cnn1d",
  "loss": "huber",
  "learning_rate": 0.001,
  "dropout": 0.1
}