{
  "fold_name": "loso_val_15",
  "val_subject_id": "15",
  "train_subject_ids": [
    "02",
    "03",
    "08",
    "09",
    "12",
    "13",
    "14",
    "16",
    "17",
    "18",
    "19",
    "20",
    "21",
    "22",
    "25",
    "27",
    "28",
    "29"
  ],
  "best_epoch": 7,
  "best_val_loss": 0.5353789627552032,
  "best_val_metrics": {
    "mae": 0.9477782315252204,
    "rmse": 1.2075885600972203,
    "rms": 1.2075885600972203,
    "r2": -0.043811294315709626,
    "bias": -0.7104248145045952,
    "mape_pct": 104.53537377956089,
    "n_samples": 7800
  },
  "n_epochs_ran": 37,
  "stop_reason": "early_stopping",
  "model_type": "tcn",
  "loss": "huber",
  "learning_rate": 0.0005,
  "dropout": 0.2
}