{
  "fold_name": "loso_val_28",
  "val_subject_id": "28",
  "train_subject_ids": [
    "02",
    "03",
    "08",
    "09",
    "12",
    "13",
    "14",
    "15",
    "16",
    "17",
    "18",
    "19",
    "20",
    "21",
    "22",
    "25",
    "27",
    "29"
  ],
  "best_epoch": 73,
  "best_val_loss": 0.055878905579447746,
  "best_val_metrics": {
    "mae": 0.25012443011796576,
    "rmse": 0.3249735200897678,
    "rms": 0.3249735200897678,
    "r2": 0.8763061956020813,
    "bias": 0.026886507121893544,
    "mape_pct": 77.07724915656306,
    "n_samples": 18150
  },
  "n_epochs_ran": 103,
  "stop_reason": "early_stopping",
  "model_type": "tcn",
  "loss": "huber",
  "learning_rate": 0.001,
  "dropout": 0.1
}