{
  "fold_name": "loso_val_03",
  "val_subject_id": "03",
  "train_subject_ids": [
    "02",
    "08",
    "09",
    "12",
    "13",
    "14",
    "15",
    "16",
    "17",
    "18",
    "19",
    "20",
    "21",
    "22",
    "25",
    "27",
    "28",
    "29"
  ],
  "best_epoch": 49,
  "best_val_loss": 0.06998086720705032,
  "best_val_metrics": {
    "mae": 0.2803880954587981,
    "rmse": 0.3688056996306883,
    "rms": 0.3688056996306883,
    "r2": 0.8882369103198096,
    "bias": -0.08116950167318768,
    "mape_pct": 53.63006367628309,
    "n_samples": 7200
  },
  "n_epochs_ran": 79,
  "stop_reason": "early_stopping",
  "model_type": "tcn",
  "loss": "huber",
  "learning_rate": 0.001,
  "dropout": 0.1
}