{
  "fold_name": "loso_val_17",
  "val_subject_id": "17",
  "train_subject_ids": [
    "02",
    "03",
    "08",
    "09",
    "12",
    "13",
    "14",
    "15",
    "16",
    "18",
    "19",
    "20",
    "21",
    "22",
    "25",
    "27",
    "28",
    "29"
  ],
  "best_epoch": 3,
  "best_val_loss": 0.06816792069002986,
  "best_val_metrics": {
    "mae": 0.2719089542231914,
    "rmse": 0.3596468298824877,
    "rms": 0.3596468298824877,
    "r2": 0.8104311439138427,
    "bias": -0.15097781491872198,
    "mape_pct": 115.33851213592337,
    "n_samples": 18150
  },
  "n_epochs_ran": 33,
  "stop_reason": "early_stopping",
  "model_type": "tcn",
  "loss": "huber",
  "learning_rate": 0.001,
  "dropout": 0.1
}