{
  "fold_name": "loso_val_14",
  "val_subject_id": "14",
  "train_subject_ids": [
    "02",
    "03",
    "08",
    "09",
    "12",
    "13",
    "15",
    "16",
    "17",
    "18",
    "19",
    "20",
    "21",
    "22",
    "25",
    "27",
    "28",
    "29"
  ],
  "best_epoch": 36,
  "best_val_loss": 0.9235317773289151,
  "best_val_metrics": {
    "mae": 0.8174384413531999,
    "rmse": 0.8945824836257148,
    "rms": 0.8945824836257148,
    "r2": 0.28251183493695853,
    "bias": 0.7584017600139394,
    "mape_pct": 235.52844685438492,
    "n_samples": 20550
  },
  "n_epochs_ran": 66,
  "stop_reason": "early_stopping",
  "model_type": "tcn",
  "loss": "mse",
  "learning_rate": 0.001,
  "dropout": 0.1
}