{
  "fold_name": "loso_val_16",
  "val_subject_id": "16",
  "train_subject_ids": [
    "02",
    "03",
    "08",
    "09",
    "12",
    "13",
    "14",
    "15",
    "17",
    "18",
    "19",
    "20",
    "21",
    "22",
    "25",
    "27",
    "28",
    "29"
  ],
  "best_epoch": 12,
  "best_val_loss": 0.06646233983337879,
  "best_val_metrics": {
    "mae": 0.23608559473953794,
    "rmse": 0.3438786839544018,
    "rms": 0.3438786839544018,
    "r2": 0.6889549484860612,
    "bias": 0.0631781446400649,
    "mape_pct": 89.88418704819735,
    "n_samples": 17850
  },
  "n_epochs_ran": 42,
  "stop_reason": "early_stopping",
  "model_type": "tcn",
  "loss": "huber",
  "learning_rate": 0.001,
  "dropout": 0.1
}