{
  "fold_name": "loso_val_09",
  "val_subject_id": "09",
  "train_subject_ids": [
    "02",
    "03",
    "08",
    "12",
    "13",
    "14",
    "15",
    "16",
    "17",
    "18",
    "19",
    "20",
    "21",
    "22",
    "25",
    "27",
    "28",
    "29"
  ],
  "best_epoch": 1,
  "best_val_loss": 0.10719079524278641,
  "best_val_metrics": {
    "mae": 0.37327037724481976,
    "rmse": 0.46069933522723344,
    "rms": 0.46069933522723344,
    "r2": 0.6957792909863918,
    "bias": 0.20394909593402796,
    "mape_pct": 169.59751603506365,
    "n_samples": 7200
  },
  "n_epochs_ran": 31,
  "stop_reason": "early_stopping",
  "model_type": "cnn1d",
  "loss": "huber",
  "learning_rate": 0.0005,
  "dropout": 0.2
}