{
  "fold_name": "loso_val_08",
  "val_subject_id": "08",
  "train_subject_ids": [
    "02",
    "03",
    "09",
    "12",
    "13",
    "14",
    "15",
    "16",
    "17",
    "18",
    "19",
    "20",
    "21",
    "22",
    "25",
    "27",
    "28",
    "29"
  ],
  "best_epoch": 67,
  "best_val_loss": 0.08653691038489342,
  "best_val_metrics": {
    "mae": 0.3397663922983015,
    "rmse": 0.40717579264733955,
    "rms": 0.40717579264733955,
    "r2": 0.8092017354828538,
    "bias": -0.2549598054394678,
    "mape_pct": 140.28770931053967,
    "n_samples": 10800
  },
  "n_epochs_ran": 97,
  "stop_reason": "early_stopping",
  "model_type": "tcn",
  "loss": "huber",
  "learning_rate": 0.001,
  "dropout": 0.1
}