{
  "fold_name": "loso_val_02",
  "val_subject_id": "02",
  "train_subject_ids": [
    "03",
    "08",
    "09",
    "12",
    "13",
    "14",
    "15",
    "16",
    "17",
    "18",
    "19",
    "20",
    "21",
    "22",
    "25",
    "27",
    "28",
    "29"
  ],
  "best_epoch": 18,
  "best_val_loss": 0.09057338535785675,
  "best_val_metrics": {
    "mae": 0.3269313100256841,
    "rmse": 0.4200861006985005,
    "rms": 0.4200861006985005,
    "r2": 0.7178789422633274,
    "bias": 0.1445787228354473,
    "mape_pct": 145.19847046508883,
    "n_samples": 7200
  },
  "n_epochs_ran": 48,
  "stop_reason": "early_stopping",
  "model_type": "tcn",
  "loss": "huber",
  "learning_rate": 0.0005,
  "dropout": 0.1
}