{
  "fold_name": "loso_val_29",
  "val_subject_id": "29",
  "train_subject_ids": [
    "02",
    "03",
    "08",
    "09",
    "12",
    "13",
    "14",
    "15",
    "16",
    "17",
    "18",
    "19",
    "20",
    "21",
    "22",
    "25",
    "27",
    "28"
  ],
  "best_epoch": 28,
  "best_val_loss": 0.04835096746683121,
  "best_val_metrics": {
    "mae": 0.23174189435667358,
    "rmse": 0.2923316394821308,
    "rms": 0.2923316394821308,
    "r2": 0.8689990626577926,
    "bias": 0.12241634782270315,
    "mape_pct": 76.55818019944839,
    "n_samples": 7680
  },
  "n_epochs_ran": 58,
  "stop_reason": "early_stopping",
  "model_type": "cnn1d",
  "loss": "huber",
  "learning_rate": 0.001,
  "dropout": 0.1
}