{
  "fold_name": "loso_val_25",
  "val_subject_id": "25",
  "train_subject_ids": [
    "02",
    "03",
    "08",
    "09",
    "12",
    "13",
    "14",
    "15",
    "16",
    "17",
    "18",
    "19",
    "20",
    "21",
    "22",
    "27",
    "28",
    "29"
  ],
  "best_epoch": 15,
  "best_val_loss": 0.07881715521216393,
  "best_val_metrics": {
    "mae": 0.3798208068137885,
    "rmse": 0.44936311360766784,
    "rms": 0.44936311360766784,
    "r2": 0.5783930194007618,
    "bias": -0.01150527300931645,
    "mape_pct": 132.98303543235147,
    "n_samples": 1980
  },
  "n_epochs_ran": 45,
  "stop_reason": "early_stopping",
  "model_type": "tcn",
  "loss": "huber",
  "learning_rate": 0.001,
  "dropout": 0.1
}