{
  "fold_name": "loso_val_21",
  "val_subject_id": "21",
  "train_subject_ids": [
    "02",
    "03",
    "08",
    "09",
    "12",
    "13",
    "14",
    "15",
    "16",
    "17",
    "18",
    "19",
    "20",
    "22",
    "25",
    "27",
    "28",
    "29"
  ],
  "best_epoch": 28,
  "best_val_loss": 0.19312253594398499,
  "best_val_metrics": {
    "mae": 0.32631367349262375,
    "rmse": 0.41883808870082373,
    "rms": 0.41883808870082373,
    "r2": 0.7536981856506244,
    "bias": -0.23147213268978772,
    "mape_pct": 221.846548471259,
    "n_samples": 18600
  },
  "n_epochs_ran": 58,
  "stop_reason": "early_stopping",
  "model_type": "tcn",
  "loss": "mse",
  "learning_rate": 0.001,
  "dropout": 0.1
}