{
  "fold_name": "loso_val_14",
  "val_subject_id": "14",
  "train_subject_ids": [
    "02",
    "03",
    "08",
    "09",
    "12",
    "13",
    "15",
    "16",
    "17",
    "18",
    "19",
    "20",
    "21",
    "22",
    "25",
    "27",
    "28",
    "29"
  ],
  "best_epoch": 9,
  "best_val_loss": 0.5797245850165685,
  "best_val_metrics": {
    "mae": 0.9981443295414262,
    "rmse": 1.0795693337484762,
    "rms": 1.0795693337484762,
    "r2": -0.019753464274611776,
    "bias": 0.9732019091785802,
    "mape_pct": 283.565244476829,
    "n_samples": 20550
  },
  "n_epochs_ran": 39,
  "stop_reason": "early_stopping",
  "model_type": "tcn",
  "loss": "huber",
  "learning_rate": 0.001,
  "dropout": 0.1
}