{
  "fold_name": "loso_val_15",
  "val_subject_id": "15",
  "train_subject_ids": [
    "02",
    "03",
    "08",
    "09",
    "12",
    "13",
    "14",
    "16",
    "17",
    "18",
    "19",
    "20",
    "21",
    "22",
    "25",
    "27",
    "28",
    "29"
  ],
  "best_epoch": 39,
  "best_val_loss": 0.5172305107116699,
  "best_val_metrics": {
    "mae": 0.9020030804561697,
    "rmse": 1.2275692708856543,
    "rms": 1.2275692708856543,
    "r2": -0.09784340259663038,
    "bias": -0.7368112309831147,
    "mape_pct": 112.06344125906082,
    "n_samples": 3960
  },
  "n_epochs_ran": 69,
  "stop_reason": "early_stopping",
  "model_type": "tcn",
  "loss": "huber",
  "learning_rate": 0.001,
  "dropout": 0.2
}