{
  "fold_name": "loso_val_09",
  "val_subject_id": "09",
  "train_subject_ids": [
    "02",
    "03",
    "08",
    "12",
    "13",
    "14",
    "15",
    "16",
    "17",
    "18",
    "19",
    "20",
    "21",
    "22",
    "25",
    "27",
    "28",
    "29"
  ],
  "best_epoch": 1,
  "best_val_loss": 0.1951495260000229,
  "best_val_metrics": {
    "mae": 0.5151281919755396,
    "rmse": 0.6265652911226727,
    "rms": 0.6265652911226727,
    "r2": 0.44366979274702256,
    "bias": 0.3594473431379811,
    "mape_pct": 182.5744642040337,
    "n_samples": 3840
  },
  "n_epochs_ran": 31,
  "stop_reason": "early_stopping",
  "model_type": "tcn",
  "loss": "huber",
  "learning_rate": 0.0005,
  "dropout": 0.2
}