{
  "fold_name": "loso_val_14",
  "val_subject_id": "14",
  "train_subject_ids": [
    "02",
    "03",
    "08",
    "09",
    "12",
    "13",
    "15",
    "16",
    "17",
    "18",
    "19",
    "20",
    "21",
    "22",
    "25",
    "27",
    "28",
    "29"
  ],
  "best_epoch": 1,
  "best_val_loss": 0.8020557562510172,
  "best_val_metrics": {
    "mae": 1.168153327199333,
    "rmse": 1.3536209501735494,
    "rms": 1.3536209501735494,
    "r2": -0.6109164456907807,
    "bias": 1.0039619906526274,
    "mape_pct": 151.9766362929859,
    "n_samples": 4320
  },
  "n_epochs_ran": 31,
  "stop_reason": "early_stopping",
  "model_type": "cnn1d",
  "loss": "huber",
  "learning_rate": 0.0005,
  "dropout": 0.2
}