{
  "fold_name": "loso_val_25",
  "val_subject_id": "25",
  "train_subject_ids": [
    "02",
    "03",
    "08",
    "09",
    "12",
    "13",
    "14",
    "15",
    "16",
    "17",
    "18",
    "19",
    "20",
    "21",
    "22",
    "27",
    "28",
    "29"
  ],
  "best_epoch": 5,
  "best_val_loss": 0.1251458264887333,
  "best_val_metrics": {
    "mae": 0.3906974095615497,
    "rmse": 0.49147506210848246,
    "rms": 0.49147506210848246,
    "r2": 0.5180691995484561,
    "bias": -0.1664463286866496,
    "mape_pct": 130.44248428110058,
    "n_samples": 18750
  },
  "n_epochs_ran": 35,
  "stop_reason": "early_stopping",
  "model_type": "tcn",
  "loss": "huber",
  "learning_rate": 0.001,
  "dropout": 0.1
}