{
  "fold_name": "loso_val_09",
  "val_subject_id": "09",
  "train_subject_ids": [
    "02",
    "03",
    "08",
    "12",
    "13",
    "14",
    "15",
    "16",
    "17",
    "18",
    "19",
    "20",
    "21",
    "22",
    "25",
    "27",
    "28",
    "29"
  ],
  "best_epoch": 1,
  "best_val_loss": 0.1678246445953846,
  "best_val_metrics": {
    "mae": 0.4747652709620896,
    "rmse": 0.5795046697953042,
    "rms": 0.5795046697953042,
    "r2": 0.5228013312367669,
    "bias": 0.34874985217635435,
    "mape_pct": 203.05622273893337,
    "n_samples": 18450
  },
  "n_epochs_ran": 31,
  "stop_reason": "early_stopping",
  "model_type": "tcn",
  "loss": "huber",
  "learning_rate": 0.001,
  "dropout": 0.1
}