{
  "fold_name": "loso_val_02",
  "val_subject_id": "02",
  "train_subject_ids": [
    "03",
    "08",
    "09",
    "12",
    "13",
    "14",
    "15",
    "16",
    "17",
    "18",
    "19",
    "20",
    "21",
    "22",
    "25",
    "27",
    "28",
    "29"
  ],
  "best_epoch": 17,
  "best_val_loss": 0.09092789515852928,
  "best_val_metrics": {
    "mae": 0.32820269507400446,
    "rmse": 0.4189662005741358,
    "rms": 0.4189662005741358,
    "r2": 0.7196846298584414,
    "bias": 0.19059689750558592,
    "mape_pct": 152.74103663332778,
    "n_samples": 14400
  },
  "n_epochs_ran": 47,
  "stop_reason": "early_stopping",
  "model_type": "tcn",
  "loss": "huber",
  "learning_rate": 0.001,
  "dropout": 0.2
}