{
  "fold_name": "loso_val_12",
  "val_subject_id": "12",
  "train_subject_ids": [
    "02",
    "03",
    "08",
    "09",
    "13",
    "14",
    "15",
    "16",
    "17",
    "18",
    "19",
    "20",
    "21",
    "22",
    "25",
    "27",
    "28",
    "29"
  ],
  "best_epoch": 1,
  "best_val_loss": 0.16435368359088898,
  "best_val_metrics": {
    "mae": 0.46145564853876375,
    "rmse": 0.574392340220771,
    "rms": 0.574392340220771,
    "r2": 0.26274491021300383,
    "bias": -0.018662991831847553,
    "mape_pct": 611.9535508773553,
    "n_samples": 10620
  },
  "n_epochs_ran": 31,
  "stop_reason": "early_stopping",
  "model_type": "tcn",
  "loss": "huber",
  "learning_rate": 0.001,
  "dropout": 0.2
}