{
  "fold_name": "loso_val_12",
  "val_subject_id": "12",
  "train_subject_ids": [
    "02",
    "03",
    "08",
    "09",
    "13",
    "14",
    "15",
    "16",
    "17",
    "18",
    "19",
    "20",
    "21",
    "22",
    "25",
    "27",
    "28",
    "29"
  ],
  "best_epoch": 38,
  "best_val_loss": 0.0753367505967617,
  "best_val_metrics": {
    "mae": 0.30817055984018843,
    "rmse": 0.3817664766364642,
    "rms": 0.3817664766364642,
    "r2": 0.6646917499069358,
    "bias": -0.12531487094077773,
    "mape_pct": 311.71708821742897,
    "n_samples": 7320
  },
  "n_epochs_ran": 68,
  "stop_reason": "early_stopping",
  "model_type": "cnn1d",
  "loss": "huber",
  "learning_rate": 0.0005,
  "dropout": 0.1
}