{
  "fold_name": "loso_val_14",
  "val_subject_id": "14",
  "train_subject_ids": [
    "02",
    "03",
    "08",
    "09",
    "12",
    "13",
    "15",
    "16",
    "17",
    "18",
    "19",
    "20",
    "21",
    "22",
    "25",
    "27",
    "28",
    "29"
  ],
  "best_epoch": 51,
  "best_val_loss": 0.7096316814422607,
  "best_val_metrics": {
    "mae": 0.9623791557584708,
    "rmse": 1.0802588793087669,
    "rms": 1.0802588793087669,
    "r2": -0.00881043768871792,
    "bias": 0.9265369851222252,
    "mape_pct": 246.63898422860927,
    "n_samples": 6120
  },
  "n_epochs_ran": 81,
  "stop_reason": "early_stopping",
  "model_type": "tcn",
  "loss": "huber",
  "learning_rate": 0.0005,
  "dropout": 0.1
}