{
  "fold_name": "loso_val_19",
  "val_subject_id": "19",
  "train_subject_ids": [
    "02",
    "03",
    "08",
    "09",
    "12",
    "13",
    "14",
    "15",
    "16",
    "17",
    "18",
    "20",
    "21",
    "22",
    "25",
    "27",
    "28",
    "29"
  ],
  "best_epoch": 12,
  "best_val_loss": 0.4682682007551193,
  "best_val_metrics": {
    "mae": 0.5324593094654786,
    "rmse": 0.6646555858510482,
    "rms": 0.6646555858510482,
    "r2": 0.562283157944953,
    "bias": 0.05115504440201062,
    "mape_pct": 94.51926103813074,
    "n_samples": 18900
  },
  "n_epochs_ran": 42,
  "stop_reason": "early_stopping",
  "model_type": "tcn",
  "loss": "mse",
  "learning_rate": 0.001,
  "dropout": 0.1
}