{
  "fold_name": "loso_val_12",
  "val_subject_id": "12",
  "train_subject_ids": [
    "02",
    "03",
    "08",
    "09",
    "13",
    "14",
    "15",
    "16",
    "17",
    "18",
    "19",
    "20",
    "21",
    "22",
    "25",
    "27",
    "28",
    "29"
  ],
  "best_epoch": 1,
  "best_val_loss": 0.11110755801200867,
  "best_val_metrics": {
    "mae": 0.3779157062429613,
    "rmse": 0.46742241343252233,
    "rms": 0.46742241343252233,
    "r2": 0.5020366988368145,
    "bias": 0.14702986939403767,
    "mape_pct": 365.5060715645829,
    "n_samples": 6960
  },
  "n_epochs_ran": 31,
  "stop_reason": "early_stopping",
  "model_type": "tcn",
  "loss": "huber",
  "learning_rate": 0.0005,
  "dropout": 0.2
}