{
  "fold_name": "loso_val_28",
  "val_subject_id": "28",
  "train_subject_ids": [
    "02",
    "03",
    "08",
    "09",
    "12",
    "13",
    "14",
    "15",
    "16",
    "17",
    "18",
    "19",
    "20",
    "21",
    "22",
    "25",
    "27",
    "29"
  ],
  "best_epoch": 73,
  "best_val_loss": 0.07434118166565895,
  "best_val_metrics": {
    "mae": 0.28867255187507657,
    "rmse": 0.36491409413864145,
    "rms": 0.36491409413864145,
    "r2": 0.8401124805868875,
    "bias": 0.10100253139167488,
    "mape_pct": 75.65688406865671,
    "n_samples": 7440
  },
  "n_epochs_ran": 103,
  "stop_reason": "early_stopping",
  "model_type": "cnn1d",
  "loss": "huber",
  "learning_rate": 0.001,
  "dropout": 0.1
}