{
  "fold_name": "loso_val_03",
  "val_subject_id": "03",
  "train_subject_ids": [
    "02",
    "08",
    "09",
    "12",
    "13",
    "14",
    "15",
    "16",
    "17",
    "18",
    "19",
    "20",
    "21",
    "22",
    "25",
    "27",
    "28",
    "29"
  ],
  "best_epoch": 12,
  "best_val_loss": 0.13279868476092815,
  "best_val_metrics": {
    "mae": 0.266996173251819,
    "rmse": 0.3512705112744826,
    "rms": 0.3512705112744826,
    "r2": 0.8972136616502064,
    "bias": -0.02046918638048032,
    "mape_pct": 54.941504040574074,
    "n_samples": 18450
  },
  "n_epochs_ran": 42,
  "stop_reason": "early_stopping",
  "model_type": "tcn",
  "loss": "mse",
  "learning_rate": 0.001,
  "dropout": 0.1
}