{
  "fold_name": "loso_val_09",
  "val_subject_id": "09",
  "train_subject_ids": [
    "02",
    "03",
    "08",
    "12",
    "13",
    "14",
    "15",
    "16",
    "17",
    "18",
    "19",
    "20",
    "21",
    "22",
    "25",
    "27",
    "28",
    "29"
  ],
  "best_epoch": 8,
  "best_val_loss": 0.1644785674288869,
  "best_val_metrics": {
    "mae": 0.4809979179079661,
    "rmse": 0.5600158307819645,
    "rms": 0.5600158307819645,
    "r2": 0.5443459413625973,
    "bias": 0.409349637079724,
    "mape_pct": 233.17287880702753,
    "n_samples": 18450
  },
  "n_epochs_ran": 38,
  "stop_reason": "early_stopping",
  "model_type": "tcn",
  "loss": "huber",
  "learning_rate": 0.001,
  "dropout": 0.1
}