{
  "fold_name": "loso_val_03",
  "val_subject_id": "03",
  "train_subject_ids": [
    "02",
    "08",
    "09",
    "12",
    "13",
    "14",
    "15",
    "16",
    "17",
    "18",
    "19",
    "20",
    "21",
    "22",
    "25",
    "27",
    "28",
    "29"
  ],
  "best_epoch": 29,
  "best_val_loss": 0.09274617582559586,
  "best_val_metrics": {
    "mae": 0.33227966084797184,
    "rmse": 0.4256329009600807,
    "rms": 0.4256329009600807,
    "r2": 0.8514508939722991,
    "bias": -0.08752234824267584,
    "mape_pct": 58.59021616362742,
    "n_samples": 5580
  },
  "n_epochs_ran": 59,
  "stop_reason": "early_stopping",
  "model_type": "tcn",
  "loss": "huber",
  "learning_rate": 0.0005,
  "dropout": 0.2
}