{
  "fold_name": "loso_val_13",
  "val_subject_id": "13",
  "train_subject_ids": [
    "02",
    "03",
    "08",
    "09",
    "12",
    "14",
    "15",
    "16",
    "17",
    "18",
    "19",
    "20",
    "21",
    "22",
    "25",
    "27",
    "28",
    "29"
  ],
  "best_epoch": 9,
  "best_val_loss": 0.2615897407134374,
  "best_val_metrics": {
    "mae": 0.6449591027131567,
    "rmse": 0.8121620667520697,
    "rms": 0.8121620667520697,
    "r2": 0.5602247228410666,
    "bias": -0.5165904927384467,
    "mape_pct": 209.8531732993405,
    "n_samples": 3900
  },
  "n_epochs_ran": 39,
  "stop_reason": "early_stopping",
  "model_type": "cnn1d",
  "loss": "huber",
  "learning_rate": 0.001,
  "dropout": 0.1
}