{
  "fold_name": "loso_val_29",
  "val_subject_id": "29",
  "train_subject_ids": [
    "02",
    "03",
    "08",
    "09",
    "12",
    "13",
    "14",
    "15",
    "16",
    "17",
    "18",
    "19",
    "20",
    "21",
    "22",
    "25",
    "27",
    "28"
  ],
  "best_epoch": 21,
  "best_val_loss": 0.0395555617287755,
  "best_val_metrics": {
    "mae": 0.19318195777807246,
    "rmse": 0.2696284182973649,
    "rms": 0.2696284182973649,
    "r2": 0.8937191859340626,
    "bias": 0.07729096254559292,
    "mape_pct": 69.77640205567954,
    "n_samples": 18900
  },
  "n_epochs_ran": 51,
  "stop_reason": "early_stopping",
  "model_type": "tcn",
  "loss": "huber",
  "learning_rate": 0.001,
  "dropout": 0.1
}