{
  "fold_name": "loso_val_21",
  "val_subject_id": "21",
  "train_subject_ids": [
    "02",
    "03",
    "08",
    "09",
    "12",
    "13",
    "14",
    "15",
    "16",
    "17",
    "18",
    "19",
    "20",
    "22",
    "25",
    "27",
    "28",
    "29"
  ],
  "best_epoch": 49,
  "best_val_loss": 0.10985362902283669,
  "best_val_metrics": {
    "mae": 0.36566307760245986,
    "rmse": 0.4569749677585917,
    "rms": 0.4569749677585917,
    "r2": 0.715277832221327,
    "bias": -0.3163914982151553,
    "mape_pct": 239.8729004460741,
    "n_samples": 7560
  },
  "n_epochs_ran": 79,
  "stop_reason": "early_stopping",
  "model_type": "cnn1d",
  "loss": "huber",
  "learning_rate": 0.001,
  "dropout": 0.1
}