{
  "fold_name": "loso_val_17",
  "val_subject_id": "17",
  "train_subject_ids": [
    "02",
    "03",
    "08",
    "09",
    "12",
    "13",
    "14",
    "15",
    "16",
    "18",
    "19",
    "20",
    "21",
    "22",
    "25",
    "27",
    "28",
    "29"
  ],
  "best_epoch": 18,
  "best_val_loss": 0.06473543122410774,
  "best_val_metrics": {
    "mae": 0.2540465126131288,
    "rmse": 0.34935725558854597,
    "rms": 0.34935725558854597,
    "r2": 0.8151305217162985,
    "bias": -0.12312751630422167,
    "mape_pct": 97.43486486410038,
    "n_samples": 18150
  },
  "n_epochs_ran": 48,
  "stop_reason": "early_stopping",
  "model_type": "tcn",
  "loss": "huber",
  "learning_rate": 0.001,
  "dropout": 0.1
}