{
  "fold_name": "loso_val_14",
  "val_subject_id": "14",
  "train_subject_ids": [
    "02",
    "03",
    "08",
    "09",
    "12",
    "13",
    "15",
    "16",
    "17",
    "18",
    "19",
    "20",
    "21",
    "22",
    "25",
    "27",
    "28",
    "29"
  ],
  "best_epoch": 17,
  "best_val_loss": 1.3176395058631898,
  "best_val_metrics": {
    "mae": 0.9529740134857078,
    "rmse": 1.0536846309154873,
    "rms": 1.0536846309154873,
    "r2": 0.02259178555841801,
    "bias": 0.921631774298355,
    "mape_pct": 259.0735841394617,
    "n_samples": 20550
  },
  "n_epochs_ran": 47,
  "stop_reason": "early_stopping",
  "model_type": "tcn",
  "loss": "mse",
  "learning_rate": 0.001,
  "dropout": 0.1
}