{
  "fold_name": "loso_val_15",
  "val_subject_id": "15",
  "train_subject_ids": [
    "02",
    "03",
    "08",
    "09",
    "12",
    "13",
    "14",
    "16",
    "17",
    "18",
    "19",
    "20",
    "21",
    "22",
    "25",
    "27",
    "28",
    "29"
  ],
  "best_epoch": 16,
  "best_val_loss": 0.6031097173690796,
  "best_val_metrics": {
    "mae": 0.9396235458207346,
    "rmse": 1.3001668107826223,
    "rms": 1.3001668107826223,
    "r2": -0.09637653795185641,
    "bias": -0.7279153524106869,
    "mape_pct": 105.75854286645898,
    "n_samples": 7440
  },
  "n_epochs_ran": 46,
  "stop_reason": "early_stopping",
  "model_type": "tcn",
  "loss": "huber",
  "learning_rate": 0.001,
  "dropout": 0.1
}