{
  "fold_name": "loso_val_02",
  "val_subject_id": "02",
  "train_subject_ids": [
    "03",
    "08",
    "09",
    "12",
    "13",
    "14",
    "15",
    "16",
    "17",
    "18",
    "19",
    "20",
    "21",
    "22",
    "25",
    "27",
    "28",
    "29"
  ],
  "best_epoch": 41,
  "best_val_loss": 0.085010576993227,
  "best_val_metrics": {
    "mae": 0.3204461063287349,
    "rmse": 0.4045180242852813,
    "rms": 0.4045180242852813,
    "r2": 0.7366618549657657,
    "bias": 0.2043046366414919,
    "mape_pct": 125.51888999150268,
    "n_samples": 11160
  },
  "n_epochs_ran": 71,
  "stop_reason": "early_stopping",
  "model_type": "tcn",
  "loss": "huber",
  "learning_rate": 0.0005,
  "dropout": 0.2
}