{
  "fold_name": "loso_val_18",
  "val_subject_id": "18",
  "train_subject_ids": [
    "02",
    "03",
    "08",
    "09",
    "12",
    "13",
    "14",
    "15",
    "16",
    "17",
    "19",
    "20",
    "21",
    "22",
    "25",
    "27",
    "28",
    "29"
  ],
  "best_epoch": 8,
  "best_val_loss": 0.1290728859603405,
  "best_val_metrics": {
    "mae": 0.39954879810194643,
    "rmse": 0.49619549534673074,
    "rms": 0.49619549534673074,
    "r2": 0.5336733749712859,
    "bias": 0.3623850388268968,
    "mape_pct": 318.76805780349235,
    "n_samples": 18150
  },
  "n_epochs_ran": 38,
  "stop_reason": "early_stopping",
  "model_type": "tcn",
  "loss": "huber",
  "learning_rate": 0.001,
  "dropout": 0.1
}