{
  "fold_name": "loso_val_12",
  "val_subject_id": "12",
  "train_subject_ids": [
    "02",
    "03",
    "08",
    "09",
    "13",
    "14",
    "15",
    "16",
    "17",
    "18",
    "19",
    "20",
    "21",
    "22",
    "25",
    "27",
    "28",
    "29"
  ],
  "best_epoch": 4,
  "best_val_loss": 0.14948305487632751,
  "best_val_metrics": {
    "mae": 0.4336677705850847,
    "rmse": 0.5533085562287146,
    "rms": 0.5533085562287146,
    "r2": 0.31808592772718813,
    "bias": -0.12218863480253046,
    "mape_pct": 586.2401443221454,
    "n_samples": 6960
  },
  "n_epochs_ran": 34,
  "stop_reason": "early_stopping",
  "model_type": "tcn",
  "loss": "huber",
  "learning_rate": 0.001,
  "dropout": 0.2
}