{
  "fold_name": "loso_val_08",
  "val_subject_id": "08",
  "train_subject_ids": [
    "02",
    "03",
    "09",
    "12",
    "13",
    "14",
    "15",
    "16",
    "17",
    "18",
    "19",
    "20",
    "21",
    "22",
    "25",
    "27",
    "28",
    "29"
  ],
  "best_epoch": 5,
  "best_val_loss": 0.10366931185126305,
  "best_val_metrics": {
    "mae": 0.3645222017087508,
    "rmse": 0.46000721869996003,
    "rms": 0.46000721869996003,
    "r2": 0.7615820250332896,
    "bias": -0.20312461028806866,
    "mape_pct": 126.96867511874824,
    "n_samples": 10800
  },
  "n_epochs_ran": 35,
  "stop_reason": "early_stopping",
  "model_type": "cnn1d",
  "loss": "huber",
  "learning_rate": 0.001,
  "dropout": 0.2
}