{
  "fold_name": "loso_val_03",
  "val_subject_id": "03",
  "train_subject_ids": [
    "02",
    "08",
    "09",
    "12",
    "13",
    "14",
    "15",
    "16",
    "17",
    "18",
    "19",
    "20",
    "21",
    "22",
    "25",
    "27",
    "28",
    "29"
  ],
  "best_epoch": 43,
  "best_val_loss": 0.07697809860110283,
  "best_val_metrics": {
    "mae": 0.2962577954992438,
    "rmse": 0.38606064439870424,
    "rms": 0.38606064439870424,
    "r2": 0.8794538845980268,
    "bias": -0.08000349396891368,
    "mape_pct": 53.325425770398695,
    "n_samples": 14160
  },
  "n_epochs_ran": 73,
  "stop_reason": "early_stopping",
  "model_type": "tcn",
  "loss": "huber",
  "learning_rate": 0.001,
  "dropout": 0.2
}