{
  "fold_name": "loso_val_14",
  "val_subject_id": "14",
  "train_subject_ids": [
    "02",
    "03",
    "08",
    "09",
    "12",
    "13",
    "15",
    "16",
    "17",
    "18",
    "19",
    "20",
    "21",
    "22",
    "25",
    "27",
    "28",
    "29"
  ],
  "best_epoch": 37,
  "best_val_loss": 0.7574385404586792,
  "best_val_metrics": {
    "mae": 1.0265737879912122,
    "rmse": 1.1437852851962689,
    "rms": 1.1437852851962689,
    "r2": -0.16095901958548486,
    "bias": 0.9999573080114732,
    "mape_pct": 275.8950340135924,
    "n_samples": 4200
  },
  "n_epochs_ran": 67,
  "stop_reason": "early_stopping",
  "model_type": "tcn",
  "loss": "huber",
  "learning_rate": 0.001,
  "dropout": 0.1
}