{
  "fold_name": "loso_val_02",
  "val_subject_id": "02",
  "train_subject_ids": [
    "03",
    "08",
    "09",
    "12",
    "13",
    "14",
    "15",
    "16",
    "17",
    "18",
    "19",
    "20",
    "21",
    "22",
    "25",
    "27",
    "28",
    "29"
  ],
  "best_epoch": 25,
  "best_val_loss": 0.07644126564264297,
  "best_val_metrics": {
    "mae": 0.308379205887104,
    "rmse": 0.3828660807598622,
    "rms": 0.3828660807598622,
    "r2": 0.7645691184102881,
    "bias": 0.23988314204013175,
    "mape_pct": 130.00928471628126,
    "n_samples": 7680
  },
  "n_epochs_ran": 55,
  "stop_reason": "early_stopping",
  "model_type": "tcn",
  "loss": "huber",
  "learning_rate": 0.001,
  "dropout": 0.1
}