{
  "fold_name": "loso_val_20",
  "val_subject_id": "20",
  "train_subject_ids": [
    "02",
    "03",
    "08",
    "09",
    "12",
    "13",
    "14",
    "15",
    "16",
    "17",
    "18",
    "19",
    "21",
    "22",
    "25",
    "27",
    "28",
    "29"
  ],
  "best_epoch": 6,
  "best_val_loss": 0.04608247010037303,
  "best_val_metrics": {
    "mae": 0.21127081380893672,
    "rmse": 0.28765213442094545,
    "rms": 0.28765213442094545,
    "r2": 0.8748577627724721,
    "bias": -0.009678534366294763,
    "mape_pct": 95.83495798677302,
    "n_samples": 18300
  },
  "n_epochs_ran": 36,
  "stop_reason": "early_stopping",
  "model_type": "tcn",
  "loss": "huber",
  "learning_rate": 0.001,
  "dropout": 0.1
}