{
  "fold_name": "loso_val_14",
  "val_subject_id": "14",
  "train_subject_ids": [
    "02",
    "03",
    "08",
    "09",
    "12",
    "13",
    "15",
    "16",
    "17",
    "18",
    "19",
    "20",
    "21",
    "22",
    "25",
    "27",
    "28",
    "29"
  ],
  "best_epoch": 1,
  "best_val_loss": 0.9827471971511841,
  "best_val_metrics": {
    "mae": 1.269664157928271,
    "rmse": 1.5080901053238605,
    "rms": 1.5080901053238605,
    "r2": -0.8302590473562008,
    "bias": 1.1438988149091436,
    "mape_pct": 205.24749000527578,
    "n_samples": 7920
  },
  "n_epochs_ran": 31,
  "stop_reason": "early_stopping",
  "model_type": "cnn1d",
  "loss": "huber",
  "learning_rate": 0.0005,
  "dropout": 0.1
}