{
  "fold_name": "loso_val_21",
  "val_subject_id": "21",
  "train_subject_ids": [
    "02",
    "03",
    "08",
    "09",
    "12",
    "13",
    "14",
    "15",
    "16",
    "17",
    "18",
    "19",
    "20",
    "22",
    "25",
    "27",
    "28",
    "29"
  ],
  "best_epoch": 17,
  "best_val_loss": 0.09350808709859848,
  "best_val_metrics": {
    "mae": 0.32753066830591154,
    "rmse": 0.42145056651386303,
    "rms": 0.42145056651386303,
    "r2": 0.7475745027357612,
    "bias": -0.24503369196662328,
    "mape_pct": 213.6325306985921,
    "n_samples": 18600
  },
  "n_epochs_ran": 47,
  "stop_reason": "early_stopping",
  "model_type": "tcn",
  "loss": "huber",
  "learning_rate": 0.001,
  "dropout": 0.1
}