{
  "fold_name": "loso_val_02",
  "val_subject_id": "02",
  "train_subject_ids": [
    "03",
    "08",
    "09",
    "12",
    "13",
    "14",
    "15",
    "16",
    "17",
    "18",
    "19",
    "20",
    "21",
    "22",
    "25",
    "27",
    "28",
    "29"
  ],
  "best_epoch": 18,
  "best_val_loss": 0.14964944310486317,
  "best_val_metrics": {
    "mae": 0.3104383062985455,
    "rmse": 0.37820099637406385,
    "rms": 0.37820099637406385,
    "r2": 0.7761207043187325,
    "bias": 0.26190814061536916,
    "mape_pct": 143.07364318081852,
    "n_samples": 18900
  },
  "n_epochs_ran": 48,
  "stop_reason": "early_stopping",
  "model_type": "tcn",
  "loss": "mse",
  "learning_rate": 0.001,
  "dropout": 0.1
}