{
  "fold_name": "loso_val_08",
  "val_subject_id": "08",
  "train_subject_ids": [
    "02",
    "03",
    "09",
    "12",
    "13",
    "14",
    "15",
    "16",
    "17",
    "18",
    "19",
    "20",
    "21",
    "22",
    "25",
    "27",
    "28",
    "29"
  ],
  "best_epoch": 32,
  "best_val_loss": 0.08269654586911201,
  "best_val_metrics": {
    "mae": 0.3342076752137358,
    "rmse": 0.3971818213904592,
    "rms": 0.3971818213904592,
    "r2": 0.8172970680961488,
    "bias": -0.2539077511612602,
    "mape_pct": 136.26203116792828,
    "n_samples": 10800
  },
  "n_epochs_ran": 62,
  "stop_reason": "early_stopping",
  "model_type": "tcn",
  "loss": "huber",
  "learning_rate": 0.0005,
  "dropout": 0.1
}