{
  "fold_name": "loso_val_27",
  "val_subject_id": "27",
  "train_subject_ids": [
    "02",
    "03",
    "08",
    "09",
    "12",
    "13",
    "14",
    "15",
    "16",
    "17",
    "18",
    "19",
    "20",
    "21",
    "22",
    "25",
    "28",
    "29"
  ],
  "best_epoch": 11,
  "best_val_loss": 0.2500495035201311,
  "best_val_metrics": {
    "mae": 0.3658206700599002,
    "rmse": 0.4880897248385025,
    "rms": 0.4880897248385025,
    "r2": 0.7466782215144037,
    "bias": -0.1619066218691108,
    "mape_pct": 202.56403476958798,
    "n_samples": 18600
  },
  "n_epochs_ran": 41,
  "stop_reason": "early_stopping",
  "model_type": "tcn",
  "loss": "mse",
  "learning_rate": 0.001,
  "dropout": 0.1
}