{
  "fold_name": "loso_val_03",
  "val_subject_id": "03",
  "train_subject_ids": [
    "02",
    "08",
    "09",
    "12",
    "13",
    "14",
    "15",
    "16",
    "17",
    "18",
    "19",
    "20",
    "21",
    "22",
    "25",
    "27",
    "28",
    "29"
  ],
  "best_epoch": 12,
  "best_val_loss": 0.049258848652243614,
  "best_val_metrics": {
    "mae": 0.24246192902973937,
    "rmse": 0.3139774398939042,
    "rms": 0.3139774398939042,
    "r2": 0.9219473905388679,
    "bias": -0.08587173059536506,
    "mape_pct": 50.00446074125914,
    "n_samples": 14160
  },
  "n_epochs_ran": 42,
  "stop_reason": "early_stopping",
  "model_type": "cnn1d",
  "loss": "huber",
  "learning_rate": 0.001,
  "dropout": 0.2
}