{
  "fold_name": "loso_val_14",
  "val_subject_id": "14",
  "train_subject_ids": [
    "02",
    "03",
    "08",
    "09",
    "12",
    "13",
    "15",
    "16",
    "17",
    "18",
    "19",
    "20",
    "21",
    "22",
    "25",
    "27",
    "28",
    "29"
  ],
  "best_epoch": 16,
  "best_val_loss": 0.5457038680712382,
  "best_val_metrics": {
    "mae": 0.8691365925147289,
    "rmse": 0.9758313678540905,
    "rms": 0.9758313678540905,
    "r2": 0.11514045073931001,
    "bias": 0.7983163164414927,
    "mape_pct": 193.82309566215451,
    "n_samples": 4320
  },
  "n_epochs_ran": 46,
  "stop_reason": "early_stopping",
  "model_type": "tcn",
  "loss": "huber",
  "learning_rate": 0.0005,
  "dropout": 0.1
}