{
  "fold_name": "loso_val_28",
  "val_subject_id": "28",
  "train_subject_ids": [
    "02",
    "03",
    "08",
    "09",
    "12",
    "13",
    "14",
    "15",
    "16",
    "17",
    "18",
    "19",
    "20",
    "21",
    "22",
    "25",
    "27",
    "29"
  ],
  "best_epoch": 43,
  "best_val_loss": 0.05702529661357403,
  "best_val_metrics": {
    "mae": 0.24149846668021635,
    "rmse": 0.3233548049707646,
    "rms": 0.3233548049707646,
    "r2": 0.8750129517899214,
    "bias": -0.006211529298147992,
    "mape_pct": 74.66244457367527,
    "n_samples": 18150
  },
  "n_epochs_ran": 73,
  "stop_reason": "early_stopping",
  "model_type": "tcn",
  "loss": "huber",
  "learning_rate": 0.001,
  "dropout": 0.1
}