val_subject_id,n_train_windows,n_val_windows,best_epoch,best_val_loss,mae,rmse,rms,r2,bias,mape_pct
02,2227,126,13,0.07209728145971894,0.29686281868806064,0.37245348221555125,0.37245348221555125,0.7775593950953771,0.20243861342571484,121.13845761612399
03,2230,123,12,0.06037489930167794,0.25381064711570195,0.33847675538603744,0.33847675538603744,0.9027363867817895,-0.04953618969876814,53.15560921839082
08,2232,121,30,0.0525017399340868,0.25211703704546923,0.32054863883224477,0.32054863883224477,0.8813458243317615,-0.1237218765565515,97.9126655236493
09,2230,123,9,0.18721004202961922,0.5320688673776264,0.5958108622529744,0.5958108622529744,0.4809794070193857,0.48656353038875766,243.97871968954487
12,2233,120,27,0.13797970209270716,0.4154446189590542,0.5222921388200794,0.5222921388200794,0.389375417936758,-0.1097755138666285,466.9501855122985
13,2229,124,2,0.26068082824349403,0.5669631630446266,0.730201339011307,0.730201339011307,0.652093389963359,-0.4748792825289126,252.1448692534936
14,2216,137,9,0.5797245850165685,0.9981443295414262,1.0795693337484762,1.0795693337484762,-0.019753464274611776,0.9732019091785802,283.565244476829
15,2226,127,2,0.5643812119960785,0.914243682821494,1.2141162614869325,1.2141162614869325,0.018998207351184293,-0.6591811145835231,104.97476135876862
