{
  "fold_name": "loso_val_02",
  "val_subject_id": "02",
  "train_subject_ids": [
    "03",
    "08",
    "09",
    "12",
    "13",
    "14",
    "15",
    "16",
    "17",
    "18",
    "19",
    "20",
    "21",
    "22",
    "25",
    "27",
    "28",
    "29"
  ],
  "best_epoch": 1,
  "best_val_loss": 0.14791254326701164,
  "best_val_metrics": {
    "mae": 0.484909892017745,
    "rmse": 0.5717730906561369,
    "rms": 0.5717730906561369,
    "r2": 0.4744512484054262,
    "bias": 0.2509086728152746,
    "mape_pct": 192.7987426335692,
    "n_samples": 1980
  },
  "n_epochs_ran": 31,
  "stop_reason": "early_stopping",
  "model_type": "cnn1d",
  "loss": "huber",
  "learning_rate": 0.0005,
  "dropout": 0.1
}