{
  "fold_name": "loso_val_25",
  "val_subject_id": "25",
  "train_subject_ids": [
    "02",
    "03",
    "08",
    "09",
    "12",
    "13",
    "14",
    "15",
    "16",
    "17",
    "18",
    "19",
    "20",
    "21",
    "22",
    "27",
    "28",
    "29"
  ],
  "best_epoch": 1,
  "best_val_loss": 0.11738993227481842,
  "best_val_metrics": {
    "mae": 0.4034094421578944,
    "rmse": 0.48037712278736416,
    "rms": 0.48037712278736416,
    "r2": 0.5519757323508853,
    "bias": -0.07865482979930938,
    "mape_pct": 121.64967512007846,
    "n_samples": 18750
  },
  "n_epochs_ran": 31,
  "stop_reason": "early_stopping",
  "model_type": "tcn",
  "loss": "huber",
  "learning_rate": 0.001,
  "dropout": 0.1
}