{
  "fold_name": "loso_val_25",
  "val_subject_id": "25",
  "train_subject_ids": [
    "02",
    "03",
    "08",
    "09",
    "12",
    "13",
    "14",
    "15",
    "16",
    "17",
    "18",
    "19",
    "20",
    "21",
    "22",
    "27",
    "28",
    "29"
  ],
  "best_epoch": 8,
  "best_val_loss": 0.09661764403184255,
  "best_val_metrics": {
    "mae": 0.38456164760105876,
    "rmse": 0.4612705164423779,
    "rms": 0.4612705164423779,
    "r2": 0.5492665856150396,
    "bias": -0.06971477631495965,
    "mape_pct": 146.56669130047203,
    "n_samples": 3960
  },
  "n_epochs_ran": 38,
  "stop_reason": "early_stopping",
  "model_type": "tcn",
  "loss": "huber",
  "learning_rate": 0.0005,
  "dropout": 0.1
}