{
  "fold_name": "loso_val_09",
  "val_subject_id": "09",
  "train_subject_ids": [
    "02",
    "03",
    "08",
    "12",
    "13",
    "14",
    "15",
    "16",
    "17",
    "18",
    "19",
    "20",
    "21",
    "22",
    "25",
    "27",
    "28",
    "29"
  ],
  "best_epoch": 9,
  "best_val_loss": 0.1563967913389206,
  "best_val_metrics": {
    "mae": 0.4809900552165668,
    "rmse": 0.5542339286085519,
    "rms": 0.5542339286085519,
    "r2": 0.5565094713674867,
    "bias": 0.43768718969665416,
    "mape_pct": 234.45154439078158,
    "n_samples": 7200
  },
  "n_epochs_ran": 39,
  "stop_reason": "early_stopping",
  "model_type": "tcn",
  "loss": "huber",
  "learning_rate": 0.001,
  "dropout": 0.2
}