{
  "fold_name": "loso_val_18",
  "val_subject_id": "18",
  "train_subject_ids": [
    "02",
    "03",
    "08",
    "09",
    "12",
    "13",
    "14",
    "15",
    "16",
    "17",
    "19",
    "20",
    "21",
    "22",
    "25",
    "27",
    "28",
    "29"
  ],
  "best_epoch": 18,
  "best_val_loss": 0.2503138789907098,
  "best_val_metrics": {
    "mae": 0.38760267681963023,
    "rmse": 0.47758901722997027,
    "rms": 0.47758901722997027,
    "r2": 0.5676267482379314,
    "bias": 0.35988002161474864,
    "mape_pct": 184.02673462355682,
    "n_samples": 18150
  },
  "n_epochs_ran": 48,
  "stop_reason": "early_stopping",
  "model_type": "tcn",
  "loss": "mse",
  "learning_rate": 0.001,
  "dropout": 0.1
}