{
  "fold_name": "loso_val_15",
  "val_subject_id": "15",
  "train_subject_ids": [
    "02",
    "03",
    "08",
    "09",
    "12",
    "13",
    "14",
    "16",
    "17",
    "18",
    "19",
    "20",
    "21",
    "22",
    "25",
    "27",
    "28",
    "29"
  ],
  "best_epoch": 18,
  "best_val_loss": 0.5512791275978088,
  "best_val_metrics": {
    "mae": 0.8837205353493883,
    "rmse": 1.2279211001321317,
    "rms": 1.2279211001321317,
    "r2": 0.014144586234000278,
    "bias": -0.6200598595862383,
    "mape_pct": 111.90984710697415,
    "n_samples": 14640
  },
  "n_epochs_ran": 48,
  "stop_reason": "early_stopping",
  "model_type": "tcn",
  "loss": "huber",
  "learning_rate": 0.001,
  "dropout": 0.1
}