{
  "fold_name": "loso_val_22",
  "val_subject_id": "22",
  "train_subject_ids": [
    "02",
    "03",
    "08",
    "09",
    "12",
    "13",
    "14",
    "15",
    "16",
    "17",
    "18",
    "19",
    "20",
    "21",
    "25",
    "27",
    "28",
    "29"
  ],
  "best_epoch": 18,
  "best_val_loss": 0.03962652012705803,
  "best_val_metrics": {
    "mae": 0.20766708897899092,
    "rmse": 0.2746619487802264,
    "rms": 0.2746619487802264,
    "r2": 0.8545321286543336,
    "bias": -0.10299426376557519,
    "mape_pct": 616.9815191172247,
    "n_samples": 18450
  },
  "n_epochs_ran": 48,
  "stop_reason": "early_stopping",
  "model_type": "tcn",
  "loss": "huber",
  "learning_rate": 0.001,
  "dropout": 0.1
}