{
  "fold_name": "loso_val_13",
  "val_subject_id": "13",
  "train_subject_ids": [
    "02",
    "03",
    "08",
    "09",
    "12",
    "14",
    "15",
    "16",
    "17",
    "18",
    "19",
    "20",
    "21",
    "22",
    "25",
    "27",
    "28",
    "29"
  ],
  "best_epoch": 12,
  "best_val_loss": 0.22291339188814163,
  "best_val_metrics": {
    "mae": 0.5069248527807373,
    "rmse": 0.668458995278082,
    "rms": 0.668458995278082,
    "r2": 0.7101990299092612,
    "bias": -0.39944628916228964,
    "mape_pct": 231.80884369413755,
    "n_samples": 14160
  },
  "n_epochs_ran": 42,
  "stop_reason": "early_stopping",
  "model_type": "tcn",
  "loss": "huber",
  "learning_rate": 0.0005,
  "dropout": 0.2
}