{
  "fold_name": "loso_val_25",
  "val_subject_id": "25",
  "train_subject_ids": [
    "02",
    "03",
    "08",
    "09",
    "12",
    "13",
    "14",
    "15",
    "16",
    "17",
    "18",
    "19",
    "20",
    "21",
    "22",
    "27",
    "28",
    "29"
  ],
  "best_epoch": 3,
  "best_val_loss": 0.1278793402016163,
  "best_val_metrics": {
    "mae": 0.4043001274954031,
    "rmse": 0.5015600065497297,
    "rms": 0.5015600065497297,
    "r2": 0.5083580028830694,
    "bias": -0.1910106984930982,
    "mape_pct": 152.1751676683454,
    "n_samples": 18750
  },
  "n_epochs_ran": 33,
  "stop_reason": "early_stopping",
  "model_type": "tcn",
  "loss": "huber",
  "learning_rate": 0.001,
  "dropout": 0.1
}