{
  "fold_name": "loso_val_16",
  "val_subject_id": "16",
  "train_subject_ids": [
    "02",
    "03",
    "08",
    "09",
    "12",
    "13",
    "14",
    "15",
    "17",
    "18",
    "19",
    "20",
    "21",
    "22",
    "25",
    "27",
    "28",
    "29"
  ],
  "best_epoch": 5,
  "best_val_loss": 0.15757486037909985,
  "best_val_metrics": {
    "mae": 0.26538621527535444,
    "rmse": 0.3744079938455301,
    "rms": 0.3744079938455301,
    "r2": 0.7021026362985088,
    "bias": 0.019379741200663315,
    "mape_pct": 111.09348037893898,
    "n_samples": 17850
  },
  "n_epochs_ran": 35,
  "stop_reason": "early_stopping",
  "model_type": "tcn",
  "loss": "mse",
  "learning_rate": 0.001,
  "dropout": 0.1
}