{
  "fold_name": "loso_val_08",
  "val_subject_id": "08",
  "train_subject_ids": [
    "02",
    "03",
    "09",
    "12",
    "13",
    "14",
    "15",
    "16",
    "17",
    "18",
    "19",
    "20",
    "21",
    "22",
    "25",
    "27",
    "28",
    "29"
  ],
  "best_epoch": 59,
  "best_val_loss": 0.07617342472076416,
  "best_val_metrics": {
    "mae": 0.3133023301866573,
    "rmse": 0.37824342855526377,
    "rms": 0.37824342855526377,
    "r2": 0.8313638957032096,
    "bias": -0.23725332836843718,
    "mape_pct": 121.23260314089548,
    "n_samples": 18150
  },
  "n_epochs_ran": 89,
  "stop_reason": "early_stopping",
  "model_type": "tcn",
  "loss": "huber",
  "learning_rate": 0.001,
  "dropout": 0.1
}