{
  "fold_name": "loso_val_08",
  "val_subject_id": "08",
  "train_subject_ids": [
    "02",
    "03",
    "09",
    "12",
    "13",
    "14",
    "15",
    "16",
    "17",
    "18",
    "19",
    "20",
    "21",
    "22",
    "25",
    "27",
    "28",
    "29"
  ],
  "best_epoch": 82,
  "best_val_loss": 0.059036790393292904,
  "best_val_metrics": {
    "mae": 0.27178723045221986,
    "rmse": 0.33976903782416473,
    "rms": 0.33976903782416473,
    "r2": 0.8663829342689292,
    "bias": -0.13815515430351674,
    "mape_pct": 116.32546329676505,
    "n_samples": 18150
  },
  "n_epochs_ran": 112,
  "stop_reason": "early_stopping",
  "model_type": "tcn",
  "loss": "huber",
  "learning_rate": 0.001,
  "dropout": 0.1
}