{
  "fold_name": "loso_val_18",
  "val_subject_id": "18",
  "train_subject_ids": [
    "02",
    "03",
    "08",
    "09",
    "12",
    "13",
    "14",
    "15",
    "16",
    "17",
    "19",
    "20",
    "21",
    "22",
    "25",
    "27",
    "28",
    "29"
  ],
  "best_epoch": 24,
  "best_val_loss": 0.12030263990163803,
  "best_val_metrics": {
    "mae": 0.39076801041359227,
    "rmse": 0.4683992020277065,
    "rms": 0.4683992020277065,
    "r2": 0.5827179104078304,
    "bias": 0.361062553309484,
    "mape_pct": 295.79706328020166,
    "n_samples": 18150
  },
  "n_epochs_ran": 54,
  "stop_reason": "early_stopping",
  "model_type": "tcn",
  "loss": "huber",
  "learning_rate": 0.001,
  "dropout": 0.1
}