{
  "fold_name": "loso_val_14",
  "val_subject_id": "14",
  "train_subject_ids": [
    "02",
    "03",
    "08",
    "09",
    "12",
    "13",
    "15",
    "16",
    "17",
    "18",
    "19",
    "20",
    "21",
    "22",
    "25",
    "27",
    "28",
    "29"
  ],
  "best_epoch": 2,
  "best_val_loss": 0.9215226471424103,
  "best_val_metrics": {
    "mae": 1.234722824818487,
    "rmse": 1.4223136538027383,
    "rms": 1.4223136538027383,
    "r2": -0.7782241556532576,
    "bias": 1.1205827713292416,
    "mape_pct": 185.31543577238793,
    "n_samples": 2160
  },
  "n_epochs_ran": 32,
  "stop_reason": "early_stopping",
  "model_type": "cnn1d",
  "loss": "huber",
  "learning_rate": 0.0005,
  "dropout": 0.2
}