{
  "fold_name": "loso_val_03",
  "val_subject_id": "03",
  "train_subject_ids": [
    "02",
    "08",
    "09",
    "12",
    "13",
    "14",
    "15",
    "16",
    "17",
    "18",
    "19",
    "20",
    "21",
    "22",
    "25",
    "27",
    "28",
    "29"
  ],
  "best_epoch": 12,
  "best_val_loss": 0.175778747536242,
  "best_val_metrics": {
    "mae": 0.31445070946944986,
    "rmse": 0.404833614362964,
    "rms": 0.404833614362964,
    "r2": 0.8645906171054658,
    "bias": -0.08033462129288471,
    "mape_pct": 55.161669031217855,
    "n_samples": 18450
  },
  "n_epochs_ran": 42,
  "stop_reason": "early_stopping",
  "model_type": "tcn",
  "loss": "mse",
  "learning_rate": 0.001,
  "dropout": 0.2
}