{
  "fold_name": "loso_val_17",
  "val_subject_id": "17",
  "train_subject_ids": [
    "02",
    "03",
    "08",
    "09",
    "12",
    "13",
    "14",
    "15",
    "16",
    "18",
    "19",
    "20",
    "21",
    "22",
    "25",
    "27",
    "28",
    "29"
  ],
  "best_epoch": 6,
  "best_val_loss": 0.0643195048905909,
  "best_val_metrics": {
    "mae": 0.2513412081156844,
    "rmse": 0.3471616122393561,
    "rms": 0.3471616122393561,
    "r2": 0.8219900549708051,
    "bias": -0.13982000655844518,
    "mape_pct": 81.2610602694497,
    "n_samples": 18150
  },
  "n_epochs_ran": 36,
  "stop_reason": "early_stopping",
  "model_type": "tcn",
  "loss": "huber",
  "learning_rate": 0.001,
  "dropout": 0.1
}