{
  "fold_name": "loso_val_21",
  "val_subject_id": "21",
  "train_subject_ids": [
    "02",
    "03",
    "08",
    "09",
    "12",
    "13",
    "14",
    "15",
    "16",
    "17",
    "18",
    "19",
    "20",
    "22",
    "25",
    "27",
    "28",
    "29"
  ],
  "best_epoch": 50,
  "best_val_loss": 0.11453457921743393,
  "best_val_metrics": {
    "mae": 0.4152276911480573,
    "rmse": 0.4994970195695323,
    "rms": 0.4994970195695323,
    "r2": 0.5509144753938544,
    "bias": -0.30741345900448386,
    "mape_pct": 229.5222835731725,
    "n_samples": 1980
  },
  "n_epochs_ran": 80,
  "stop_reason": "early_stopping",
  "model_type": "tcn",
  "loss": "huber",
  "learning_rate": 0.001,
  "dropout": 0.2
}