{
  "fold_name": "loso_val_14",
  "val_subject_id": "14",
  "train_subject_ids": [
    "02",
    "03",
    "08",
    "09",
    "12",
    "13",
    "15",
    "16",
    "17",
    "18",
    "19",
    "20",
    "21",
    "22",
    "25",
    "27",
    "28",
    "29"
  ],
  "best_epoch": 2,
  "best_val_loss": 0.9816783964633942,
  "best_val_metrics": {
    "mae": 1.245441082984744,
    "rmse": 1.4667334980260067,
    "rms": 1.4667334980260067,
    "r2": -0.7685404951936472,
    "bias": 1.1609093050899104,
    "mape_pct": 191.07452705453719,
    "n_samples": 6120
  },
  "n_epochs_ran": 32,
  "stop_reason": "early_stopping",
  "model_type": "cnn1d",
  "loss": "huber",
  "learning_rate": 0.0005,
  "dropout": 0.2
}