{
  "fold_name": "loso_val_14",
  "val_subject_id": "14",
  "train_subject_ids": [
    "02",
    "03",
    "08",
    "09",
    "12",
    "13",
    "15",
    "16",
    "17",
    "18",
    "19",
    "20",
    "21",
    "22",
    "25",
    "27",
    "28",
    "29"
  ],
  "best_epoch": 10,
  "best_val_loss": 0.6249079902966818,
  "best_val_metrics": {
    "mae": 0.9665388591797367,
    "rmse": 1.0697820998516805,
    "rms": 1.0697820998516805,
    "r2": -0.009704862192608799,
    "bias": 0.9341108717590326,
    "mape_pct": 226.92760381488085,
    "n_samples": 8400
  },
  "n_epochs_ran": 40,
  "stop_reason": "early_stopping",
  "model_type": "tcn",
  "loss": "huber",
  "learning_rate": 0.001,
  "dropout": 0.2
}