{
  "fold_name": "loso_val_09",
  "val_subject_id": "09",
  "train_subject_ids": [
    "02",
    "03",
    "08",
    "12",
    "13",
    "14",
    "15",
    "16",
    "17",
    "18",
    "19",
    "20",
    "21",
    "22",
    "25",
    "27",
    "28",
    "29"
  ],
  "best_epoch": 1,
  "best_val_loss": 0.29405288212001324,
  "best_val_metrics": {
    "mae": 0.44925550022009797,
    "rmse": 0.526968190403704,
    "rms": 0.526968190403704,
    "r2": 0.5970762378387947,
    "bias": 0.4196622600930498,
    "mape_pct": 215.9365619268126,
    "n_samples": 18450
  },
  "n_epochs_ran": 31,
  "stop_reason": "early_stopping",
  "model_type": "tcn",
  "loss": "mse",
  "learning_rate": 0.001,
  "dropout": 0.1
}