{
  "fold_name": "loso_val_03",
  "val_subject_id": "03",
  "train_subject_ids": [
    "02",
    "08",
    "09",
    "12",
    "13",
    "14",
    "15",
    "16",
    "17",
    "18",
    "19",
    "20",
    "21",
    "22",
    "25",
    "27",
    "28",
    "29"
  ],
  "best_epoch": 40,
  "best_val_loss": 0.05850330740213394,
  "best_val_metrics": {
    "mae": 0.25709284111726827,
    "rmse": 0.33692227813814507,
    "rms": 0.33692227813814507,
    "r2": 0.9079280491702528,
    "bias": -0.091413482364973,
    "mape_pct": 50.868110045648216,
    "n_samples": 7560
  },
  "n_epochs_ran": 70,
  "stop_reason": "early_stopping",
  "model_type": "cnn1d",
  "loss": "huber",
  "learning_rate": 0.001,
  "dropout": 0.2
}