{
  "fold_name": "loso_val_13",
  "val_subject_id": "13",
  "train_subject_ids": [
    "02",
    "03",
    "08",
    "09",
    "12",
    "14",
    "15",
    "16",
    "17",
    "18",
    "19",
    "20",
    "21",
    "22",
    "25",
    "27",
    "28",
    "29"
  ],
  "best_epoch": 16,
  "best_val_loss": 0.2649843394756317,
  "best_val_metrics": {
    "mae": 0.5952807758992107,
    "rmse": 0.7772358471604809,
    "rms": 0.7772358471604809,
    "r2": 0.6032125451907628,
    "bias": -0.4413782711362896,
    "mape_pct": 168.30958295694276,
    "n_samples": 3900
  },
  "n_epochs_ran": 46,
  "stop_reason": "early_stopping",
  "model_type": "cnn1d",
  "loss": "huber",
  "learning_rate": 0.001,
  "dropout": 0.2
}