{
  "fold_name": "loso_val_08",
  "val_subject_id": "08",
  "train_subject_ids": [
    "02",
    "03",
    "09",
    "12",
    "13",
    "14",
    "15",
    "16",
    "17",
    "18",
    "19",
    "20",
    "21",
    "22",
    "25",
    "27",
    "28",
    "29"
  ],
  "best_epoch": 59,
  "best_val_loss": 0.1357973963022232,
  "best_val_metrics": {
    "mae": 0.2902803894283748,
    "rmse": 0.3573342931933032,
    "rms": 0.3573342931933032,
    "r2": 0.8509759196316045,
    "bias": -0.18990275376530225,
    "mape_pct": 114.83520281725117,
    "n_samples": 18150
  },
  "n_epochs_ran": 89,
  "stop_reason": "early_stopping",
  "model_type": "tcn",
  "loss": "mse",
  "learning_rate": 0.001,
  "dropout": 0.1
}