{
  "fold_name": "loso_val_03",
  "val_subject_id": "03",
  "train_subject_ids": [
    "02",
    "08",
    "09",
    "12",
    "13",
    "14",
    "15",
    "16",
    "17",
    "18",
    "19",
    "20",
    "21",
    "22",
    "25",
    "27",
    "28",
    "29"
  ],
  "best_epoch": 63,
  "best_val_loss": 0.08583646764357884,
  "best_val_metrics": {
    "mae": 0.31515904899304487,
    "rmse": 0.4008512139687035,
    "rms": 0.4008512139687035,
    "r2": 0.8677202316768984,
    "bias": -0.049730342792359016,
    "mape_pct": 71.15961225189123,
    "n_samples": 3900
  },
  "n_epochs_ran": 93,
  "stop_reason": "early_stopping",
  "model_type": "cnn1d",
  "loss": "huber",
  "learning_rate": 0.001,
  "dropout": 0.2
}