{
  "fold_name": "loso_val_16",
  "val_subject_id": "16",
  "train_subject_ids": [
    "02",
    "03",
    "08",
    "09",
    "12",
    "13",
    "14",
    "15",
    "17",
    "18",
    "19",
    "20",
    "21",
    "22",
    "25",
    "27",
    "28",
    "29"
  ],
  "best_epoch": 1,
  "best_val_loss": 0.060632312670350075,
  "best_val_metrics": {
    "mae": 0.27493405684203964,
    "rmse": 0.3419888781266598,
    "rms": 0.3419888781266598,
    "r2": 0.7546555324510145,
    "bias": 0.09236803568462666,
    "mape_pct": 70.90895623064333,
    "n_samples": 17850
  },
  "n_epochs_ran": 31,
  "stop_reason": "early_stopping",
  "model_type": "tcn",
  "loss": "huber",
  "learning_rate": 0.001,
  "dropout": 0.1
}