{
  "fold_name": "loso_val_15",
  "val_subject_id": "15",
  "train_subject_ids": [
    "02",
    "03",
    "08",
    "09",
    "12",
    "13",
    "14",
    "16",
    "17",
    "18",
    "19",
    "20",
    "21",
    "22",
    "25",
    "27",
    "28",
    "29"
  ],
  "best_epoch": 38,
  "best_val_loss": 0.6097638607025146,
  "best_val_metrics": {
    "mae": 0.9375223812828255,
    "rmse": 1.3244445373112186,
    "rms": 1.3244445373112186,
    "r2": -0.13487960357479345,
    "bias": -0.7196087552724445,
    "mape_pct": 109.19941425188549,
    "n_samples": 5760
  },
  "n_epochs_ran": 68,
  "stop_reason": "early_stopping",
  "model_type": "tcn",
  "loss": "huber",
  "learning_rate": 0.0005,
  "dropout": 0.1
}