{
  "fold_name": "loso_val_03",
  "val_subject_id": "03",
  "train_subject_ids": [
    "02",
    "08",
    "09",
    "12",
    "13",
    "14",
    "15",
    "16",
    "17",
    "18",
    "19",
    "20",
    "21",
    "22",
    "25",
    "27",
    "28",
    "29"
  ],
  "best_epoch": 32,
  "best_val_loss": 0.058881767094135284,
  "best_val_metrics": {
    "mae": 0.26345514133764986,
    "rmse": 0.34224177566323505,
    "rms": 0.34224177566323505,
    "r2": 0.9077144962782656,
    "bias": -0.1347786693879526,
    "mape_pct": 51.4282553675654,
    "n_samples": 7200
  },
  "n_epochs_ran": 62,
  "stop_reason": "early_stopping",
  "model_type": "cnn1d",
  "loss": "huber",
  "learning_rate": 0.001,
  "dropout": 0.2
}