{
  "fold_name": "loso_val_08",
  "val_subject_id": "08",
  "train_subject_ids": [
    "02",
    "03",
    "09",
    "12",
    "13",
    "14",
    "15",
    "16",
    "17",
    "18",
    "19",
    "20",
    "21",
    "22",
    "25",
    "27",
    "28",
    "29"
  ],
  "best_epoch": 20,
  "best_val_loss": 0.07186604291200638,
  "best_val_metrics": {
    "mae": 0.28895046421409154,
    "rmse": 0.37068718781947757,
    "rms": 0.37068718781947757,
    "r2": 0.8432004806901684,
    "bias": -0.12212687154727367,
    "mape_pct": 109.27017696440713,
    "n_samples": 1920
  },
  "n_epochs_ran": 50,
  "stop_reason": "early_stopping",
  "model_type": "tcn",
  "loss": "huber",
  "learning_rate": 0.0005,
  "dropout": 0.1
}