{
  "fold_name": "loso_val_16",
  "val_subject_id": "16",
  "train_subject_ids": [
    "02",
    "03",
    "08",
    "09",
    "12",
    "13",
    "14",
    "15",
    "17",
    "18",
    "19",
    "20",
    "21",
    "22",
    "25",
    "27",
    "28",
    "29"
  ],
  "best_epoch": 9,
  "best_val_loss": 0.08036734163761139,
  "best_val_metrics": {
    "mae": 0.2649819609422774,
    "rmse": 0.3818396478175353,
    "rms": 0.3818396478175353,
    "r2": 0.6428171517902668,
    "bias": 0.08197980550252142,
    "mape_pct": 104.41349344717533,
    "n_samples": 17850
  },
  "n_epochs_ran": 39,
  "stop_reason": "early_stopping",
  "model_type": "tcn",
  "loss": "huber",
  "learning_rate": 0.001,
  "dropout": 0.1
}