{
  "fold_name": "loso_val_02",
  "val_subject_id": "02",
  "train_subject_ids": [
    "03",
    "08",
    "09",
    "12",
    "13",
    "14",
    "15",
    "16",
    "17",
    "18",
    "19",
    "20",
    "21",
    "22",
    "25",
    "27",
    "28",
    "29"
  ],
  "best_epoch": 82,
  "best_val_loss": 0.07198148965835571,
  "best_val_metrics": {
    "mae": 0.29918236089846073,
    "rmse": 0.3733369174403837,
    "rms": 0.3733369174403837,
    "r2": 0.7824999507053247,
    "bias": 0.20193607033130118,
    "mape_pct": 128.26904009594037,
    "n_samples": 7200
  },
  "n_epochs_ran": 112,
  "stop_reason": "early_stopping",
  "model_type": "tcn",
  "loss": "huber",
  "learning_rate": 0.001,
  "dropout": 0.1
}