{
  "fold_name": "loso_val_09",
  "val_subject_id": "09",
  "train_subject_ids": [
    "02",
    "03",
    "08",
    "12",
    "13",
    "14",
    "15",
    "16",
    "17",
    "18",
    "19",
    "20",
    "21",
    "22",
    "25",
    "27",
    "28",
    "29"
  ],
  "best_epoch": 7,
  "best_val_loss": 0.16309089213609695,
  "best_val_metrics": {
    "mae": 0.4863603625473943,
    "rmse": 0.5668624097834787,
    "rms": 0.5668624097834787,
    "r2": 0.5366265576717045,
    "bias": 0.4534778832187018,
    "mape_pct": 223.30112285378712,
    "n_samples": 18450
  },
  "n_epochs_ran": 37,
  "stop_reason": "early_stopping",
  "model_type": "tcn",
  "loss": "huber",
  "learning_rate": 0.001,
  "dropout": 0.1
}