{
  "fold_name": "loso_val_02",
  "val_subject_id": "02",
  "train_subject_ids": [
    "03",
    "08",
    "09",
    "12",
    "13",
    "14",
    "15",
    "16",
    "17",
    "18",
    "19",
    "20",
    "21",
    "22",
    "25",
    "27",
    "28",
    "29"
  ],
  "best_epoch": 1,
  "best_val_loss": 0.09840952977538109,
  "best_val_metrics": {
    "mae": 0.3888383747181665,
    "rmse": 0.46576793706314934,
    "rms": 0.46576793706314934,
    "r2": 0.6485549414181306,
    "bias": 0.2024408164674315,
    "mape_pct": 131.74636692180184,
    "n_samples": 1980
  },
  "n_epochs_ran": 31,
  "stop_reason": "early_stopping",
  "model_type": "cnn1d",
  "loss": "huber",
  "learning_rate": 0.001,
  "dropout": 0.2
}