{
  "fold_name": "loso_val_02",
  "val_subject_id": "02",
  "train_subject_ids": [
    "03",
    "08",
    "09",
    "12",
    "13",
    "14",
    "15",
    "16",
    "17",
    "18",
    "19",
    "20",
    "21",
    "22",
    "25",
    "27",
    "28",
    "29"
  ],
  "best_epoch": 30,
  "best_val_loss": 0.08561443537473679,
  "best_val_metrics": {
    "mae": 0.3271357817729878,
    "rmse": 0.4050012452908225,
    "rms": 0.4050012452908225,
    "r2": 0.7394512299921849,
    "bias": 0.28302859558317955,
    "mape_pct": 158.13335229177386,
    "n_samples": 18900
  },
  "n_epochs_ran": 60,
  "stop_reason": "early_stopping",
  "model_type": "tcn",
  "loss": "huber",
  "learning_rate": 0.001,
  "dropout": 0.1
}