{
  "fold_name": "loso_val_08",
  "val_subject_id": "08",
  "train_subject_ids": [
    "02",
    "03",
    "09",
    "12",
    "13",
    "14",
    "15",
    "16",
    "17",
    "18",
    "19",
    "20",
    "21",
    "22",
    "25",
    "27",
    "28",
    "29"
  ],
  "best_epoch": 49,
  "best_val_loss": 0.081340491771698,
  "best_val_metrics": {
    "mae": 0.3046273351454146,
    "rmse": 0.39317354424530887,
    "rms": 0.39317354424530887,
    "r2": 0.8193362869888386,
    "bias": -0.06880071983444698,
    "mape_pct": 108.8959264805409,
    "n_samples": 3840
  },
  "n_epochs_ran": 79,
  "stop_reason": "early_stopping",
  "model_type": "cnn1d",
  "loss": "huber",
  "learning_rate": 0.001,
  "dropout": 0.1
}