{
  "fold_name": "loso_val_29",
  "val_subject_id": "29",
  "train_subject_ids": [
    "02",
    "03",
    "08",
    "09",
    "12",
    "13",
    "14",
    "15",
    "16",
    "17",
    "18",
    "19",
    "20",
    "21",
    "22",
    "25",
    "27",
    "28"
  ],
  "best_epoch": 39,
  "best_val_loss": 0.0785771794617176,
  "best_val_metrics": {
    "mae": 0.19393399237374231,
    "rmse": 0.2710433940969906,
    "rms": 0.2710433940969906,
    "r2": 0.8955562461037962,
    "bias": 0.05165601913761791,
    "mape_pct": 81.53235681495235,
    "n_samples": 18900
  },
  "n_epochs_ran": 69,
  "stop_reason": "early_stopping",
  "model_type": "tcn",
  "loss": "mse",
  "learning_rate": 0.001,
  "dropout": 0.1
}