{
  "fold_name": "loso_val_03",
  "val_subject_id": "03",
  "train_subject_ids": [
    "02",
    "08",
    "09",
    "12",
    "13",
    "14",
    "15",
    "16",
    "17",
    "18",
    "19",
    "20",
    "21",
    "22",
    "25",
    "27",
    "28",
    "29"
  ],
  "best_epoch": 28,
  "best_val_loss": 0.12099171802401543,
  "best_val_metrics": {
    "mae": 0.3832459071510579,
    "rmse": 0.4737946191524151,
    "rms": 0.4737946191524151,
    "r2": 0.8157961914046453,
    "bias": -0.08168541943998961,
    "mape_pct": 97.60983757394925,
    "n_samples": 1980
  },
  "n_epochs_ran": 58,
  "stop_reason": "early_stopping",
  "model_type": "cnn1d",
  "loss": "huber",
  "learning_rate": 0.0005,
  "dropout": 0.1
}