{
  "fold_name": "loso_val_03",
  "val_subject_id": "03",
  "train_subject_ids": [
    "02",
    "08",
    "09",
    "12",
    "13",
    "14",
    "15",
    "16",
    "17",
    "18",
    "19",
    "20",
    "21",
    "22",
    "25",
    "27",
    "28",
    "29"
  ],
  "best_epoch": 57,
  "best_val_loss": 0.07986729219555855,
  "best_val_metrics": {
    "mae": 0.3015021285656475,
    "rmse": 0.39050549270635665,
    "rms": 0.39050549270635665,
    "r2": 0.8732008491507306,
    "bias": -0.094112904601241,
    "mape_pct": 54.78785713624067,
    "n_samples": 10980
  },
  "n_epochs_ran": 87,
  "stop_reason": "early_stopping",
  "model_type": "tcn",
  "loss": "huber",
  "learning_rate": 0.0005,
  "dropout": 0.1
}