{
  "fold_name": "loso_val_12",
  "val_subject_id": "12",
  "train_subject_ids": [
    "02",
    "03",
    "08",
    "09",
    "13",
    "14",
    "15",
    "16",
    "17",
    "18",
    "19",
    "20",
    "21",
    "22",
    "25",
    "27",
    "28",
    "29"
  ],
  "best_epoch": 4,
  "best_val_loss": 0.17286346852779388,
  "best_val_metrics": {
    "mae": 0.4681441020973036,
    "rmse": 0.5976580385579102,
    "rms": 0.5976580385579102,
    "r2": 0.20518654748359288,
    "bias": -0.1689081390755453,
    "mape_pct": 641.0221059441926,
    "n_samples": 6960
  },
  "n_epochs_ran": 34,
  "stop_reason": "early_stopping",
  "model_type": "tcn",
  "loss": "huber",
  "learning_rate": 0.001,
  "dropout": 0.1
}