{
  "fold_name": "loso_val_09",
  "val_subject_id": "09",
  "train_subject_ids": [
    "02",
    "03",
    "08",
    "12",
    "13",
    "14",
    "15",
    "16",
    "17",
    "18",
    "19",
    "20",
    "21",
    "22",
    "25",
    "27",
    "28",
    "29"
  ],
  "best_epoch": 5,
  "best_val_loss": 0.2911244258284569,
  "best_val_metrics": {
    "mae": 0.4499201058220942,
    "rmse": 0.5304894157239365,
    "rms": 0.5304894157239365,
    "r2": 0.59306732304948,
    "bias": 0.4176180779032515,
    "mape_pct": 211.5661241001026,
    "n_samples": 18450
  },
  "n_epochs_ran": 35,
  "stop_reason": "early_stopping",
  "model_type": "tcn",
  "loss": "mse",
  "learning_rate": 0.001,
  "dropout": 0.1
}