{
  "fold_name": "loso_val_14",
  "val_subject_id": "14",
  "train_subject_ids": [
    "02",
    "03",
    "08",
    "09",
    "12",
    "13",
    "15",
    "16",
    "17",
    "18",
    "19",
    "20",
    "21",
    "22",
    "25",
    "27",
    "28",
    "29"
  ],
  "best_epoch": 2,
  "best_val_loss": 0.7494653463363647,
  "best_val_metrics": {
    "mae": 1.033852640700395,
    "rmse": 1.196433780589122,
    "rms": 1.196433780589122,
    "r2": -0.2928844642174617,
    "bias": 0.8398367884710617,
    "mape_pct": 140.00664976391087,
    "n_samples": 2160
  },
  "n_epochs_ran": 32,
  "stop_reason": "early_stopping",
  "model_type": "tcn",
  "loss": "huber",
  "learning_rate": 0.0005,
  "dropout": 0.2
}