{
  "fold_name": "loso_val_13",
  "val_subject_id": "13",
  "train_subject_ids": [
    "02",
    "03",
    "08",
    "09",
    "12",
    "14",
    "15",
    "16",
    "17",
    "18",
    "19",
    "20",
    "21",
    "22",
    "25",
    "27",
    "28",
    "29"
  ],
  "best_epoch": 47,
  "best_val_loss": 0.2432492971420288,
  "best_val_metrics": {
    "mae": 0.5897449062667396,
    "rmse": 0.7357366839519578,
    "rms": 0.7357366839519578,
    "r2": 0.6419711896752721,
    "bias": -0.44990526943725084,
    "mape_pct": 219.93644958972274,
    "n_samples": 1980
  },
  "n_epochs_ran": 77,
  "stop_reason": "early_stopping",
  "model_type": "cnn1d",
  "loss": "huber",
  "learning_rate": 0.001,
  "dropout": 0.1
}