{
  "fold_name": "loso_val_02",
  "val_subject_id": "02",
  "train_subject_ids": [
    "03",
    "08",
    "09",
    "12",
    "13",
    "14",
    "15",
    "16",
    "17",
    "18",
    "19",
    "20",
    "21",
    "22",
    "25",
    "27",
    "28",
    "29"
  ],
  "best_epoch": 30,
  "best_val_loss": 0.08927114307880402,
  "best_val_metrics": {
    "mae": 0.3331314865372992,
    "rmse": 0.41648125803582287,
    "rms": 0.41648125803582287,
    "r2": 0.721190964880024,
    "bias": 0.23305802033319326,
    "mape_pct": 130.78627121592768,
    "n_samples": 5580
  },
  "n_epochs_ran": 60,
  "stop_reason": "early_stopping",
  "model_type": "tcn",
  "loss": "huber",
  "learning_rate": 0.001,
  "dropout": 0.2
}