{
  "fold_name": "loso_val_20",
  "val_subject_id": "20",
  "train_subject_ids": [
    "02",
    "03",
    "08",
    "09",
    "12",
    "13",
    "14",
    "15",
    "16",
    "17",
    "18",
    "19",
    "21",
    "22",
    "25",
    "27",
    "28",
    "29"
  ],
  "best_epoch": 43,
  "best_val_loss": 0.10419972613453865,
  "best_val_metrics": {
    "mae": 0.2111900237249592,
    "rmse": 0.2978210134231496,
    "rms": 0.2978210134231496,
    "r2": 0.8621244027968237,
    "bias": 0.001837871492130407,
    "mape_pct": 109.40010014094976,
    "n_samples": 18300
  },
  "n_epochs_ran": 73,
  "stop_reason": "early_stopping",
  "model_type": "tcn",
  "loss": "mse",
  "learning_rate": 0.001,
  "dropout": 0.1
}