{
  "fold_name": "loso_val_12",
  "val_subject_id": "12",
  "train_subject_ids": [
    "02",
    "03",
    "08",
    "09",
    "13",
    "14",
    "15",
    "16",
    "17",
    "18",
    "19",
    "20",
    "21",
    "22",
    "25",
    "27",
    "28",
    "29"
  ],
  "best_epoch": 67,
  "best_val_loss": 0.2803173363208771,
  "best_val_metrics": {
    "mae": 0.43060801268309135,
    "rmse": 0.5272717360822669,
    "rms": 0.5272717360822669,
    "r2": 0.37810132338920655,
    "bias": -0.20277961240680048,
    "mape_pct": 472.00320202002075,
    "n_samples": 18000
  },
  "n_epochs_ran": 97,
  "stop_reason": "early_stopping",
  "model_type": "tcn",
  "loss": "mse",
  "learning_rate": 0.001,
  "dropout": 0.1
}