{
  "fold_name": "loso_val_03",
  "val_subject_id": "03",
  "train_subject_ids": [
    "02",
    "08",
    "09",
    "12",
    "13",
    "14",
    "15",
    "16",
    "17",
    "18",
    "19",
    "20",
    "21",
    "22",
    "25",
    "27",
    "28",
    "29"
  ],
  "best_epoch": 15,
  "best_val_loss": 0.16630712151527405,
  "best_val_metrics": {
    "mae": 0.3032550863682123,
    "rmse": 0.3941188442772812,
    "rms": 0.3941188442772812,
    "r2": 0.8715510612764616,
    "bias": -0.10127971405701,
    "mape_pct": 59.558879038579136,
    "n_samples": 18450
  },
  "n_epochs_ran": 45,
  "stop_reason": "early_stopping",
  "model_type": "tcn",
  "loss": "mse",
  "learning_rate": 0.001,
  "dropout": 0.1
}