{
  "fold_name": "loso_val_22",
  "val_subject_id": "22",
  "train_subject_ids": [
    "02",
    "03",
    "08",
    "09",
    "12",
    "13",
    "14",
    "15",
    "16",
    "17",
    "18",
    "19",
    "20",
    "21",
    "25",
    "27",
    "28",
    "29"
  ],
  "best_epoch": 28,
  "best_val_loss": 0.04725690558552742,
  "best_val_metrics": {
    "mae": 0.241972076956169,
    "rmse": 0.29868693483615205,
    "rms": 0.29868693483615205,
    "r2": 0.8273708384658404,
    "bias": -0.17383303753910906,
    "mape_pct": 748.5563628045642,
    "n_samples": 18450
  },
  "n_epochs_ran": 58,
  "stop_reason": "early_stopping",
  "model_type": "tcn",
  "loss": "huber",
  "learning_rate": 0.001,
  "dropout": 0.1
}