{
  "fold_name": "loso_val_12",
  "val_subject_id": "12",
  "train_subject_ids": [
    "02",
    "03",
    "08",
    "09",
    "13",
    "14",
    "15",
    "16",
    "17",
    "18",
    "19",
    "20",
    "21",
    "22",
    "25",
    "27",
    "28",
    "29"
  ],
  "best_epoch": 1,
  "best_val_loss": 0.17640849947929382,
  "best_val_metrics": {
    "mae": 0.47992637774427316,
    "rmse": 0.590998799876685,
    "rms": 0.590998799876685,
    "r2": 0.1986197315771634,
    "bias": 0.32252223207122427,
    "mape_pct": 375.54023751849655,
    "n_samples": 3720
  },
  "n_epochs_ran": 31,
  "stop_reason": "early_stopping",
  "model_type": "tcn",
  "loss": "huber",
  "learning_rate": 0.0005,
  "dropout": 0.1
}