{
  "fold_name": "loso_val_16",
  "val_subject_id": "16",
  "train_subject_ids": [
    "02",
    "03",
    "08",
    "09",
    "12",
    "13",
    "14",
    "15",
    "17",
    "18",
    "19",
    "20",
    "21",
    "22",
    "25",
    "27",
    "28",
    "29"
  ],
  "best_epoch": 13,
  "best_val_loss": 0.07541450345888734,
  "best_val_metrics": {
    "mae": 0.25832245156085454,
    "rmse": 0.368633727084683,
    "rms": 0.368633727084683,
    "r2": 0.6835977453231384,
    "bias": 0.0681226673809008,
    "mape_pct": 100.95841937127112,
    "n_samples": 17850
  },
  "n_epochs_ran": 43,
  "stop_reason": "early_stopping",
  "model_type": "tcn",
  "loss": "huber",
  "learning_rate": 0.001,
  "dropout": 0.1
}