{
  "fold_name": "loso_val_09",
  "val_subject_id": "09",
  "train_subject_ids": [
    "02",
    "03",
    "08",
    "12",
    "13",
    "14",
    "15",
    "16",
    "17",
    "18",
    "19",
    "20",
    "21",
    "22",
    "25",
    "27",
    "28",
    "29"
  ],
  "best_epoch": 20,
  "best_val_loss": 0.09923546388745308,
  "best_val_metrics": {
    "mae": 0.37250185039259115,
    "rmse": 0.4311528417091405,
    "rms": 0.4311528417091405,
    "r2": 0.7258823089792206,
    "bias": 0.3519433271831446,
    "mape_pct": 162.40020926347435,
    "n_samples": 14160
  },
  "n_epochs_ran": 50,
  "stop_reason": "early_stopping",
  "model_type": "cnn1d",
  "loss": "huber",
  "learning_rate": 0.001,
  "dropout": 0.1
}