{
  "fold_name": "loso_val_12",
  "val_subject_id": "12",
  "train_subject_ids": [
    "02",
    "03",
    "08",
    "09",
    "13",
    "14",
    "15",
    "16",
    "17",
    "18",
    "19",
    "20",
    "21",
    "22",
    "25",
    "27",
    "28",
    "29"
  ],
  "best_epoch": 1,
  "best_val_loss": 0.19271618127822876,
  "best_val_metrics": {
    "mae": 0.5038740761020005,
    "rmse": 0.6323996352436996,
    "rms": 0.6323996352436996,
    "r2": 0.10991968459089796,
    "bias": -0.26501881799353244,
    "mape_pct": 737.2860612525311,
    "n_samples": 13680
  },
  "n_epochs_ran": 31,
  "stop_reason": "early_stopping",
  "model_type": "tcn",
  "loss": "huber",
  "learning_rate": 0.001,
  "dropout": 0.2
}