{
  "fold_name": "loso_val_14",
  "val_subject_id": "14",
  "train_subject_ids": [
    "02",
    "03",
    "08",
    "09",
    "12",
    "13",
    "15",
    "16",
    "17",
    "18",
    "19",
    "20",
    "21",
    "22",
    "25",
    "27",
    "28",
    "29"
  ],
  "best_epoch": 29,
  "best_val_loss": 0.4505559934510125,
  "best_val_metrics": {
    "mae": 0.8394425627939207,
    "rmse": 0.9409945518433892,
    "rms": 0.9409945518433892,
    "r2": 0.22384122531579076,
    "bias": 0.7718776235573895,
    "mape_pct": 198.61133118597664,
    "n_samples": 20550
  },
  "n_epochs_ran": 59,
  "stop_reason": "early_stopping",
  "model_type": "tcn",
  "loss": "huber",
  "learning_rate": 0.001,
  "dropout": 0.1
}