{
  "fold_name": "loso_val_15",
  "val_subject_id": "15",
  "train_subject_ids": [
    "02",
    "03",
    "08",
    "09",
    "12",
    "13",
    "14",
    "16",
    "17",
    "18",
    "19",
    "20",
    "21",
    "22",
    "25",
    "27",
    "28",
    "29"
  ],
  "best_epoch": 5,
  "best_val_loss": 1.7364999055862427,
  "best_val_metrics": {
    "mae": 0.9801791675353124,
    "rmse": 1.289847372088887,
    "rms": 1.289847372088887,
    "r2": -0.10303500752976924,
    "bias": -0.72007283235091,
    "mape_pct": 104.32735353739744,
    "n_samples": 19050
  },
  "n_epochs_ran": 35,
  "stop_reason": "early_stopping",
  "model_type": "tcn",
  "loss": "mse",
  "learning_rate": 0.001,
  "dropout": 0.1
}