{
  "fold_name": "loso_val_19",
  "val_subject_id": "19",
  "train_subject_ids": [
    "02",
    "03",
    "08",
    "09",
    "12",
    "13",
    "14",
    "15",
    "16",
    "17",
    "18",
    "20",
    "21",
    "22",
    "25",
    "27",
    "28",
    "29"
  ],
  "best_epoch": 27,
  "best_val_loss": 0.46477386727929115,
  "best_val_metrics": {
    "mae": 0.4902294452974287,
    "rmse": 0.65913830671011,
    "rms": 0.65913830671011,
    "r2": 0.5645143984253431,
    "bias": -0.02865684734238558,
    "mape_pct": 88.48832685630107,
    "n_samples": 18900
  },
  "n_epochs_ran": 57,
  "stop_reason": "early_stopping",
  "model_type": "tcn",
  "loss": "mse",
  "learning_rate": 0.001,
  "dropout": 0.1
}