{
  "fold_name": "loso_val_09",
  "val_subject_id": "09",
  "train_subject_ids": [
    "02",
    "03",
    "08",
    "12",
    "13",
    "14",
    "15",
    "16",
    "17",
    "18",
    "19",
    "20",
    "21",
    "22",
    "25",
    "27",
    "28",
    "29"
  ],
  "best_epoch": 2,
  "best_val_loss": 0.17519789934158325,
  "best_val_metrics": {
    "mae": 0.4798355091180223,
    "rmse": 0.5988754283824557,
    "rms": 0.5988754283824557,
    "r2": 0.4820268764580151,
    "bias": 0.157808184169469,
    "mape_pct": 197.78150993032102,
    "n_samples": 5580
  },
  "n_epochs_ran": 32,
  "stop_reason": "early_stopping",
  "model_type": "cnn1d",
  "loss": "huber",
  "learning_rate": 0.0005,
  "dropout": 0.1
}