{
  "fold_name": "loso_val_19",
  "val_subject_id": "19",
  "train_subject_ids": [
    "02",
    "03",
    "08",
    "09",
    "12",
    "13",
    "14",
    "15",
    "16",
    "17",
    "18",
    "20",
    "21",
    "22",
    "25",
    "27",
    "28",
    "29"
  ],
  "best_epoch": 6,
  "best_val_loss": 0.25479744374752045,
  "best_val_metrics": {
    "mae": 0.6025348856712558,
    "rmse": 0.7156294525256773,
    "rms": 0.7156294525256773,
    "r2": 0.5032339690494874,
    "bias": 0.0971906140460953,
    "mape_pct": 110.58350971826671,
    "n_samples": 18900
  },
  "n_epochs_ran": 36,
  "stop_reason": "early_stopping",
  "model_type": "tcn",
  "loss": "huber",
  "learning_rate": 0.001,
  "dropout": 0.1
}