{
  "fold_name": "loso_val_16",
  "val_subject_id": "16",
  "train_subject_ids": [
    "02",
    "03",
    "08",
    "09",
    "12",
    "13",
    "14",
    "15",
    "17",
    "18",
    "19",
    "20",
    "21",
    "22",
    "25",
    "27",
    "28",
    "29"
  ],
  "best_epoch": 17,
  "best_val_loss": 0.08952071517705917,
  "best_val_metrics": {
    "mae": 0.317619735721952,
    "rmse": 0.3848069349682145,
    "rms": 0.3848069349682145,
    "r2": 0.6379959434119866,
    "bias": 0.21080181594031355,
    "mape_pct": 94.70454788265144,
    "n_samples": 3780
  },
  "n_epochs_ran": 47,
  "stop_reason": "early_stopping",
  "model_type": "cnn1d",
  "loss": "huber",
  "learning_rate": 0.001,
  "dropout": 0.1
}