{
  "fold_name": "loso_val_12",
  "val_subject_id": "12",
  "train_subject_ids": [
    "02",
    "03",
    "08",
    "09",
    "13",
    "14",
    "15",
    "16",
    "17",
    "18",
    "19",
    "20",
    "21",
    "22",
    "25",
    "27",
    "28",
    "29"
  ],
  "best_epoch": 1,
  "best_val_loss": 0.19345145672559738,
  "best_val_metrics": {
    "mae": 0.5037345529286285,
    "rmse": 0.6328751478162551,
    "rms": 0.6328751478162551,
    "r2": 0.10903995336818206,
    "bias": -0.21674505134709846,
    "mape_pct": 720.2242820204984,
    "n_samples": 13680
  },
  "n_epochs_ran": 31,
  "stop_reason": "early_stopping",
  "model_type": "tcn",
  "loss": "huber",
  "learning_rate": 0.001,
  "dropout": 0.1
}