{
  "fold_name": "loso_val_09",
  "val_subject_id": "09",
  "train_subject_ids": [
    "02",
    "03",
    "08",
    "12",
    "13",
    "14",
    "15",
    "16",
    "17",
    "18",
    "19",
    "20",
    "21",
    "22",
    "25",
    "27",
    "28",
    "29"
  ],
  "best_epoch": 9,
  "best_val_loss": 0.18721004202961922,
  "best_val_metrics": {
    "mae": 0.5320688673776264,
    "rmse": 0.5958108622529744,
    "rms": 0.5958108622529744,
    "r2": 0.4809794070193857,
    "bias": 0.48656353038875766,
    "mape_pct": 243.97871968954487,
    "n_samples": 18450
  },
  "n_epochs_ran": 39,
  "stop_reason": "early_stopping",
  "model_type": "tcn",
  "loss": "huber",
  "learning_rate": 0.001,
  "dropout": 0.1
}