{
  "fold_name": "loso_val_03",
  "val_subject_id": "03",
  "train_subject_ids": [
    "02",
    "08",
    "09",
    "12",
    "13",
    "14",
    "15",
    "16",
    "17",
    "18",
    "19",
    "20",
    "21",
    "22",
    "25",
    "27",
    "28",
    "29"
  ],
  "best_epoch": 65,
  "best_val_loss": 0.14683321118354797,
  "best_val_metrics": {
    "mae": 0.329050223087137,
    "rmse": 0.43190219559767346,
    "rms": 0.43190219559767346,
    "r2": 0.831867327178929,
    "bias": -0.14859822071492532,
    "mape_pct": 84.0475490126805,
    "n_samples": 1980
  },
  "n_epochs_ran": 95,
  "stop_reason": "early_stopping",
  "model_type": "tcn",
  "loss": "huber",
  "learning_rate": 0.0005,
  "dropout": 0.1
}