{
  "fold_name": "loso_val_16",
  "val_subject_id": "16",
  "train_subject_ids": [
    "02",
    "03",
    "08",
    "09",
    "12",
    "13",
    "14",
    "15",
    "17",
    "18",
    "19",
    "20",
    "21",
    "22",
    "25",
    "27",
    "28",
    "29"
  ],
  "best_epoch": 8,
  "best_val_loss": 0.17895860224962234,
  "best_val_metrics": {
    "mae": 0.27204518977698744,
    "rmse": 0.3924093941449439,
    "rms": 0.3924093941449439,
    "r2": 0.6383311045407654,
    "bias": 0.10152538001110793,
    "mape_pct": 100.1878436095663,
    "n_samples": 17850
  },
  "n_epochs_ran": 38,
  "stop_reason": "early_stopping",
  "model_type": "tcn",
  "loss": "mse",
  "learning_rate": 0.001,
  "dropout": 0.1
}