{
  "fold_name": "loso_val_12",
  "val_subject_id": "12",
  "train_subject_ids": [
    "02",
    "03",
    "08",
    "09",
    "13",
    "14",
    "15",
    "16",
    "17",
    "18",
    "19",
    "20",
    "21",
    "22",
    "25",
    "27",
    "28",
    "29"
  ],
  "best_epoch": 33,
  "best_val_loss": 0.08286063000559807,
  "best_val_metrics": {
    "mae": 0.3101183236830851,
    "rmse": 0.3965756942991688,
    "rms": 0.3965756942991688,
    "r2": 0.6297222966035915,
    "bias": -0.05909800919149472,
    "mape_pct": 272.13487785218246,
    "n_samples": 3780
  },
  "n_epochs_ran": 63,
  "stop_reason": "early_stopping",
  "model_type": "cnn1d",
  "loss": "huber",
  "learning_rate": 0.0005,
  "dropout": 0.1
}