{
  "fold_name": "loso_val_20",
  "val_subject_id": "20",
  "train_subject_ids": [
    "02",
    "03",
    "08",
    "09",
    "12",
    "13",
    "14",
    "15",
    "16",
    "17",
    "18",
    "19",
    "21",
    "22",
    "25",
    "27",
    "28",
    "29"
  ],
  "best_epoch": 27,
  "best_val_loss": 0.08434731513261795,
  "best_val_metrics": {
    "mae": 0.275073945092178,
    "rmse": 0.36053944677012,
    "rms": 0.36053944677012,
    "r2": 0.7616317410253874,
    "bias": -0.05026397862923962,
    "mape_pct": 116.24170318841544,
    "n_samples": 3840
  },
  "n_epochs_ran": 57,
  "stop_reason": "early_stopping",
  "model_type": "tcn",
  "loss": "huber",
  "learning_rate": 0.0005,
  "dropout": 0.1
}