{
  "fold_name": "loso_val_15",
  "val_subject_id": "15",
  "train_subject_ids": [
    "02",
    "03",
    "08",
    "09",
    "12",
    "13",
    "14",
    "16",
    "17",
    "18",
    "19",
    "20",
    "21",
    "22",
    "25",
    "27",
    "28",
    "29"
  ],
  "best_epoch": 30,
  "best_val_loss": 0.4799690544605255,
  "best_val_metrics": {
    "mae": 0.8140142886363121,
    "rmse": 1.0953053484503468,
    "rms": 1.0953053484503468,
    "r2": 0.2295984786169225,
    "bias": -0.6158608717956404,
    "mape_pct": 111.10585225078142,
    "n_samples": 11340
  },
  "n_epochs_ran": 60,
  "stop_reason": "early_stopping",
  "model_type": "cnn1d",
  "loss": "huber",
  "learning_rate": 0.001,
  "dropout": 0.1
}