{
  "fold_name": "loso_val_03",
  "val_subject_id": "03",
  "train_subject_ids": [
    "02",
    "08",
    "09",
    "12",
    "13",
    "14",
    "15",
    "16",
    "17",
    "18",
    "19",
    "20",
    "21",
    "22",
    "25",
    "27",
    "28",
    "29"
  ],
  "best_epoch": 5,
  "best_val_loss": 0.09331940859556198,
  "best_val_metrics": {
    "mae": 0.3420858856225278,
    "rmse": 0.43490906112935784,
    "rms": 0.43490906112935784,
    "r2": 0.8500779337964371,
    "bias": -0.07889095399247927,
    "mape_pct": 84.40263717856926,
    "n_samples": 5580
  },
  "n_epochs_ran": 35,
  "stop_reason": "early_stopping",
  "model_type": "cnn1d",
  "loss": "huber",
  "learning_rate": 0.001,
  "dropout": 0.2
}