{
  "fold_name": "loso_val_02",
  "val_subject_id": "02",
  "train_subject_ids": [
    "03",
    "08",
    "09",
    "12",
    "13",
    "14",
    "15",
    "16",
    "17",
    "18",
    "19",
    "20",
    "21",
    "22",
    "25",
    "27",
    "28",
    "29"
  ],
  "best_epoch": 24,
  "best_val_loss": 0.08116800338029861,
  "best_val_metrics": {
    "mae": 0.3141751688905383,
    "rmse": 0.39408539621430705,
    "rms": 0.39408539621430705,
    "r2": 0.7486091945548397,
    "bias": 0.23903033288677558,
    "mape_pct": 191.5585968280142,
    "n_samples": 7200
  },
  "n_epochs_ran": 54,
  "stop_reason": "early_stopping",
  "model_type": "cnn1d",
  "loss": "huber",
  "learning_rate": 0.001,
  "dropout": 0.1
}