{
  "fold_name": "loso_val_21",
  "val_subject_id": "21",
  "train_subject_ids": [
    "02",
    "03",
    "08",
    "09",
    "12",
    "13",
    "14",
    "15",
    "16",
    "17",
    "18",
    "19",
    "20",
    "22",
    "25",
    "27",
    "28",
    "29"
  ],
  "best_epoch": 8,
  "best_val_loss": 0.17208261974155903,
  "best_val_metrics": {
    "mae": 0.29698410740105924,
    "rmse": 0.3941287572942307,
    "rms": 0.3941287572942307,
    "r2": 0.778121847294677,
    "bias": -0.13182776941901564,
    "mape_pct": 200.8744069921726,
    "n_samples": 18600
  },
  "n_epochs_ran": 38,
  "stop_reason": "early_stopping",
  "model_type": "tcn",
  "loss": "mse",
  "learning_rate": 0.001,
  "dropout": 0.1
}