{
  "fold_name": "loso_val_25",
  "val_subject_id": "25",
  "train_subject_ids": [
    "02",
    "03",
    "08",
    "09",
    "12",
    "13",
    "14",
    "15",
    "16",
    "17",
    "18",
    "19",
    "20",
    "21",
    "22",
    "27",
    "28",
    "29"
  ],
  "best_epoch": 1,
  "best_val_loss": 0.11278721876442432,
  "best_val_metrics": {
    "mae": 0.4015987018878757,
    "rmse": 0.47155356076573096,
    "rms": 0.47155356076573096,
    "r2": 0.568182607307036,
    "bias": -0.01048174044109881,
    "mape_pct": 107.53270471783647,
    "n_samples": 18750
  },
  "n_epochs_ran": 31,
  "stop_reason": "early_stopping",
  "model_type": "tcn",
  "loss": "huber",
  "learning_rate": 0.001,
  "dropout": 0.1
}