{
  "fold_name": "loso_val_18",
  "val_subject_id": "18",
  "train_subject_ids": [
    "02",
    "03",
    "08",
    "09",
    "12",
    "13",
    "14",
    "15",
    "16",
    "17",
    "19",
    "20",
    "21",
    "22",
    "25",
    "27",
    "28",
    "29"
  ],
  "best_epoch": 2,
  "best_val_loss": 0.17403143644332886,
  "best_val_metrics": {
    "mae": 0.5026390149112558,
    "rmse": 0.5815491220320876,
    "rms": 0.5815491220320876,
    "r2": 0.37916673896711606,
    "bias": 0.28214286494403495,
    "mape_pct": 165.6465019356277,
    "n_samples": 1920
  },
  "n_epochs_ran": 32,
  "stop_reason": "early_stopping",
  "model_type": "tcn",
  "loss": "huber",
  "learning_rate": 0.001,
  "dropout": 0.1
}