{
  "fold_name": "loso_val_09",
  "val_subject_id": "09",
  "train_subject_ids": [
    "02",
    "03",
    "08",
    "12",
    "13",
    "14",
    "15",
    "16",
    "17",
    "18",
    "19",
    "20",
    "21",
    "22",
    "25",
    "27",
    "28",
    "29"
  ],
  "best_epoch": 1,
  "best_val_loss": 0.18432824313640594,
  "best_val_metrics": {
    "mae": 0.4946951786099494,
    "rmse": 0.6088320808572733,
    "rms": 0.6088320808572733,
    "r2": 0.4711835999386692,
    "bias": 0.339069563181644,
    "mape_pct": 202.36601271834812,
    "n_samples": 7200
  },
  "n_epochs_ran": 31,
  "stop_reason": "early_stopping",
  "model_type": "tcn",
  "loss": "huber",
  "learning_rate": 0.0005,
  "dropout": 0.1
}