{
  "fold_name": "loso_val_20",
  "val_subject_id": "20",
  "train_subject_ids": [
    "02",
    "03",
    "08",
    "09",
    "12",
    "13",
    "14",
    "15",
    "16",
    "17",
    "18",
    "19",
    "21",
    "22",
    "25",
    "27",
    "28",
    "29"
  ],
  "best_epoch": 23,
  "best_val_loss": 0.0948299216106534,
  "best_val_metrics": {
    "mae": 0.201061319438906,
    "rmse": 0.2822743706876439,
    "rms": 0.2822743706876439,
    "r2": 0.875816308001914,
    "bias": -0.03122751372134761,
    "mape_pct": 102.20634566703937,
    "n_samples": 18300
  },
  "n_epochs_ran": 53,
  "stop_reason": "early_stopping",
  "model_type": "tcn",
  "loss": "mse",
  "learning_rate": 0.001,
  "dropout": 0.1
}