{
  "fold_name": "loso_val_18",
  "val_subject_id": "18",
  "train_subject_ids": [
    "02",
    "03",
    "08",
    "09",
    "12",
    "13",
    "14",
    "15",
    "16",
    "17",
    "19",
    "20",
    "21",
    "22",
    "25",
    "27",
    "28",
    "29"
  ],
  "best_epoch": 17,
  "best_val_loss": 0.10399396158754826,
  "best_val_metrics": {
    "mae": 0.3711779233895386,
    "rmse": 0.44581282087773566,
    "rms": 0.44581282087773566,
    "r2": 0.6300454529481407,
    "bias": 0.34027733110273695,
    "mape_pct": 268.2013515437539,
    "n_samples": 18150
  },
  "n_epochs_ran": 47,
  "stop_reason": "early_stopping",
  "model_type": "tcn",
  "loss": "huber",
  "learning_rate": 0.001,
  "dropout": 0.1
}