{
  "fold_name": "loso_val_02",
  "val_subject_id": "02",
  "train_subject_ids": [
    "03",
    "08",
    "09",
    "12",
    "13",
    "14",
    "15",
    "16",
    "17",
    "18",
    "19",
    "20",
    "21",
    "22",
    "25",
    "27",
    "28",
    "29"
  ],
  "best_epoch": 47,
  "best_val_loss": 0.07550431229174137,
  "best_val_metrics": {
    "mae": 0.29967895734813826,
    "rmse": 0.37849510488145255,
    "rms": 0.37849510488145255,
    "r2": 0.7569986426360213,
    "bias": 0.2285216194448895,
    "mape_pct": 181.39139072148885,
    "n_samples": 11160
  },
  "n_epochs_ran": 77,
  "stop_reason": "early_stopping",
  "model_type": "cnn1d",
  "loss": "huber",
  "learning_rate": 0.001,
  "dropout": 0.2
}