{
  "fold_name": "loso_val_14",
  "val_subject_id": "14",
  "train_subject_ids": [
    "02",
    "03",
    "08",
    "09",
    "12",
    "13",
    "15",
    "16",
    "17",
    "18",
    "19",
    "20",
    "21",
    "22",
    "25",
    "27",
    "28",
    "29"
  ],
  "best_epoch": 25,
  "best_val_loss": 0.6332651674747467,
  "best_val_metrics": {
    "mae": 0.9504791049935092,
    "rmse": 1.0562689009223813,
    "rms": 1.0562689009223813,
    "r2": 0.054394848863252854,
    "bias": 0.9135936253388987,
    "mape_pct": 245.91348462754823,
    "n_samples": 15840
  },
  "n_epochs_ran": 55,
  "stop_reason": "early_stopping",
  "model_type": "tcn",
  "loss": "huber",
  "learning_rate": 0.0005,
  "dropout": 0.1
}