{
  "fold_name": "loso_val_02",
  "val_subject_id": "02",
  "train_subject_ids": [
    "03",
    "08",
    "09",
    "12",
    "13",
    "14",
    "15",
    "16",
    "17",
    "18",
    "19",
    "20",
    "21",
    "22",
    "25",
    "27",
    "28",
    "29"
  ],
  "best_epoch": 26,
  "best_val_loss": 0.08176081627607346,
  "best_val_metrics": {
    "mae": 0.3222298722412152,
    "rmse": 0.39768647156233344,
    "rms": 0.39768647156233344,
    "r2": 0.7512385030732005,
    "bias": 0.2624017868534429,
    "mape_pct": 177.13194116076218,
    "n_samples": 7200
  },
  "n_epochs_ran": 56,
  "stop_reason": "early_stopping",
  "model_type": "cnn1d",
  "loss": "huber",
  "learning_rate": 0.0005,
  "dropout": 0.1
}