{
  "fold_name": "loso_val_14",
  "val_subject_id": "14",
  "train_subject_ids": [
    "02",
    "03",
    "08",
    "09",
    "12",
    "13",
    "15",
    "16",
    "17",
    "18",
    "19",
    "20",
    "21",
    "22",
    "25",
    "27",
    "28",
    "29"
  ],
  "best_epoch": 12,
  "best_val_loss": 0.7313132882118225,
  "best_val_metrics": {
    "mae": 0.9947417467612129,
    "rmse": 1.13297425801309,
    "rms": 1.13297425801309,
    "r2": -0.16892976949402638,
    "bias": 0.8991850228742503,
    "mape_pct": 180.63332986354322,
    "n_samples": 2160
  },
  "n_epochs_ran": 42,
  "stop_reason": "early_stopping",
  "model_type": "tcn",
  "loss": "huber",
  "learning_rate": 0.0005,
  "dropout": 0.1
}