{
  "fold_name": "loso_val_20",
  "val_subject_id": "20",
  "train_subject_ids": [
    "02",
    "03",
    "08",
    "09",
    "12",
    "13",
    "14",
    "15",
    "16",
    "17",
    "18",
    "19",
    "21",
    "22",
    "25",
    "27",
    "28",
    "29"
  ],
  "best_epoch": 18,
  "best_val_loss": 0.10419901087880135,
  "best_val_metrics": {
    "mae": 0.22974456269206237,
    "rmse": 0.3076987501806297,
    "rms": 0.3076987501806297,
    "r2": 0.8626538974786436,
    "bias": -0.027877488918971433,
    "mape_pct": 121.25286073345131,
    "n_samples": 18300
  },
  "n_epochs_ran": 48,
  "stop_reason": "early_stopping",
  "model_type": "tcn",
  "loss": "mse",
  "learning_rate": 0.001,
  "dropout": 0.1
}