{
  "fold_name": "loso_val_08",
  "val_subject_id": "08",
  "train_subject_ids": [
    "02",
    "03",
    "09",
    "12",
    "13",
    "14",
    "15",
    "16",
    "17",
    "18",
    "19",
    "20",
    "21",
    "22",
    "25",
    "27",
    "28",
    "29"
  ],
  "best_epoch": 18,
  "best_val_loss": 0.06699599185958505,
  "best_val_metrics": {
    "mae": 0.29563111693554717,
    "rmse": 0.36133561589578445,
    "rms": 0.36133561589578445,
    "r2": 0.8480161270242365,
    "bias": -0.18824304355590632,
    "mape_pct": 112.23724529533101,
    "n_samples": 18150
  },
  "n_epochs_ran": 48,
  "stop_reason": "early_stopping",
  "model_type": "tcn",
  "loss": "huber",
  "learning_rate": 0.001,
  "dropout": 0.1
}