{
  "fold_name": "loso_val_03",
  "val_subject_id": "03",
  "train_subject_ids": [
    "02",
    "08",
    "09",
    "12",
    "13",
    "14",
    "15",
    "16",
    "17",
    "18",
    "19",
    "20",
    "21",
    "22",
    "25",
    "27",
    "28",
    "29"
  ],
  "best_epoch": 43,
  "best_val_loss": 0.07627731189131737,
  "best_val_metrics": {
    "mae": 0.300334681815742,
    "rmse": 0.38492135218891144,
    "rms": 0.38492135218891144,
    "r2": 0.8800261791623194,
    "bias": -0.03165285796189147,
    "mape_pct": 56.924140721717805,
    "n_samples": 14160
  },
  "n_epochs_ran": 73,
  "stop_reason": "early_stopping",
  "model_type": "tcn",
  "loss": "huber",
  "learning_rate": 0.0005,
  "dropout": 0.2
}