{
  "fold_name": "loso_val_28",
  "val_subject_id": "28",
  "train_subject_ids": [
    "02",
    "03",
    "08",
    "09",
    "12",
    "13",
    "14",
    "15",
    "16",
    "17",
    "18",
    "19",
    "20",
    "21",
    "22",
    "25",
    "27",
    "29"
  ],
  "best_epoch": 20,
  "best_val_loss": 0.048083217814564705,
  "best_val_metrics": {
    "mae": 0.224918804592857,
    "rmse": 0.29808043757079,
    "rms": 0.29808043757079,
    "r2": 0.8937941577804235,
    "bias": -0.03188595423230532,
    "mape_pct": 73.4969724958736,
    "n_samples": 18150
  },
  "n_epochs_ran": 50,
  "stop_reason": "early_stopping",
  "model_type": "tcn",
  "loss": "huber",
  "learning_rate": 0.001,
  "dropout": 0.1
}