{
  "fold_name": "loso_val_02",
  "val_subject_id": "02",
  "train_subject_ids": [
    "03",
    "08",
    "09",
    "12",
    "13",
    "14",
    "15",
    "16",
    "17",
    "18",
    "19",
    "20",
    "21",
    "22",
    "25",
    "27",
    "28",
    "29"
  ],
  "best_epoch": 27,
  "best_val_loss": 0.08093512617051601,
  "best_val_metrics": {
    "mae": 0.31741699150583585,
    "rmse": 0.392974119121037,
    "rms": 0.392974119121037,
    "r2": 0.7544125798773065,
    "bias": 0.23591727838613138,
    "mape_pct": 143.31053801228714,
    "n_samples": 18900
  },
  "n_epochs_ran": 57,
  "stop_reason": "early_stopping",
  "model_type": "tcn",
  "loss": "huber",
  "learning_rate": 0.001,
  "dropout": 0.1
}