{
  "fold_name": "loso_val_13",
  "val_subject_id": "13",
  "train_subject_ids": [
    "02",
    "03",
    "08",
    "09",
    "12",
    "14",
    "15",
    "16",
    "17",
    "18",
    "19",
    "20",
    "21",
    "22",
    "25",
    "27",
    "28",
    "29"
  ],
  "best_epoch": 4,
  "best_val_loss": 0.24231453984975815,
  "best_val_metrics": {
    "mae": 0.5508911965109983,
    "rmse": 0.702139423989522,
    "rms": 0.702139423989522,
    "r2": 0.6767579245854902,
    "bias": -0.36982349982631774,
    "mape_pct": 283.85743930472586,
    "n_samples": 7560
  },
  "n_epochs_ran": 34,
  "stop_reason": "early_stopping",
  "model_type": "tcn",
  "loss": "huber",
  "learning_rate": 0.001,
  "dropout": 0.1
}