{
  "fold_name": "loso_val_14",
  "val_subject_id": "14",
  "train_subject_ids": [
    "02",
    "03",
    "08",
    "09",
    "12",
    "13",
    "15",
    "16",
    "17",
    "18",
    "19",
    "20",
    "21",
    "22",
    "25",
    "27",
    "28",
    "29"
  ],
  "best_epoch": 10,
  "best_val_loss": 0.62195685505867,
  "best_val_metrics": {
    "mae": 0.9542218197177031,
    "rmse": 1.0638919671862384,
    "rms": 1.0638919671862384,
    "r2": -0.006889223747500228,
    "bias": 0.9111218856178901,
    "mape_pct": 230.75373912010346,
    "n_samples": 8400
  },
  "n_epochs_ran": 40,
  "stop_reason": "early_stopping",
  "model_type": "tcn",
  "loss": "huber",
  "learning_rate": 0.0005,
  "dropout": 0.1
}