{
  "fold_name": "loso_val_12",
  "val_subject_id": "12",
  "train_subject_ids": [
    "02",
    "03",
    "08",
    "09",
    "13",
    "14",
    "15",
    "16",
    "17",
    "18",
    "19",
    "20",
    "21",
    "22",
    "25",
    "27",
    "28",
    "29"
  ],
  "best_epoch": 2,
  "best_val_loss": 0.17666441202163696,
  "best_val_metrics": {
    "mae": 0.4841293988972822,
    "rmse": 0.591732457616432,
    "rms": 0.591732457616432,
    "r2": 0.20415624968335155,
    "bias": 0.1737096137688255,
    "mape_pct": 457.10926519889614,
    "n_samples": 3780
  },
  "n_epochs_ran": 32,
  "stop_reason": "early_stopping",
  "model_type": "tcn",
  "loss": "huber",
  "learning_rate": 0.0005,
  "dropout": 0.1
}