{
  "fold_name": "loso_val_15",
  "val_subject_id": "15",
  "train_subject_ids": [
    "02",
    "03",
    "08",
    "09",
    "12",
    "13",
    "14",
    "16",
    "17",
    "18",
    "19",
    "20",
    "21",
    "22",
    "25",
    "27",
    "28",
    "29"
  ],
  "best_epoch": 17,
  "best_val_loss": 0.5691840847333273,
  "best_val_metrics": {
    "mae": 0.9196753487150782,
    "rmse": 1.0716743385726601,
    "rms": 1.0716743385726601,
    "r2": -0.0880427245103903,
    "bias": -0.7944418199782014,
    "mape_pct": 118.08066551871292,
    "n_samples": 4020
  },
  "n_epochs_ran": 47,
  "stop_reason": "early_stopping",
  "model_type": "tcn",
  "loss": "huber",
  "learning_rate": 0.0005,
  "dropout": 0.2
}