{
  "fold_name": "loso_val_28",
  "val_subject_id": "28",
  "train_subject_ids": [
    "02",
    "03",
    "08",
    "09",
    "12",
    "13",
    "14",
    "15",
    "16",
    "17",
    "18",
    "19",
    "20",
    "21",
    "22",
    "25",
    "27",
    "29"
  ],
  "best_epoch": 20,
  "best_val_loss": 0.11578394146636128,
  "best_val_metrics": {
    "mae": 0.25145503867017976,
    "rmse": 0.32344048828096034,
    "rms": 0.32344048828096034,
    "r2": 0.876157220817987,
    "bias": 0.05453838608967212,
    "mape_pct": 100.57899897707208,
    "n_samples": 18150
  },
  "n_epochs_ran": 50,
  "stop_reason": "early_stopping",
  "model_type": "tcn",
  "loss": "mse",
  "learning_rate": 0.001,
  "dropout": 0.1
}