{
  "fold_name": "loso_val_02",
  "val_subject_id": "02",
  "train_subject_ids": [
    "03",
    "08",
    "09",
    "12",
    "13",
    "14",
    "15",
    "16",
    "17",
    "18",
    "19",
    "20",
    "21",
    "22",
    "25",
    "27",
    "28",
    "29"
  ],
  "best_epoch": 13,
  "best_val_loss": 0.07209728145971894,
  "best_val_metrics": {
    "mae": 0.29686281868806064,
    "rmse": 0.37245348221555125,
    "rms": 0.37245348221555125,
    "r2": 0.7775593950953771,
    "bias": 0.20243861342571484,
    "mape_pct": 121.13845761612399,
    "n_samples": 18900
  },
  "n_epochs_ran": 43,
  "stop_reason": "early_stopping",
  "model_type": "tcn",
  "loss": "huber",
  "learning_rate": 0.001,
  "dropout": 0.1
}