{
  "fold_name": "loso_val_29",
  "val_subject_id": "29",
  "train_subject_ids": [
    "02",
    "03",
    "08",
    "09",
    "12",
    "13",
    "14",
    "15",
    "16",
    "17",
    "18",
    "19",
    "20",
    "21",
    "22",
    "25",
    "27",
    "28"
  ],
  "best_epoch": 50,
  "best_val_loss": 0.042494677007198334,
  "best_val_metrics": {
    "mae": 0.20201309739912626,
    "rmse": 0.28296844310211544,
    "rms": 0.28296844310211544,
    "r2": 0.884537986156959,
    "bias": 0.09850255004459223,
    "mape_pct": 75.17513936941991,
    "n_samples": 18900
  },
  "n_epochs_ran": 80,
  "stop_reason": "early_stopping",
  "model_type": "tcn",
  "loss": "huber",
  "learning_rate": 0.001,
  "dropout": 0.1
}