{
  "fold_name": "loso_val_12",
  "val_subject_id": "12",
  "train_subject_ids": [
    "02",
    "03",
    "08",
    "09",
    "13",
    "14",
    "15",
    "16",
    "17",
    "18",
    "19",
    "20",
    "21",
    "22",
    "25",
    "27",
    "28",
    "29"
  ],
  "best_epoch": 19,
  "best_val_loss": 0.052757808938622475,
  "best_val_metrics": {
    "mae": 0.24789145336143828,
    "rmse": 0.31743066867996833,
    "rms": 0.31743066867996833,
    "r2": 0.7663429229743186,
    "bias": -0.02299502286594043,
    "mape_pct": 268.3385876365357,
    "n_samples": 7320
  },
  "n_epochs_ran": 49,
  "stop_reason": "early_stopping",
  "model_type": "cnn1d",
  "loss": "huber",
  "learning_rate": 0.001,
  "dropout": 0.1
}