{
  "fold_name": "loso_val_13",
  "val_subject_id": "13",
  "train_subject_ids": [
    "02",
    "03",
    "08",
    "09",
    "12",
    "14",
    "15",
    "16",
    "17",
    "18",
    "19",
    "20",
    "21",
    "22",
    "25",
    "27",
    "28",
    "29"
  ],
  "best_epoch": 16,
  "best_val_loss": 0.2607012614607811,
  "best_val_metrics": {
    "mae": 0.5555617466766051,
    "rmse": 0.7277735760927573,
    "rms": 0.7277735760927573,
    "r2": 0.6538264112639308,
    "bias": -0.47207531703081074,
    "mape_pct": 158.23647800708795,
    "n_samples": 7560
  },
  "n_epochs_ran": 46,
  "stop_reason": "early_stopping",
  "model_type": "cnn1d",
  "loss": "huber",
  "learning_rate": 0.001,
  "dropout": 0.2
}