{
  "fold_name": "loso_val_15",
  "val_subject_id": "15",
  "train_subject_ids": [
    "02",
    "03",
    "08",
    "09",
    "12",
    "13",
    "14",
    "16",
    "17",
    "18",
    "19",
    "20",
    "21",
    "22",
    "25",
    "27",
    "28",
    "29"
  ],
  "best_epoch": 8,
  "best_val_loss": 0.5985938012599945,
  "best_val_metrics": {
    "mae": 0.925012450442835,
    "rmse": 1.3023139073557992,
    "rms": 1.3023139073557992,
    "r2": -0.09820570439786347,
    "bias": -0.7163877887557699,
    "mape_pct": 111.56478657503234,
    "n_samples": 11340
  },
  "n_epochs_ran": 38,
  "stop_reason": "early_stopping",
  "model_type": "tcn",
  "loss": "huber",
  "learning_rate": 0.001,
  "dropout": 0.2
}