{
  "fold_name": "loso_val_13",
  "val_subject_id": "13",
  "train_subject_ids": [
    "02",
    "03",
    "08",
    "09",
    "12",
    "14",
    "15",
    "16",
    "17",
    "18",
    "19",
    "20",
    "21",
    "22",
    "25",
    "27",
    "28",
    "29"
  ],
  "best_epoch": 10,
  "best_val_loss": 0.2562951371073723,
  "best_val_metrics": {
    "mae": 0.5619875032709964,
    "rmse": 0.7214042095080536,
    "rms": 0.7214042095080536,
    "r2": 0.6617930614935672,
    "bias": -0.4756567773850189,
    "mape_pct": 269.2085894121621,
    "n_samples": 18600
  },
  "n_epochs_ran": 40,
  "stop_reason": "early_stopping",
  "model_type": "tcn",
  "loss": "huber",
  "learning_rate": 0.001,
  "dropout": 0.1
}