{
  "fold_name": "loso_val_19",
  "val_subject_id": "19",
  "train_subject_ids": [
    "02",
    "03",
    "08",
    "09",
    "12",
    "13",
    "14",
    "15",
    "16",
    "17",
    "18",
    "20",
    "21",
    "22",
    "25",
    "27",
    "28",
    "29"
  ],
  "best_epoch": 18,
  "best_val_loss": 0.2118758112192154,
  "best_val_metrics": {
    "mae": 0.5108605118412476,
    "rmse": 0.6571478162702346,
    "rms": 0.6571478162702346,
    "r2": 0.5722852943917418,
    "bias": 0.03409455303797528,
    "mape_pct": 90.63404262465737,
    "n_samples": 18900
  },
  "n_epochs_ran": 48,
  "stop_reason": "early_stopping",
  "model_type": "tcn",
  "loss": "huber",
  "learning_rate": 0.001,
  "dropout": 0.1
}