{
  "fold_name": "loso_val_09",
  "val_subject_id": "09",
  "train_subject_ids": [
    "02",
    "03",
    "08",
    "12",
    "13",
    "14",
    "15",
    "16",
    "17",
    "18",
    "19",
    "20",
    "21",
    "22",
    "25",
    "27",
    "28",
    "29"
  ],
  "best_epoch": 16,
  "best_val_loss": 0.20086140930652618,
  "best_val_metrics": {
    "mae": 0.548571459527397,
    "rmse": 0.628996403835409,
    "rms": 0.628996403835409,
    "r2": 0.4264965851286253,
    "bias": 0.4994816037305292,
    "mape_pct": 261.46494814613106,
    "n_samples": 5580
  },
  "n_epochs_ran": 46,
  "stop_reason": "early_stopping",
  "model_type": "tcn",
  "loss": "huber",
  "learning_rate": 0.001,
  "dropout": 0.1
}