{
  "fold_name": "loso_val_08",
  "val_subject_id": "08",
  "train_subject_ids": [
    "02",
    "03",
    "09",
    "12",
    "13",
    "14",
    "15",
    "16",
    "17",
    "18",
    "19",
    "20",
    "21",
    "22",
    "25",
    "27",
    "28",
    "29"
  ],
  "best_epoch": 133,
  "best_val_loss": 0.06397431343793869,
  "best_val_metrics": {
    "mae": 0.2845057552396025,
    "rmse": 0.3496964158755934,
    "rms": 0.3496964158755934,
    "r2": 0.8583962052313041,
    "bias": -0.20818018417888395,
    "mape_pct": 114.86505373465728,
    "n_samples": 13920
  },
  "n_epochs_ran": 163,
  "stop_reason": "early_stopping",
  "model_type": "tcn",
  "loss": "huber",
  "learning_rate": 0.001,
  "dropout": 0.2
}