{
  "fold_name": "loso_val_02",
  "val_subject_id": "02",
  "train_subject_ids": [
    "03",
    "08",
    "09",
    "12",
    "13",
    "14",
    "15",
    "16",
    "17",
    "18",
    "19",
    "20",
    "21",
    "22",
    "25",
    "27",
    "28",
    "29"
  ],
  "best_epoch": 54,
  "best_val_loss": 0.07784910500049591,
  "best_val_metrics": {
    "mae": 0.30386312027865947,
    "rmse": 0.38722563874093036,
    "rms": 0.38722563874093036,
    "r2": 0.759969350279281,
    "bias": 0.23240210066120806,
    "mape_pct": 135.6970766649976,
    "n_samples": 7680
  },
  "n_epochs_ran": 84,
  "stop_reason": "early_stopping",
  "model_type": "tcn",
  "loss": "huber",
  "learning_rate": 0.0005,
  "dropout": 0.1
}