{
  "fold_name": "loso_val_14",
  "val_subject_id": "14",
  "train_subject_ids": [
    "02",
    "03",
    "08",
    "09",
    "12",
    "13",
    "15",
    "16",
    "17",
    "18",
    "19",
    "20",
    "21",
    "22",
    "25",
    "27",
    "28",
    "29"
  ],
  "best_epoch": 22,
  "best_val_loss": 0.8821560740470886,
  "best_val_metrics": {
    "mae": 1.1872836055748779,
    "rmse": 1.3018994244448079,
    "rms": 1.3018994244448079,
    "r2": -0.49613396394212184,
    "bias": 1.1488870917195864,
    "mape_pct": 306.32244715531067,
    "n_samples": 2160
  },
  "n_epochs_ran": 52,
  "stop_reason": "early_stopping",
  "model_type": "cnn1d",
  "loss": "huber",
  "learning_rate": 0.001,
  "dropout": 0.2
}