{
  "fold_name": "loso_val_09",
  "val_subject_id": "09",
  "train_subject_ids": [
    "02",
    "03",
    "08",
    "12",
    "13",
    "14",
    "15",
    "16",
    "17",
    "18",
    "19",
    "20",
    "21",
    "22",
    "25",
    "27",
    "28",
    "29"
  ],
  "best_epoch": 3,
  "best_val_loss": 0.35480788350105286,
  "best_val_metrics": {
    "mae": 0.49316940253677466,
    "rmse": 0.5852274054116436,
    "rms": 0.5852274054116436,
    "r2": 0.5059968867937835,
    "bias": 0.44994855503959275,
    "mape_pct": 235.03413745972145,
    "n_samples": 18450
  },
  "n_epochs_ran": 33,
  "stop_reason": "early_stopping",
  "model_type": "tcn",
  "loss": "mse",
  "learning_rate": 0.001,
  "dropout": 0.1
}