{
  "fold_name": "loso_val_13",
  "val_subject_id": "13",
  "train_subject_ids": [
    "02",
    "03",
    "08",
    "09",
    "12",
    "14",
    "15",
    "16",
    "17",
    "18",
    "19",
    "20",
    "21",
    "22",
    "25",
    "27",
    "28",
    "29"
  ],
  "best_epoch": 3,
  "best_val_loss": 0.2360912263393402,
  "best_val_metrics": {
    "mae": 0.5619085580972398,
    "rmse": 0.7049907695721984,
    "rms": 0.7049907695721984,
    "r2": 0.6917082691593975,
    "bias": -0.23434609761054787,
    "mape_pct": 397.8216277523714,
    "n_samples": 5580
  },
  "n_epochs_ran": 33,
  "stop_reason": "early_stopping",
  "model_type": "tcn",
  "loss": "huber",
  "learning_rate": 0.0005,
  "dropout": 0.2
}