{
  "fold_name": "loso_val_14",
  "val_subject_id": "14",
  "train_subject_ids": [
    "02",
    "03",
    "08",
    "09",
    "12",
    "13",
    "15",
    "16",
    "17",
    "18",
    "19",
    "20",
    "21",
    "22",
    "25",
    "27",
    "28",
    "29"
  ],
  "best_epoch": 36,
  "best_val_loss": 0.7883890569210052,
  "best_val_metrics": {
    "mae": 1.0945800184433727,
    "rmse": 1.214107237111171,
    "rms": 1.214107237111171,
    "r2": -0.23034761453995745,
    "bias": 1.05907802767422,
    "mape_pct": 300.2219157358245,
    "n_samples": 6120
  },
  "n_epochs_ran": 66,
  "stop_reason": "early_stopping",
  "model_type": "cnn1d",
  "loss": "huber",
  "learning_rate": 0.001,
  "dropout": 0.2
}