{
  "fold_name": "loso_val_09",
  "val_subject_id": "09",
  "train_subject_ids": [
    "02",
    "03",
    "08",
    "12",
    "13",
    "14",
    "15",
    "16",
    "17",
    "18",
    "19",
    "20",
    "21",
    "22",
    "25",
    "27",
    "28",
    "29"
  ],
  "best_epoch": 1,
  "best_val_loss": 0.16261389944702387,
  "best_val_metrics": {
    "mae": 0.4746742187730267,
    "rmse": 0.5582106840258588,
    "rms": 0.5582106840258588,
    "r2": 0.5494046949168925,
    "bias": 0.4420534162527344,
    "mape_pct": 230.64735046918804,
    "n_samples": 18450
  },
  "n_epochs_ran": 31,
  "stop_reason": "early_stopping",
  "model_type": "tcn",
  "loss": "huber",
  "learning_rate": 0.001,
  "dropout": 0.1
}