{
  "fold_name": "loso_val_22",
  "val_subject_id": "22",
  "train_subject_ids": [
    "02",
    "03",
    "08",
    "09",
    "12",
    "13",
    "14",
    "15",
    "16",
    "17",
    "18",
    "19",
    "20",
    "21",
    "25",
    "27",
    "28",
    "29"
  ],
  "best_epoch": 9,
  "best_val_loss": 0.04332669568248093,
  "best_val_metrics": {
    "mae": 0.22508926107289873,
    "rmse": 0.28589917011573807,
    "rms": 0.28589917011573807,
    "r2": 0.8401313603283608,
    "bias": -0.14527790710936142,
    "mape_pct": 718.9994013769087,
    "n_samples": 18450
  },
  "n_epochs_ran": 39,
  "stop_reason": "early_stopping",
  "model_type": "tcn",
  "loss": "huber",
  "learning_rate": 0.001,
  "dropout": 0.1
}