{
  "fold_name": "loso_val_15",
  "val_subject_id": "15",
  "train_subject_ids": [
    "02",
    "03",
    "08",
    "09",
    "12",
    "13",
    "14",
    "16",
    "17",
    "18",
    "19",
    "20",
    "21",
    "22",
    "25",
    "27",
    "28",
    "29"
  ],
  "best_epoch": 26,
  "best_val_loss": 0.6041383147239685,
  "best_val_metrics": {
    "mae": 0.9510833319692161,
    "rmse": 1.3011601377110962,
    "rms": 1.3011601377110962,
    "r2": -0.09883172020089215,
    "bias": -0.6821594545938154,
    "mape_pct": 111.38641980023843,
    "n_samples": 7440
  },
  "n_epochs_ran": 56,
  "stop_reason": "early_stopping",
  "model_type": "tcn",
  "loss": "huber",
  "learning_rate": 0.0005,
  "dropout": 0.1
}