{
  "fold_name": "loso_val_03",
  "val_subject_id": "03",
  "train_subject_ids": [
    "02",
    "08",
    "09",
    "12",
    "13",
    "14",
    "15",
    "16",
    "17",
    "18",
    "19",
    "20",
    "21",
    "22",
    "25",
    "27",
    "28",
    "29"
  ],
  "best_epoch": 84,
  "best_val_loss": 0.07466744631528854,
  "best_val_metrics": {
    "mae": 0.294989388487803,
    "rmse": 0.38371992603643257,
    "rms": 0.38371992603643257,
    "r2": 0.8808791080039515,
    "bias": -0.04980342863362037,
    "mape_pct": 55.07375669334416,
    "n_samples": 7200
  },
  "n_epochs_ran": 114,
  "stop_reason": "early_stopping",
  "model_type": "tcn",
  "loss": "huber",
  "learning_rate": 0.0005,
  "dropout": 0.1
}