{
  "fold_name": "loso_val_17",
  "val_subject_id": "17",
  "train_subject_ids": [
    "02",
    "03",
    "08",
    "09",
    "12",
    "13",
    "14",
    "15",
    "16",
    "18",
    "19",
    "20",
    "21",
    "22",
    "25",
    "27",
    "28",
    "29"
  ],
  "best_epoch": 11,
  "best_val_loss": 0.1383238211274147,
  "best_val_metrics": {
    "mae": 0.2582254904437074,
    "rmse": 0.35214968361288956,
    "rms": 0.35214968361288956,
    "r2": 0.8153710992405185,
    "bias": -0.13092317100782036,
    "mape_pct": 85.22856688229903,
    "n_samples": 18150
  },
  "n_epochs_ran": 41,
  "stop_reason": "early_stopping",
  "model_type": "tcn",
  "loss": "mse",
  "learning_rate": 0.001,
  "dropout": 0.1
}