{
  "fold_name": "loso_val_13",
  "val_subject_id": "13",
  "train_subject_ids": [
    "02",
    "03",
    "08",
    "09",
    "12",
    "14",
    "15",
    "16",
    "17",
    "18",
    "19",
    "20",
    "21",
    "22",
    "25",
    "27",
    "28",
    "29"
  ],
  "best_epoch": 1,
  "best_val_loss": 0.26800337433815,
  "best_val_metrics": {
    "mae": 0.6031721164588171,
    "rmse": 0.7601112793607324,
    "rms": 0.7601112793607324,
    "r2": 0.6449603658920819,
    "bias": -0.2633182620209926,
    "mape_pct": 432.079201030116,
    "n_samples": 7200
  },
  "n_epochs_ran": 31,
  "stop_reason": "early_stopping",
  "model_type": "tcn",
  "loss": "huber",
  "learning_rate": 0.001,
  "dropout": 0.2
}