{
  "fold_name": "loso_val_13",
  "val_subject_id": "13",
  "train_subject_ids": [
    "02",
    "03",
    "08",
    "09",
    "12",
    "14",
    "15",
    "16",
    "17",
    "18",
    "19",
    "20",
    "21",
    "22",
    "25",
    "27",
    "28",
    "29"
  ],
  "best_epoch": 16,
  "best_val_loss": 0.23178692907094955,
  "best_val_metrics": {
    "mae": 0.6131548356879144,
    "rmse": 0.7865082006767916,
    "rms": 0.7865082006767916,
    "r2": 0.5868282249380778,
    "bias": -0.47949225078116003,
    "mape_pct": 319.15636083259074,
    "n_samples": 3900
  },
  "n_epochs_ran": 46,
  "stop_reason": "early_stopping",
  "model_type": "tcn",
  "loss": "huber",
  "learning_rate": 0.001,
  "dropout": 0.2
}