{
  "fold_name": "loso_val_18",
  "val_subject_id": "18",
  "train_subject_ids": [
    "02",
    "03",
    "08",
    "09",
    "12",
    "13",
    "14",
    "15",
    "16",
    "17",
    "19",
    "20",
    "21",
    "22",
    "25",
    "27",
    "28",
    "29"
  ],
  "best_epoch": 28,
  "best_val_loss": 0.2522743195295334,
  "best_val_metrics": {
    "mae": 0.39510251693727744,
    "rmse": 0.47857546278855106,
    "rms": 0.47857546278855106,
    "r2": 0.5727035888790803,
    "bias": 0.3646994390070038,
    "mape_pct": 232.9853317914035,
    "n_samples": 18150
  },
  "n_epochs_ran": 58,
  "stop_reason": "early_stopping",
  "model_type": "tcn",
  "loss": "mse",
  "learning_rate": 0.001,
  "dropout": 0.1
}