{
  "fold_name": "loso_val_29",
  "val_subject_id": "29",
  "train_subject_ids": [
    "02",
    "03",
    "08",
    "09",
    "12",
    "13",
    "14",
    "15",
    "16",
    "17",
    "18",
    "19",
    "20",
    "21",
    "22",
    "25",
    "27",
    "28"
  ],
  "best_epoch": 46,
  "best_val_loss": 0.03874140977859497,
  "best_val_metrics": {
    "mae": 0.19476439053113892,
    "rmse": 0.271473342869117,
    "rms": 0.271473342869117,
    "r2": 0.8953241851395692,
    "bias": 0.04193816531901667,
    "mape_pct": 80.27051140529828,
    "n_samples": 18900
  },
  "n_epochs_ran": 76,
  "stop_reason": "early_stopping",
  "model_type": "tcn",
  "loss": "huber",
  "learning_rate": 0.001,
  "dropout": 0.1
}