{
  "fold_name": "loso_val_14",
  "val_subject_id": "14",
  "train_subject_ids": [
    "02",
    "03",
    "08",
    "09",
    "12",
    "13",
    "15",
    "16",
    "17",
    "18",
    "19",
    "20",
    "21",
    "22",
    "25",
    "27",
    "28",
    "29"
  ],
  "best_epoch": 12,
  "best_val_loss": 0.7076771557331085,
  "best_val_metrics": {
    "mae": 0.9698332893838393,
    "rmse": 1.1101728352331137,
    "rms": 1.1101728352331137,
    "r2": -0.12156276600871685,
    "bias": 0.881051617148882,
    "mape_pct": 172.69626919494488,
    "n_samples": 2160
  },
  "n_epochs_ran": 42,
  "stop_reason": "early_stopping",
  "model_type": "tcn",
  "loss": "huber",
  "learning_rate": 0.001,
  "dropout": 0.2
}