{
  "fold_name": "loso_val_29",
  "val_subject_id": "29",
  "train_subject_ids": [
    "02",
    "03",
    "08",
    "09",
    "12",
    "13",
    "14",
    "15",
    "16",
    "17",
    "18",
    "19",
    "20",
    "21",
    "22",
    "25",
    "27",
    "28"
  ],
  "best_epoch": 25,
  "best_val_loss": 0.04006210993975401,
  "best_val_metrics": {
    "mae": 0.19196094583984827,
    "rmse": 0.27397592422397454,
    "rms": 0.27397592422397454,
    "r2": 0.8914614053833945,
    "bias": 0.07670853314801765,
    "mape_pct": 75.29934344272485,
    "n_samples": 18900
  },
  "n_epochs_ran": 55,
  "stop_reason": "early_stopping",
  "model_type": "tcn",
  "loss": "huber",
  "learning_rate": 0.001,
  "dropout": 0.1
}