{
  "fold_name": "loso_val_13",
  "val_subject_id": "13",
  "train_subject_ids": [
    "02",
    "03",
    "08",
    "09",
    "12",
    "14",
    "15",
    "16",
    "17",
    "18",
    "19",
    "20",
    "21",
    "22",
    "25",
    "27",
    "28",
    "29"
  ],
  "best_epoch": 1,
  "best_val_loss": 0.2475610813125968,
  "best_val_metrics": {
    "mae": 0.5673593882906067,
    "rmse": 0.7104236196289645,
    "rms": 0.7104236196289645,
    "r2": 0.6711578790530833,
    "bias": -0.4840492612685663,
    "mape_pct": 249.56651914427272,
    "n_samples": 18600
  },
  "n_epochs_ran": 31,
  "stop_reason": "early_stopping",
  "model_type": "tcn",
  "loss": "huber",
  "learning_rate": 0.001,
  "dropout": 0.1
}