{
  "fold_name": "loso_val_14",
  "val_subject_id": "14",
  "train_subject_ids": [
    "02",
    "03",
    "08",
    "09",
    "12",
    "13",
    "15",
    "16",
    "17",
    "18",
    "19",
    "20",
    "21",
    "22",
    "25",
    "27",
    "28",
    "29"
  ],
  "best_epoch": 35,
  "best_val_loss": 1.0361500084400177,
  "best_val_metrics": {
    "mae": 0.8055034944094227,
    "rmse": 0.8827143863557076,
    "rms": 0.8827143863557076,
    "r2": 0.3014584957224682,
    "bias": 0.7502705970066067,
    "mape_pct": 216.82074360150264,
    "n_samples": 20550
  },
  "n_epochs_ran": 65,
  "stop_reason": "early_stopping",
  "model_type": "tcn",
  "loss": "mse",
  "learning_rate": 0.001,
  "dropout": 0.1
}