{
  "fold_name": "loso_val_14",
  "val_subject_id": "14",
  "train_subject_ids": [
    "02",
    "03",
    "08",
    "09",
    "12",
    "13",
    "15",
    "16",
    "17",
    "18",
    "19",
    "20",
    "21",
    "22",
    "25",
    "27",
    "28",
    "29"
  ],
  "best_epoch": 3,
  "best_val_loss": 0.6676220297813416,
  "best_val_metrics": {
    "mae": 1.0091784433965114,
    "rmse": 1.1546735793920948,
    "rms": 1.1546735793920948,
    "r2": -0.20285545771730762,
    "bias": 0.9045045629268215,
    "mape_pct": 203.66239645166524,
    "n_samples": 4320
  },
  "n_epochs_ran": 33,
  "stop_reason": "early_stopping",
  "model_type": "cnn1d",
  "loss": "huber",
  "learning_rate": 0.001,
  "dropout": 0.1
}