{
  "fold_name": "loso_val_08",
  "val_subject_id": "08",
  "train_subject_ids": [
    "02",
    "03",
    "09",
    "12",
    "13",
    "14",
    "15",
    "16",
    "17",
    "18",
    "19",
    "20",
    "21",
    "22",
    "25",
    "27",
    "28",
    "29"
  ],
  "best_epoch": 11,
  "best_val_loss": 0.07717513293027878,
  "best_val_metrics": {
    "mae": 0.3147188527205388,
    "rmse": 0.3863454402723577,
    "rms": 0.3863454402723577,
    "r2": 0.830993167956356,
    "bias": -0.18215949575176402,
    "mape_pct": 124.19344745975545,
    "n_samples": 3720
  },
  "n_epochs_ran": 41,
  "stop_reason": "early_stopping",
  "model_type": "tcn",
  "loss": "huber",
  "learning_rate": 0.001,
  "dropout": 0.1
}