{
  "fold_name": "loso_val_14",
  "val_subject_id": "14",
  "train_subject_ids": [
    "02",
    "03",
    "08",
    "09",
    "12",
    "13",
    "15",
    "16",
    "17",
    "18",
    "19",
    "20",
    "21",
    "22",
    "25",
    "27",
    "28",
    "29"
  ],
  "best_epoch": 41,
  "best_val_loss": 1.4673471649487813,
  "best_val_metrics": {
    "mae": 0.9462380411126369,
    "rmse": 1.058081063012291,
    "rms": 1.058081063012291,
    "r2": 0.019326760820058797,
    "bias": 0.8919351385828729,
    "mape_pct": 230.6169379617872,
    "n_samples": 20550
  },
  "n_epochs_ran": 71,
  "stop_reason": "early_stopping",
  "model_type": "tcn",
  "loss": "mse",
  "learning_rate": 0.001,
  "dropout": 0.1
}