{
  "fold_name": "loso_val_18",
  "val_subject_id": "18",
  "train_subject_ids": [
    "02",
    "03",
    "08",
    "09",
    "12",
    "13",
    "14",
    "15",
    "16",
    "17",
    "19",
    "20",
    "21",
    "22",
    "25",
    "27",
    "28",
    "29"
  ],
  "best_epoch": 9,
  "best_val_loss": 0.11618863046169281,
  "best_val_metrics": {
    "mae": 0.3750420706831791,
    "rmse": 0.47044231581618584,
    "rms": 0.47044231581618584,
    "r2": 0.5910960205616753,
    "bias": 0.3327173945562498,
    "mape_pct": 258.5456521394548,
    "n_samples": 18150
  },
  "n_epochs_ran": 39,
  "stop_reason": "early_stopping",
  "model_type": "tcn",
  "loss": "huber",
  "learning_rate": 0.001,
  "dropout": 0.1
}