{
  "fold_name": "loso_val_28",
  "val_subject_id": "28",
  "train_subject_ids": [
    "02",
    "03",
    "08",
    "09",
    "12",
    "13",
    "14",
    "15",
    "16",
    "17",
    "18",
    "19",
    "20",
    "21",
    "22",
    "25",
    "27",
    "29"
  ],
  "best_epoch": 14,
  "best_val_loss": 0.05877950228750706,
  "best_val_metrics": {
    "mae": 0.2593290131274654,
    "rmse": 0.32991556563699614,
    "rms": 0.32991556563699614,
    "r2": 0.8724073411120183,
    "bias": 0.013621216819194445,
    "mape_pct": 84.44745610352966,
    "n_samples": 18150
  },
  "n_epochs_ran": 44,
  "stop_reason": "early_stopping",
  "model_type": "tcn",
  "loss": "huber",
  "learning_rate": 0.001,
  "dropout": 0.1
}