{
  "fold_name": "loso_val_13",
  "val_subject_id": "13",
  "train_subject_ids": [
    "02",
    "03",
    "08",
    "09",
    "12",
    "14",
    "15",
    "16",
    "17",
    "18",
    "19",
    "20",
    "21",
    "22",
    "25",
    "27",
    "28",
    "29"
  ],
  "best_epoch": 7,
  "best_val_loss": 0.49722760915756226,
  "best_val_metrics": {
    "mae": 0.5348066552686981,
    "rmse": 0.6819980235248061,
    "rms": 0.6819980235248061,
    "r2": 0.6968264793325643,
    "bias": -0.43778373640995744,
    "mape_pct": 265.7155475643666,
    "n_samples": 18600
  },
  "n_epochs_ran": 37,
  "stop_reason": "early_stopping",
  "model_type": "tcn",
  "loss": "mse",
  "learning_rate": 0.001,
  "dropout": 0.1
}