{
  "fold_name": "loso_val_25",
  "val_subject_id": "25",
  "train_subject_ids": [
    "02",
    "03",
    "08",
    "09",
    "12",
    "13",
    "14",
    "15",
    "16",
    "17",
    "18",
    "19",
    "20",
    "21",
    "22",
    "27",
    "28",
    "29"
  ],
  "best_epoch": 1,
  "best_val_loss": 0.23678365536034107,
  "best_val_metrics": {
    "mae": 0.39392356027749675,
    "rmse": 0.4807716288213016,
    "rms": 0.4807716288213016,
    "r2": 0.5461803715405433,
    "bias": -0.22025530391968787,
    "mape_pct": 150.62588397477373,
    "n_samples": 18750
  },
  "n_epochs_ran": 31,
  "stop_reason": "early_stopping",
  "model_type": "tcn",
  "loss": "mse",
  "learning_rate": 0.001,
  "dropout": 0.1
}