{
  "fold_name": "loso_val_22",
  "val_subject_id": "22",
  "train_subject_ids": [
    "02",
    "03",
    "08",
    "09",
    "12",
    "13",
    "14",
    "15",
    "16",
    "17",
    "18",
    "19",
    "20",
    "21",
    "25",
    "27",
    "28",
    "29"
  ],
  "best_epoch": 35,
  "best_val_loss": 0.056405209004879,
  "best_val_metrics": {
    "mae": 0.2734021645047287,
    "rmse": 0.3292912495484088,
    "rms": 0.3292912495484088,
    "r2": 0.795550142812119,
    "bias": -0.23544803887041088,
    "mape_pct": 727.7190475143361,
    "n_samples": 5580
  },
  "n_epochs_ran": 65,
  "stop_reason": "early_stopping",
  "model_type": "tcn",
  "loss": "huber",
  "learning_rate": 0.001,
  "dropout": 0.2
}