{
  "fold_name": "loso_val_20",
  "val_subject_id": "20",
  "train_subject_ids": [
    "02",
    "03",
    "08",
    "09",
    "12",
    "13",
    "14",
    "15",
    "16",
    "17",
    "18",
    "19",
    "21",
    "22",
    "25",
    "27",
    "28",
    "29"
  ],
  "best_epoch": 50,
  "best_val_loss": 0.06484197825193405,
  "best_val_metrics": {
    "mae": 0.262602487246113,
    "rmse": 0.3241844291825967,
    "rms": 0.3241844291825967,
    "r2": 0.824057467566049,
    "bias": -0.020932851546664702,
    "mape_pct": 104.30339807372968,
    "n_samples": 3840
  },
  "n_epochs_ran": 80,
  "stop_reason": "early_stopping",
  "model_type": "cnn1d",
  "loss": "huber",
  "learning_rate": 0.001,
  "dropout": 0.1
}