{
  "fold_name": "loso_val_18",
  "val_subject_id": "18",
  "train_subject_ids": [
    "02",
    "03",
    "08",
    "09",
    "12",
    "13",
    "14",
    "15",
    "16",
    "17",
    "19",
    "20",
    "21",
    "22",
    "25",
    "27",
    "28",
    "29"
  ],
  "best_epoch": 17,
  "best_val_loss": 0.2231942154467106,
  "best_val_metrics": {
    "mae": 0.37608634138377206,
    "rmse": 0.45326235945716364,
    "rms": 0.45326235945716364,
    "r2": 0.6132793138984983,
    "bias": 0.3424458048411853,
    "mape_pct": 278.1972065101705,
    "n_samples": 18150
  },
  "n_epochs_ran": 47,
  "stop_reason": "early_stopping",
  "model_type": "tcn",
  "loss": "mse",
  "learning_rate": 0.001,
  "dropout": 0.1
}