{
  "fold_name": "loso_val_14",
  "val_subject_id": "14",
  "train_subject_ids": [
    "02",
    "03",
    "08",
    "09",
    "12",
    "13",
    "15",
    "16",
    "17",
    "18",
    "19",
    "20",
    "21",
    "22",
    "25",
    "27",
    "28",
    "29"
  ],
  "best_epoch": 17,
  "best_val_loss": 0.5861117740472158,
  "best_val_metrics": {
    "mae": 0.926382280769834,
    "rmse": 1.030692497189631,
    "rms": 1.030692497189631,
    "r2": 0.08613691560597614,
    "bias": 0.8929560421893161,
    "mape_pct": 228.96561095183344,
    "n_samples": 12240
  },
  "n_epochs_ran": 47,
  "stop_reason": "early_stopping",
  "model_type": "tcn",
  "loss": "huber",
  "learning_rate": 0.001,
  "dropout": 0.2
}