{
  "fold_name": "loso_val_19",
  "val_subject_id": "19",
  "train_subject_ids": [
    "02",
    "03",
    "08",
    "09",
    "12",
    "13",
    "14",
    "15",
    "16",
    "17",
    "18",
    "20",
    "21",
    "22",
    "25",
    "27",
    "28",
    "29"
  ],
  "best_epoch": 6,
  "best_val_loss": 0.5948693007230759,
  "best_val_metrics": {
    "mae": 0.6374895342809234,
    "rmse": 0.7565121533186242,
    "rms": 0.7565121533186242,
    "r2": 0.44364335959012247,
    "bias": 0.10751792393550869,
    "mape_pct": 105.97692428502887,
    "n_samples": 18900
  },
  "n_epochs_ran": 36,
  "stop_reason": "early_stopping",
  "model_type": "tcn",
  "loss": "mse",
  "learning_rate": 0.001,
  "dropout": 0.1
}