{
  "fold_name": "loso_val_08",
  "val_subject_id": "08",
  "train_subject_ids": [
    "02",
    "03",
    "09",
    "12",
    "13",
    "14",
    "15",
    "16",
    "17",
    "18",
    "19",
    "20",
    "21",
    "22",
    "25",
    "27",
    "28",
    "29"
  ],
  "best_epoch": 36,
  "best_val_loss": 0.06597820669412613,
  "best_val_metrics": {
    "mae": 0.2875576992191363,
    "rmse": 0.35843997693027485,
    "rms": 0.35843997693027485,
    "r2": 0.851029686612305,
    "bias": -0.2094621458157078,
    "mape_pct": 112.57483138216608,
    "n_samples": 13920
  },
  "n_epochs_ran": 66,
  "stop_reason": "early_stopping",
  "model_type": "cnn1d",
  "loss": "huber",
  "learning_rate": 0.001,
  "dropout": 0.1
}