{
  "fold_name": "loso_val_13",
  "val_subject_id": "13",
  "train_subject_ids": [
    "02",
    "03",
    "08",
    "09",
    "12",
    "14",
    "15",
    "16",
    "17",
    "18",
    "19",
    "20",
    "21",
    "22",
    "25",
    "27",
    "28",
    "29"
  ],
  "best_epoch": 5,
  "best_val_loss": 0.5903733186423779,
  "best_val_metrics": {
    "mae": 0.5758049886625245,
    "rmse": 0.7466201134397297,
    "rms": 0.7466201134397297,
    "r2": 0.6377832766243919,
    "bias": -0.45655514213330395,
    "mape_pct": 251.50861114659423,
    "n_samples": 18600
  },
  "n_epochs_ran": 35,
  "stop_reason": "early_stopping",
  "model_type": "tcn",
  "loss": "mse",
  "learning_rate": 0.001,
  "dropout": 0.1
}