{
  "fold_name": "loso_val_08",
  "val_subject_id": "08",
  "train_subject_ids": [
    "02",
    "03",
    "09",
    "12",
    "13",
    "14",
    "15",
    "16",
    "17",
    "18",
    "19",
    "20",
    "21",
    "22",
    "25",
    "27",
    "28",
    "29"
  ],
  "best_epoch": 31,
  "best_val_loss": 0.11700931563973427,
  "best_val_metrics": {
    "mae": 0.2696724151012029,
    "rmse": 0.33785587361506664,
    "rms": 0.33785587361506664,
    "r2": 0.8692101239750566,
    "bias": -0.14592657379857354,
    "mape_pct": 108.72296782582855,
    "n_samples": 18150
  },
  "n_epochs_ran": 61,
  "stop_reason": "early_stopping",
  "model_type": "tcn",
  "loss": "mse",
  "learning_rate": 0.001,
  "dropout": 0.1
}