{
  "fold_name": "loso_val_02",
  "val_subject_id": "02",
  "train_subject_ids": [
    "03",
    "08",
    "09",
    "12",
    "13",
    "14",
    "15",
    "16",
    "17",
    "18",
    "19",
    "20",
    "21",
    "22",
    "25",
    "27",
    "28",
    "29"
  ],
  "best_epoch": 51,
  "best_val_loss": 0.06457210332155228,
  "best_val_metrics": {
    "mae": 0.2886637014462677,
    "rmse": 0.35226732536772315,
    "rms": 0.35226732536772315,
    "r2": 0.7964852522844981,
    "bias": 0.24823009049646014,
    "mape_pct": 179.65283291941563,
    "n_samples": 14400
  },
  "n_epochs_ran": 81,
  "stop_reason": "early_stopping",
  "model_type": "cnn1d",
  "loss": "huber",
  "learning_rate": 0.001,
  "dropout": 0.2
}