{
  "fold_name": "loso_val_09",
  "val_subject_id": "09",
  "train_subject_ids": [
    "02",
    "03",
    "08",
    "12",
    "13",
    "14",
    "15",
    "16",
    "17",
    "18",
    "19",
    "20",
    "21",
    "22",
    "25",
    "27",
    "28",
    "29"
  ],
  "best_epoch": 9,
  "best_val_loss": 0.18451855331659317,
  "best_val_metrics": {
    "mae": 0.5208421457208352,
    "rmse": 0.5989106108315999,
    "rms": 0.5989106108315999,
    "r2": 0.4805294296629361,
    "bias": 0.4777434239359717,
    "mape_pct": 243.3883602318239,
    "n_samples": 10980
  },
  "n_epochs_ran": 39,
  "stop_reason": "early_stopping",
  "model_type": "tcn",
  "loss": "huber",
  "learning_rate": 0.0005,
  "dropout": 0.2
}