{
  "fold_name": "loso_val_03",
  "val_subject_id": "03",
  "train_subject_ids": [
    "02",
    "08",
    "09",
    "12",
    "13",
    "14",
    "15",
    "16",
    "17",
    "18",
    "19",
    "20",
    "21",
    "22",
    "25",
    "27",
    "28",
    "29"
  ],
  "best_epoch": 17,
  "best_val_loss": 0.1893127541989088,
  "best_val_metrics": {
    "mae": 0.33112146137845094,
    "rmse": 0.4231885316056022,
    "rms": 0.4231885316056022,
    "r2": 0.8532468349882494,
    "bias": -0.14141186739853143,
    "mape_pct": 59.8432750192704,
    "n_samples": 18450
  },
  "n_epochs_ran": 47,
  "stop_reason": "early_stopping",
  "model_type": "tcn",
  "loss": "mse",
  "learning_rate": 0.001,
  "dropout": 0.1
}