{
  "fold_name": "loso_val_03",
  "val_subject_id": "03",
  "train_subject_ids": [
    "02",
    "08",
    "09",
    "12",
    "13",
    "14",
    "15",
    "16",
    "17",
    "18",
    "19",
    "20",
    "21",
    "22",
    "25",
    "27",
    "28",
    "29"
  ],
  "best_epoch": 49,
  "best_val_loss": 0.07064518332481384,
  "best_val_metrics": {
    "mae": 0.27752867310275364,
    "rmse": 0.36512842370160936,
    "rms": 0.36512842370160936,
    "r2": 0.8893915825683835,
    "bias": -0.10281329776496181,
    "mape_pct": 51.2441286320389,
    "n_samples": 14160
  },
  "n_epochs_ran": 79,
  "stop_reason": "early_stopping",
  "model_type": "tcn",
  "loss": "huber",
  "learning_rate": 0.0005,
  "dropout": 0.1
}