{
  "fold_name": "loso_val_09",
  "val_subject_id": "09",
  "train_subject_ids": [
    "02",
    "03",
    "08",
    "12",
    "13",
    "14",
    "15",
    "16",
    "17",
    "18",
    "19",
    "20",
    "21",
    "22",
    "25",
    "27",
    "28",
    "29"
  ],
  "best_epoch": 16,
  "best_val_loss": 0.07967498153448105,
  "best_val_metrics": {
    "mae": 0.31975574771540577,
    "rmse": 0.39094496623989694,
    "rms": 0.39094496623989694,
    "r2": 0.7731403746100256,
    "bias": 0.2662056206340397,
    "mape_pct": 133.16128073130673,
    "n_samples": 7200
  },
  "n_epochs_ran": 46,
  "stop_reason": "early_stopping",
  "model_type": "cnn1d",
  "loss": "huber",
  "learning_rate": 0.001,
  "dropout": 0.2
}