{
  "fold_name": "loso_val_09",
  "val_subject_id": "09",
  "train_subject_ids": [
    "02",
    "03",
    "08",
    "12",
    "13",
    "14",
    "15",
    "16",
    "17",
    "18",
    "19",
    "20",
    "21",
    "22",
    "25",
    "27",
    "28",
    "29"
  ],
  "best_epoch": 33,
  "best_val_loss": 0.12541373074054718,
  "best_val_metrics": {
    "mae": 0.41828683814040946,
    "rmse": 0.4923736572733246,
    "rms": 0.4923736572733246,
    "r2": 0.643025108081506,
    "bias": 0.37900533764449945,
    "mape_pct": 180.2333540626386,
    "n_samples": 5580
  },
  "n_epochs_ran": 63,
  "stop_reason": "early_stopping",
  "model_type": "cnn1d",
  "loss": "huber",
  "learning_rate": 0.001,
  "dropout": 0.1
}