{
  "fold_name": "loso_val_14",
  "val_subject_id": "14",
  "train_subject_ids": [
    "02",
    "03",
    "08",
    "09",
    "12",
    "13",
    "15",
    "16",
    "17",
    "18",
    "19",
    "20",
    "21",
    "22",
    "25",
    "27",
    "28",
    "29"
  ],
  "best_epoch": 15,
  "best_val_loss": 0.6279338498910269,
  "best_val_metrics": {
    "mae": 0.966318736263537,
    "rmse": 1.0748013068232725,
    "rms": 1.0748013068232725,
    "r2": -0.0042140910462138415,
    "bias": 0.9247680043356058,
    "mape_pct": 245.0865278434544,
    "n_samples": 20550
  },
  "n_epochs_ran": 45,
  "stop_reason": "early_stopping",
  "model_type": "tcn",
  "loss": "huber",
  "learning_rate": 0.001,
  "dropout": 0.1
}