{
  "fold_name": "loso_val_09",
  "val_subject_id": "09",
  "train_subject_ids": [
    "02",
    "03",
    "08",
    "12",
    "13",
    "14",
    "15",
    "16",
    "17",
    "18",
    "19",
    "20",
    "21",
    "22",
    "25",
    "27",
    "28",
    "29"
  ],
  "best_epoch": 1,
  "best_val_loss": 0.16752628982067108,
  "best_val_metrics": {
    "mae": 0.47153397404843705,
    "rmse": 0.5781060260015111,
    "rms": 0.5781060260015111,
    "r2": 0.5232102655625631,
    "bias": 0.29777493657221715,
    "mape_pct": 194.5774765007617,
    "n_samples": 5580
  },
  "n_epochs_ran": 31,
  "stop_reason": "early_stopping",
  "model_type": "tcn",
  "loss": "huber",
  "learning_rate": 0.0005,
  "dropout": 0.1
}