{
  "fold_name": "loso_val_14",
  "val_subject_id": "14",
  "train_subject_ids": [
    "02",
    "03",
    "08",
    "09",
    "12",
    "13",
    "15",
    "16",
    "17",
    "18",
    "19",
    "20",
    "21",
    "22",
    "25",
    "27",
    "28",
    "29"
  ],
  "best_epoch": 1,
  "best_val_loss": 0.8695460557937622,
  "best_val_metrics": {
    "mae": 1.1652233449702216,
    "rmse": 1.3604138803018284,
    "rms": 1.3604138803018284,
    "r2": -0.49810990239107955,
    "bias": 1.0729611438031736,
    "mape_pct": 223.35121283258138,
    "n_samples": 7920
  },
  "n_epochs_ran": 31,
  "stop_reason": "early_stopping",
  "model_type": "cnn1d",
  "loss": "huber",
  "learning_rate": 0.001,
  "dropout": 0.2
}