{
  "fold_name": "loso_val_17",
  "val_subject_id": "17",
  "train_subject_ids": [
    "02",
    "03",
    "08",
    "09",
    "12",
    "13",
    "14",
    "15",
    "16",
    "18",
    "19",
    "20",
    "21",
    "22",
    "25",
    "27",
    "28",
    "29"
  ],
  "best_epoch": 19,
  "best_val_loss": 0.13936179131269455,
  "best_val_metrics": {
    "mae": 0.26318533388085436,
    "rmse": 0.3532954923591113,
    "rms": 0.3532954923591113,
    "r2": 0.8135688852490622,
    "bias": -0.16953929387457276,
    "mape_pct": 84.0287590723061,
    "n_samples": 18150
  },
  "n_epochs_ran": 49,
  "stop_reason": "early_stopping",
  "model_type": "tcn",
  "loss": "mse",
  "learning_rate": 0.001,
  "dropout": 0.1
}