{
  "fold_name": "loso_val_02",
  "val_subject_id": "02",
  "train_subject_ids": [
    "03",
    "08",
    "09",
    "12",
    "13",
    "14",
    "15",
    "16",
    "17",
    "18",
    "19",
    "20",
    "21",
    "22",
    "25",
    "27",
    "28",
    "29"
  ],
  "best_epoch": 19,
  "best_val_loss": 0.08924487978219986,
  "best_val_metrics": {
    "mae": 0.33101617319609633,
    "rmse": 0.417064445717209,
    "rms": 0.417064445717209,
    "r2": 0.7247685579913394,
    "bias": 0.14663524574499914,
    "mape_pct": 135.8679794253736,
    "n_samples": 7200
  },
  "n_epochs_ran": 49,
  "stop_reason": "early_stopping",
  "model_type": "tcn",
  "loss": "huber",
  "learning_rate": 0.0005,
  "dropout": 0.2
}