{
  "fold_name": "loso_val_03",
  "val_subject_id": "03",
  "train_subject_ids": [
    "02",
    "08",
    "09",
    "12",
    "13",
    "14",
    "15",
    "16",
    "17",
    "18",
    "19",
    "20",
    "21",
    "22",
    "25",
    "27",
    "28",
    "29"
  ],
  "best_epoch": 36,
  "best_val_loss": 0.0733628049492836,
  "best_val_metrics": {
    "mae": 0.2865890492552401,
    "rmse": 0.3749114163478905,
    "rms": 0.3749114163478905,
    "r2": 0.8822925778732775,
    "bias": -0.0787476538087022,
    "mape_pct": 55.13864715817638,
    "n_samples": 7560
  },
  "n_epochs_ran": 66,
  "stop_reason": "early_stopping",
  "model_type": "tcn",
  "loss": "huber",
  "learning_rate": 0.001,
  "dropout": 0.1
}