{
  "fold_name": "loso_val_02",
  "val_subject_id": "02",
  "train_subject_ids": [
    "03",
    "08",
    "09",
    "12",
    "13",
    "14",
    "15",
    "16",
    "17",
    "18",
    "19",
    "20",
    "21",
    "22",
    "25",
    "27",
    "28",
    "29"
  ],
  "best_epoch": 28,
  "best_val_loss": 0.08156470209360123,
  "best_val_metrics": {
    "mae": 0.3077795067955075,
    "rmse": 0.3921146938183457,
    "rms": 0.3921146938183457,
    "r2": 0.7468966601481941,
    "bias": 0.19420172756649282,
    "mape_pct": 124.37179626317108,
    "n_samples": 18900
  },
  "n_epochs_ran": 58,
  "stop_reason": "early_stopping",
  "model_type": "tcn",
  "loss": "huber",
  "learning_rate": 0.001,
  "dropout": 0.1
}