{
  "fold_name": "loso_val_03",
  "val_subject_id": "03",
  "train_subject_ids": [
    "02",
    "08",
    "09",
    "12",
    "13",
    "14",
    "15",
    "16",
    "17",
    "18",
    "19",
    "20",
    "21",
    "22",
    "25",
    "27",
    "28",
    "29"
  ],
  "best_epoch": 28,
  "best_val_loss": 0.0692512709647417,
  "best_val_metrics": {
    "mae": 0.289883804240689,
    "rmse": 0.37141943326817384,
    "rms": 0.37141943326817384,
    "r2": 0.8899536953227154,
    "bias": -0.02122499138756803,
    "mape_pct": 65.74997572079923,
    "n_samples": 10980
  },
  "n_epochs_ran": 58,
  "stop_reason": "early_stopping",
  "model_type": "cnn1d",
  "loss": "huber",
  "learning_rate": 0.001,
  "dropout": 0.2
}