{
  "fold_name": "loso_val_29",
  "val_subject_id": "29",
  "train_subject_ids": [
    "02",
    "03",
    "08",
    "09",
    "12",
    "13",
    "14",
    "15",
    "16",
    "17",
    "18",
    "19",
    "20",
    "21",
    "22",
    "25",
    "27",
    "28"
  ],
  "best_epoch": 35,
  "best_val_loss": 0.08595018088817596,
  "best_val_metrics": {
    "mae": 0.20308942422072437,
    "rmse": 0.2821329968279425,
    "rms": 0.2821329968279425,
    "r2": 0.8856255751568206,
    "bias": 0.10402923145867322,
    "mape_pct": 85.85169912078456,
    "n_samples": 18900
  },
  "n_epochs_ran": 65,
  "stop_reason": "early_stopping",
  "model_type": "tcn",
  "loss": "mse",
  "learning_rate": 0.001,
  "dropout": 0.1
}