{
  "fold_name": "loso_val_02",
  "val_subject_id": "02",
  "train_subject_ids": [
    "03",
    "08",
    "09",
    "12",
    "13",
    "14",
    "15",
    "16",
    "17",
    "18",
    "19",
    "20",
    "21",
    "22",
    "25",
    "27",
    "28",
    "29"
  ],
  "best_epoch": 21,
  "best_val_loss": 0.09090599417686462,
  "best_val_metrics": {
    "mae": 0.3243590173932518,
    "rmse": 0.4152787578905367,
    "rms": 0.4152787578905367,
    "r2": 0.7126820683134033,
    "bias": 0.22816589599875625,
    "mape_pct": 129.4201294894977,
    "n_samples": 5580
  },
  "n_epochs_ran": 51,
  "stop_reason": "early_stopping",
  "model_type": "tcn",
  "loss": "huber",
  "learning_rate": 0.0005,
  "dropout": 0.1
}