{
  "fold_name": "loso_val_27",
  "val_subject_id": "27",
  "train_subject_ids": [
    "02",
    "03",
    "08",
    "09",
    "12",
    "13",
    "14",
    "15",
    "16",
    "17",
    "18",
    "19",
    "20",
    "21",
    "22",
    "25",
    "28",
    "29"
  ],
  "best_epoch": 16,
  "best_val_loss": 0.12070869281888008,
  "best_val_metrics": {
    "mae": 0.42753372405653634,
    "rmse": 0.5443760197359125,
    "rms": 0.5443760197359125,
    "r2": 0.654386554940673,
    "bias": -0.2638502721929472,
    "mape_pct": 236.61262422297287,
    "n_samples": 1980
  },
  "n_epochs_ran": 46,
  "stop_reason": "early_stopping",
  "model_type": "tcn",
  "loss": "huber",
  "learning_rate": 0.001,
  "dropout": 0.1
}