{
  "fold_name": "loso_val_08",
  "val_subject_id": "08",
  "train_subject_ids": [
    "02",
    "03",
    "09",
    "12",
    "13",
    "14",
    "15",
    "16",
    "17",
    "18",
    "19",
    "20",
    "21",
    "22",
    "25",
    "27",
    "28",
    "29"
  ],
  "best_epoch": 24,
  "best_val_loss": 0.07449449971318245,
  "best_val_metrics": {
    "mae": 0.3158429598672604,
    "rmse": 0.3811745176776379,
    "rms": 0.3811745176776379,
    "r2": 0.8350681148205967,
    "bias": -0.19697962731521726,
    "mape_pct": 132.823212236274,
    "n_samples": 13920
  },
  "n_epochs_ran": 54,
  "stop_reason": "early_stopping",
  "model_type": "tcn",
  "loss": "huber",
  "learning_rate": 0.001,
  "dropout": 0.1
}