{
  "fold_name": "loso_val_09",
  "val_subject_id": "09",
  "train_subject_ids": [
    "02",
    "03",
    "08",
    "12",
    "13",
    "14",
    "15",
    "16",
    "17",
    "18",
    "19",
    "20",
    "21",
    "22",
    "25",
    "27",
    "28",
    "29"
  ],
  "best_epoch": 9,
  "best_val_loss": 0.42275430634617805,
  "best_val_metrics": {
    "mae": 0.5711410386884727,
    "rmse": 0.6304233341132612,
    "rms": 0.6304233341132612,
    "r2": 0.4209868312393529,
    "bias": 0.5327339344723201,
    "mape_pct": 257.4927249209412,
    "n_samples": 18450
  },
  "n_epochs_ran": 39,
  "stop_reason": "early_stopping",
  "model_type": "tcn",
  "loss": "mse",
  "learning_rate": 0.001,
  "dropout": 0.1
}