{
  "fold_name": "loso_val_14",
  "val_subject_id": "14",
  "train_subject_ids": [
    "02",
    "03",
    "08",
    "09",
    "12",
    "13",
    "15",
    "16",
    "17",
    "18",
    "19",
    "20",
    "21",
    "22",
    "25",
    "27",
    "28",
    "29"
  ],
  "best_epoch": 1,
  "best_val_loss": 0.703166663646698,
  "best_val_metrics": {
    "mae": 1.030384124139231,
    "rmse": 1.1842683496439077,
    "rms": 1.1842683496439077,
    "r2": -0.2590181924898449,
    "bias": 0.869523218693589,
    "mape_pct": 145.14179414034356,
    "n_samples": 4320
  },
  "n_epochs_ran": 31,
  "stop_reason": "early_stopping",
  "model_type": "tcn",
  "loss": "huber",
  "learning_rate": 0.001,
  "dropout": 0.2
}