{
  "fold_name": "loso_val_13",
  "val_subject_id": "13",
  "train_subject_ids": [
    "02",
    "03",
    "08",
    "09",
    "12",
    "14",
    "15",
    "16",
    "17",
    "18",
    "19",
    "20",
    "21",
    "22",
    "25",
    "27",
    "28",
    "29"
  ],
  "best_epoch": 4,
  "best_val_loss": 0.26920533925294876,
  "best_val_metrics": {
    "mae": 0.6022991894473548,
    "rmse": 0.7454681473659531,
    "rms": 0.7454681473659531,
    "r2": 0.6451344889155222,
    "bias": -0.4527308445584363,
    "mape_pct": 432.11837134975906,
    "n_samples": 10980
  },
  "n_epochs_ran": 34,
  "stop_reason": "early_stopping",
  "model_type": "tcn",
  "loss": "huber",
  "learning_rate": 0.0005,
  "dropout": 0.2
}