{
  "fold_name": "loso_val_25",
  "val_subject_id": "25",
  "train_subject_ids": [
    "02",
    "03",
    "08",
    "09",
    "12",
    "13",
    "14",
    "15",
    "16",
    "17",
    "18",
    "19",
    "20",
    "21",
    "22",
    "27",
    "28",
    "29"
  ],
  "best_epoch": 1,
  "best_val_loss": 0.2322000116109848,
  "best_val_metrics": {
    "mae": 0.40367216695105035,
    "rmse": 0.47561894363141827,
    "rms": 0.47561894363141827,
    "r2": 0.5568061447118917,
    "bias": -0.060066230320706966,
    "mape_pct": 114.26540423124023,
    "n_samples": 18750
  },
  "n_epochs_ran": 31,
  "stop_reason": "early_stopping",
  "model_type": "tcn",
  "loss": "mse",
  "learning_rate": 0.001,
  "dropout": 0.1
}