{
  "fold_name": "loso_val_18",
  "val_subject_id": "18",
  "train_subject_ids": [
    "02",
    "03",
    "08",
    "09",
    "12",
    "13",
    "14",
    "15",
    "16",
    "17",
    "19",
    "20",
    "21",
    "22",
    "25",
    "27",
    "28",
    "29"
  ],
  "best_epoch": 49,
  "best_val_loss": 0.12068588845431805,
  "best_val_metrics": {
    "mae": 0.38050059044805484,
    "rmse": 0.47429092645034937,
    "rms": 0.47429092645034937,
    "r2": 0.5710957500758006,
    "bias": 0.34673503119326593,
    "mape_pct": 227.39072492653384,
    "n_samples": 18150
  },
  "n_epochs_ran": 79,
  "stop_reason": "early_stopping",
  "model_type": "tcn",
  "loss": "huber",
  "learning_rate": 0.001,
  "dropout": 0.1
}