{
  "fold_name": "loso_val_21",
  "val_subject_id": "21",
  "train_subject_ids": [
    "02",
    "03",
    "08",
    "09",
    "12",
    "13",
    "14",
    "15",
    "16",
    "17",
    "18",
    "19",
    "20",
    "22",
    "25",
    "27",
    "28",
    "29"
  ],
  "best_epoch": 57,
  "best_val_loss": 0.10784553177654743,
  "best_val_metrics": {
    "mae": 0.3480398377046486,
    "rmse": 0.4527801389327806,
    "rms": 0.4527801389327806,
    "r2": 0.707953704133637,
    "bias": -0.24411030835555916,
    "mape_pct": 232.1555451907542,
    "n_samples": 18600
  },
  "n_epochs_ran": 87,
  "stop_reason": "early_stopping",
  "model_type": "tcn",
  "loss": "huber",
  "learning_rate": 0.001,
  "dropout": 0.1
}