{
  "fold_name": "loso_val_12",
  "val_subject_id": "12",
  "train_subject_ids": [
    "02",
    "03",
    "08",
    "09",
    "13",
    "14",
    "15",
    "16",
    "17",
    "18",
    "19",
    "20",
    "21",
    "22",
    "25",
    "27",
    "28",
    "29"
  ],
  "best_epoch": 28,
  "best_val_loss": 0.14429399743676186,
  "best_val_metrics": {
    "mae": 0.42345765013732795,
    "rmse": 0.533529817791699,
    "rms": 0.533529817791699,
    "r2": 0.3622769437286011,
    "bias": -0.1300801182220813,
    "mape_pct": 539.1397809275253,
    "n_samples": 18000
  },
  "n_epochs_ran": 58,
  "stop_reason": "early_stopping",
  "model_type": "tcn",
  "loss": "huber",
  "learning_rate": 0.001,
  "dropout": 0.1
}