{
  "fold_name": "loso_val_09",
  "val_subject_id": "09",
  "train_subject_ids": [
    "02",
    "03",
    "08",
    "12",
    "13",
    "14",
    "15",
    "16",
    "17",
    "18",
    "19",
    "20",
    "21",
    "22",
    "25",
    "27",
    "28",
    "29"
  ],
  "best_epoch": 11,
  "best_val_loss": 0.4750054329633713,
  "best_val_metrics": {
    "mae": 0.6070163789809604,
    "rmse": 0.6725684197761256,
    "rms": 0.6725684197761256,
    "r2": 0.3403237302227362,
    "bias": 0.5779019797443057,
    "mape_pct": 262.1437710452332,
    "n_samples": 18450
  },
  "n_epochs_ran": 41,
  "stop_reason": "early_stopping",
  "model_type": "tcn",
  "loss": "mse",
  "learning_rate": 0.001,
  "dropout": 0.1
}