{
  "fold_name": "loso_val_17",
  "val_subject_id": "17",
  "train_subject_ids": [
    "02",
    "03",
    "08",
    "09",
    "12",
    "13",
    "14",
    "15",
    "16",
    "18",
    "19",
    "20",
    "21",
    "22",
    "25",
    "27",
    "28",
    "29"
  ],
  "best_epoch": 61,
  "best_val_loss": 0.09059173613786697,
  "best_val_metrics": {
    "mae": 0.29850746141432866,
    "rmse": 0.4116614606453662,
    "rms": 0.4116614606453662,
    "r2": 0.7449097314624451,
    "bias": -0.1316967653098345,
    "mape_pct": 101.97462138057143,
    "n_samples": 1920
  },
  "n_epochs_ran": 91,
  "stop_reason": "early_stopping",
  "model_type": "tcn",
  "loss": "huber",
  "learning_rate": 0.001,
  "dropout": 0.1
}